-- --------------------------------------------------------
-- Hôte :                        35.205.127.92
-- Version du serveur:           5.7.14-google-log - (Google)
-- SE du serveur:                Linux
-- HeidiSQL Version:             9.5.0.5196
-- --------------------------------------------------------

/*!40101 SET @OLD_CHARACTER_SET_CLIENT=@@CHARACTER_SET_CLIENT */;
/*!40101 SET NAMES utf8 */;
/*!50503 SET NAMES utf8mb4 */;
/*!40014 SET @OLD_FOREIGN_KEY_CHECKS=@@FOREIGN_KEY_CHECKS, FOREIGN_KEY_CHECKS=0 */;
/*!40101 SET @OLD_SQL_MODE=@@SQL_MODE, SQL_MODE='NO_AUTO_VALUE_ON_ZERO' */;


-- Export de la structure de la base pour CERCLE
DROP DATABASE IF EXISTS `CERCLE`;
CREATE DATABASE IF NOT EXISTS `CERCLE` /*!40100 DEFAULT CHARACTER SET latin1 */;
USE `CERCLE`;

-- Export de la structure de la table CERCLE. COACHSPAYMENTS
DROP TABLE IF EXISTS `COACHSPAYMENTS`;
CREATE TABLE IF NOT EXISTS `COACHSPAYMENTS` (
  `ID` int(11) NOT NULL AUTO_INCREMENT,
  `MemberID` int(11) NOT NULL,
  `Month` varchar(200) DEFAULT NULL,
  `Lessons` int(11) DEFAULT NULL,
  `Pay` int(11) DEFAULT NULL,
  `Amount` decimal(10,2) DEFAULT NULL,
  `Date` date DEFAULT NULL,
  `Comment` varchar(200) DEFAULT NULL,
  PRIMARY KEY (`ID`),
  KEY `FK_MEMBER` (`MemberID`),
  CONSTRAINT `FK_MEMBER` FOREIGN KEY (`MemberID`) REFERENCES `MEMBERS` (`ID`)
) ENGINE=InnoDB AUTO_INCREMENT=79 DEFAULT CHARSET=utf8;

-- Export de données de la table CERCLE.COACHSPAYMENTS : ~78 rows (environ)
DELETE FROM `COACHSPAYMENTS`;
/*!40000 ALTER TABLE `COACHSPAYMENTS` DISABLE KEYS */;
INSERT INTO `COACHSPAYMENTS` (`ID`, `MemberID`, `Month`, `Lessons`, `Pay`, `Amount`, `Date`, `Comment`) VALUES
	(1, 130, 'Septembre', 4, 25, 100.00, '2017-10-11', NULL),
	(2, 129, 'Septembre', 11, 25, 275.00, '2017-10-01', NULL),
	(3, 131, 'Septembre', 3, 30, 90.00, '2017-10-20', NULL),
	(4, 129, 'Octobre', 12, 25, 300.00, '2017-11-01', NULL),
	(5, 130, 'Octobre', 3, 25, 75.00, '2017-11-07', NULL),
	(6, 132, 'Octobre', 9, 25, 225.00, '2017-11-07', NULL),
	(7, 131, 'Octobre', 5, 30, 150.00, '2017-11-11', NULL),
	(8, 131, 'Novembre', 3, 30, 90.00, '2017-12-01', NULL),
	(9, 132, 'Novembre', 8, 25, 200.00, '2017-12-02', NULL),
	(10, 130, 'Novembre', 2, 25, 50.00, '2017-12-05', NULL),
	(11, 130, 'Decembre', 3, 25, 75.00, '2017-12-21', NULL),
	(12, 132, 'Decembre', 6, 25, 150.00, '2017-12-21', NULL),
	(13, 129, 'Decembre', 4, 25, 100.00, '2017-12-21', NULL),
	(14, 131, 'Decembre', 4, 30, 120.00, '2017-12-24', NULL),
	(15, 132, 'Janvier', 5, 25, 125.00, '2018-02-06', NULL),
	(16, 130, 'Janvier', 5, 25, 125.00, '2018-02-08', NULL),
	(17, 129, 'Janvier', 12, 25, 300.00, '2018-02-11', NULL),
	(18, 131, 'Janvier', 3, 30, 90.00, '2018-02-16', NULL),
	(19, 129, 'Fevrier', 9, 25, 225.00, '2018-03-07', NULL),
	(20, 130, 'Fevrier', 2, 25, 50.00, '2018-03-08', NULL),
	(21, 131, 'Fevrier', 3, 30, 90.00, '2018-03-10', NULL),
	(22, 132, 'Fevrier', 2, 25, 50.00, '2018-03-12', NULL),
	(23, 130, 'Mars', 3, 25, 75.00, '2018-04-10', NULL),
	(24, 129, 'Mars', 9, 25, 225.00, '2018-04-10', NULL),
	(25, 131, 'Mars', 3, 30, 90.00, '2018-04-12', NULL),
	(26, 132, 'Mars', 7, 25, 175.00, '2018-04-17', NULL),
	(27, 132, 'Avril', 6, 25, 150.00, '2018-05-09', NULL),
	(28, 129, 'Avril', 3, 25, 75.00, '2018-05-10', NULL),
	(29, 131, 'Avril', 4, 30, 120.00, '2018-05-11', NULL),
	(30, 130, 'Avril', 6, 25, 150.00, '2018-05-15', NULL),
	(31, 129, 'Mai', 8, 25, 200.00, '2018-06-07', NULL),
	(32, 130, 'Mai', 2, 25, 50.00, '2018-06-07', NULL),
	(33, 132, 'Mai', 6, 25, 150.00, '2018-06-16', NULL),
	(34, 131, 'Mai', 4, 30, 120.00, '2018-06-16', NULL),
	(35, 131, 'juin', 3, 30, 90.00, '2018-06-16', NULL),
	(36, 202, 'juin', 4, 25, 100.00, '2018-06-19', NULL),
	(37, 132, 'juin', 3, 25, 75.00, '2018-07-07', NULL),
	(38, 129, 'Juin', 7, 25, 175.00, '2018-07-09', NULL),
	(39, 130, 'juin', 2, 25, 50.00, '2018-07-17', NULL),
	(40, 132, 'Juillet', 4, 25, 100.00, '2018-09-04', NULL),
	(41, 129, 'Juillet', 4, 25, 100.00, '2018-09-04', NULL),
	(42, 130, 'Juillet', 2, 25, 50.00, '2018-09-11', NULL),
	(43, 130, 'aout', 7, 25, 175.00, '2018-09-11', NULL),
	(44, 130, 'Septembre', 4, 25, 100.00, '2018-10-10', NULL),
	(45, 255, 'Septembre', 2, 30, 60.00, '2018-10-10', NULL),
	(46, 132, 'Septembre', 3, 25, 75.00, '2018-10-10', NULL),
	(47, 202, 'Septembre', 3, 25, 75.00, '2018-10-10', NULL),
	(48, 131, 'Septembre', 4, 30, 120.00, '2018-10-11', NULL),
	(49, 131, 'Octobre', 3, 30, 90.00, '2018-11-03', NULL),
	(50, 255, 'Octobre', 2, 30, 60.00, '2018-11-03', NULL),
	(51, 130, 'Octobre', 6, 25, 150.00, '2018-11-07', NULL),
	(52, 202, 'Octobre', 4, 25, 100.00, '2018-11-07', NULL),
	(53, 132, 'octobre', 3, 25, 75.00, '2018-11-08', NULL),
	(54, 131, 'Novembre', 2, 30, 60.00, '2018-11-30', NULL),
	(55, 130, 'Novembre', 3, 25, 75.00, '2018-11-30', NULL),
	(56, 255, 'Novembre', 3, 30, 90.00, '2018-12-01', NULL),
	(57, 202, 'Novembre', 4, 25, 100.00, '2018-12-01', NULL),
	(58, 132, 'Novembre', 4, 25, 100.00, '2018-12-06', NULL),
	(59, 255, 'decembre', 2, 30, 60.00, '2018-12-31', NULL),
	(60, 202, 'decembre', 3, 25, 75.00, '2018-12-31', NULL),
	(61, 130, 'decembre', 4, 25, 100.00, '2018-12-31', NULL),
	(62, 131, 'decembre', 4, 30, 120.00, '2019-01-04', NULL),
	(63, 132, 'decembre', 1, 25, 25.00, '2019-01-08', NULL),
	(64, 130, 'Janvier', 2, 25, 50.00, '2019-02-01', NULL),
	(65, 202, 'Janvier', 4, 25, 100.00, '2019-02-01', NULL),
	(66, 255, 'Janvier', 3, 30, 90.00, '2019-02-01', NULL),
	(67, 132, 'Janvier', 4, 25, 100.00, '2019-02-14', NULL),
	(68, 131, 'Janvier', 2, 30, 60.00, '2019-02-15', NULL),
	(69, 202, 'Fevrier', 4, 25, 100.00, '2019-03-03', NULL),
	(70, 255, 'fevrier', 3, 30, 90.00, '2019-03-03', NULL),
	(71, 130, 'fevrier', 4, 25, 150.00, '2019-03-04', '+50E CP eddy'),
	(72, 131, 'Fevrier', 3, 30, 90.00, '2019-03-04', NULL),
	(73, 132, 'Fevrier', 3, 25, 75.00, '2019-03-12', NULL),
	(74, 202, 'Mars', 4, 25, 100.00, '2019-04-02', NULL),
	(75, 255, 'Mars', 2, 30, 60.00, '2019-04-02', NULL),
	(76, 131, 'mars', 5, 30, 150.00, '2019-04-02', NULL),
	(77, 130, 'mars', 3, 25, 120.00, '2019-04-03', '+45E CP eddy'),
	(78, 132, 'mars', 3, 25, 75.00, '2019-04-09', '');
/*!40000 ALTER TABLE `COACHSPAYMENTS` ENABLE KEYS */;

-- Export de la structure de la table CERCLE. DOJO
DROP TABLE IF EXISTS `DOJO`;
CREATE TABLE IF NOT EXISTS `DOJO` (
  `ID` int(11) NOT NULL AUTO_INCREMENT,
  `Name` varchar(20) NOT NULL,
  `Surface` int(11) DEFAULT NULL,
  PRIMARY KEY (`ID`)
) ENGINE=InnoDB AUTO_INCREMENT=4 DEFAULT CHARSET=utf8;

-- Export de données de la table CERCLE.DOJO : ~3 rows (environ)
DELETE FROM `DOJO`;
/*!40000 ALTER TABLE `DOJO` DISABLE KEYS */;
INSERT INTO `DOJO` (`ID`, `Name`, `Surface`) VALUES
	(1, 'Petite Salle du bas', 30),
	(2, 'Principale', 80),
	(3, 'Salle du haut', 50);
/*!40000 ALTER TABLE `DOJO` ENABLE KEYS */;

-- Export de la structure de la table CERCLE. MEMBERS
DROP TABLE IF EXISTS `MEMBERS`;
CREATE TABLE IF NOT EXISTS `MEMBERS` (
  `ID` int(11) NOT NULL AUTO_INCREMENT,
  `Firstname` varchar(200) NOT NULL,
  `Lastname` varchar(200) NOT NULL,
  `Enddate` date NOT NULL,
  `CreationDate` date NOT NULL,
  `Belt` enum('white','blue','purple','brown','black') NOT NULL,
  `stripe` tinyint(4) NOT NULL,
  `Gender` enum('M','F') NOT NULL,
  `Comment` text CHARACTER SET latin1,
  `Job` varchar(200) DEFAULT NULL,
  `Mail` varchar(200) DEFAULT NULL,
  `Phone` varchar(200) DEFAULT NULL,
  `Address` varchar(200) DEFAULT NULL,
  `Facebook` varchar(200) DEFAULT NULL,
  `Child` tinyint(4) NOT NULL,
  `Alert` tinyint(4) NOT NULL,
  `FullYear` tinyint(4) NOT NULL,
  `Coach` tinyint(4) NOT NULL,
  `Competitor` tinyint(4) NOT NULL,
  `AboID` int(11) DEFAULT NULL,
  `PrivateID` int(11) DEFAULT NULL,
  PRIMARY KEY (`ID`),
  UNIQUE KEY `uq_MEMBERS` (`Firstname`,`Lastname`),
  KEY `FK_ABO` (`AboID`),
  KEY `FK_PRIVATE` (`PrivateID`),
  CONSTRAINT `FK_ABO` FOREIGN KEY (`AboID`) REFERENCES `PLANS` (`ID`),
  CONSTRAINT `FK_PRIVATE` FOREIGN KEY (`PrivateID`) REFERENCES `PLANS` (`ID`)
) ENGINE=InnoDB AUTO_INCREMENT=333 DEFAULT CHARSET=utf8;

-- Export de données de la table CERCLE.MEMBERS : ~287 rows (environ)
DELETE FROM `MEMBERS`;
/*!40000 ALTER TABLE `MEMBERS` DISABLE KEYS */;
INSERT INTO `MEMBERS` (`ID`, `Firstname`, `Lastname`, `Enddate`, `CreationDate`, `Belt`, `stripe`, `Gender`, `Comment`, `Job`, `Mail`, `Phone`, `Address`, `Facebook`, `Child`, `Alert`, `FullYear`, `Coach`, `Competitor`, `AboID`, `PrivateID`) VALUES
	(1, 'David', 'GAUTHIER', '0001-01-01', '2017-09-14', 'purple', 3, 'M', '', 'prof d\'EPS', 'david321contact@yahoo.fr', '', '', '', 0, 0, 1, 0, 0, 1, NULL),
	(2, 'Raphael', 'ARIE', '0001-01-01', '2017-09-05', 'purple', 0, 'M', '', '', 'raphael.arie@gmail.com', '', '', '', 0, 0, 1, 0, 1, 1, NULL),
	(3, 'Zacharie', 'ATTALI', '2018-10-17', '2017-10-17', 'white', 0, 'M', 'Vient de débuter', '', 'zachaattali@gmail.com', '', '', '', 0, 0, 1, 0, 0, NULL, NULL),
	(4, 'Eddy', 'BARCLAY', '0001-01-01', '2017-09-18', 'blue', 0, 'M', 'En attente de 2 cheques que j\'ai donné à Kelly -> Récupérés le 09/11/2017 -> anciens cheques déchirés le 19/12', '', 'tacos972@hotmail.com', '', '', '', 0, 0, 1, 0, 1, 1, NULL),
	(6, 'Frederique', 'BARDEY', '2018-09-26', '2017-10-02', 'white', 0, 'M', 'référencé en remy au cercle?', '', '', '', '', '', 0, 0, 1, 0, 0, NULL, NULL),
	(7, 'John', 'BARFF', '2017-10-05', '2017-09-05', 'white', 0, 'M', '', '', '', '', '', '', 0, 0, 0, 0, 0, NULL, NULL),
	(8, 'Didier', 'BARRAUD', '2019-09-15', '2017-09-15', 'black', 0, 'M', 'Son fils est aussi inscrit mais on lui a fait cadeau du paiement', '', 'didier.isa.barraud@gmail.com', '', '', '', 0, 0, 1, 1, 0, NULL, NULL),
	(9, 'Zoe', 'BENICHOU', '2019-09-28', '2017-09-28', 'white', 0, 'F', '', '', '', '', '', '', 1, 0, 1, 0, 0, NULL, NULL),
	(10, 'Sebastien', 'BIDAULT', '0001-01-01', '2017-09-12', 'white', 1, 'M', '', '', 'seb.bidault@hotmail.fr', '', '', '', 0, 0, 1, 0, 0, 1, NULL),
	(11, 'Farid', 'BOUHAZEM', '2018-09-12', '2017-05-10', 'brown', 0, 'M', '', '', '', '', '', '', 0, 0, 1, 0, 0, NULL, NULL),
	(12, 'Julien', 'BOURGEOIS', '2018-09-15', '2017-09-15', 'white', 0, 'M', '', '', 'julien.mns@gmail.com', '', '', '', 0, 0, 1, 0, 0, NULL, NULL),
	(13, 'Gauthier', 'BRYSBAERT', '2018-09-11', '2017-06-01', 'white', 0, 'M', '', 'Scientist à polytechnique apparement', 'gauthierbr@hotmail.com', '', '', '', 0, 0, 1, 0, 0, NULL, NULL),
	(15, 'Sacha', 'BUKASSA', '2017-10-29', '2017-09-14', 'white', 0, 'M', 'A demandé le remboursement....Puis se l\'est fait remboursé, je lui ai rendu un cheque', '', NULL, NULL, NULL, NULL, 1, 0, 1, 0, 0, NULL, NULL),
	(16, 'Corentin', 'CAHEN', '0001-01-01', '2017-10-05', 'white', 1, 'M', '', '', 'corentin.cahen@gmail.com', '', '', '', 0, 0, 1, 0, 0, 1, NULL),
	(17, 'Sarah', 'CASSESE', '0001-01-01', '2017-09-25', 'blue', 0, 'F', '', '', 'sylvie.casses@sfr.fr', '', '', '', 1, 0, 1, 0, 1, 3, NULL),
	(18, 'Thomas', 'CASTAN', '0001-01-01', '2017-09-25', 'white', 0, 'M', 'Collèque de sylvain', 'Dans le service/evenementiel', 'thomascastan@hotmail.fr', '', '90 rue du petit chateau, Charenton le pont, 94220', '', 0, 0, 1, 0, 0, 1, NULL),
	(19, 'Pierre', 'CHAMBON', '2018-10-05', '2017-10-05', 'white', 0, 'M', '2 disciplines', '', 'chambon.pierre@gmail.com', '', '', '', 0, 0, 1, 0, 0, NULL, NULL),
	(20, 'Bagdad', 'CHECKRI', '2019-08-23', '2017-09-05', 'brown', 0, 'M', 'tarif special 350 en cash a l\'annee', '', 'Chekry@hotmail.fr', '', '', '', 0, 0, 1, 0, 1, NULL, NULL),
	(21, 'Adrien', 'CHEMINET', '0001-01-01', '2017-09-25', 'white', 0, 'M', '', '', 'adrien.cheminet@gmail.com', '', '30 rue Victor Basch, Vincennes, 94300, FR ', '', 0, 0, 1, 0, 0, 1, NULL),
	(22, 'Cléo', 'CHIMKIEVITCH', '2018-09-28', '2017-09-14', 'white', 0, 'M', '', '', '', '', '', '', 1, 0, 1, 0, 0, NULL, NULL),
	(23, 'Aime', 'CONTI', '2019-12-20', '2017-10-10', 'black', 0, 'M', '', 'Dans les assurances', 'scubafun@hotmail.fr', '', '', '', 0, 0, 1, 0, 0, NULL, NULL),
	(24, 'Ricardo', 'RIBEIRO', '0001-01-01', '2017-05-10', 'blue', 0, 'M', 'blessé au genou le 3/11. Redonne les cheques ou pas?', 'cuisinier', 'ricridj@gmail.com', '', '', '', 0, 0, 1, 0, 0, 1, NULL),
	(25, 'Olivier', 'D\'AMARIO', '2019-09-27', '2017-09-28', 'black', 0, 'M', '', '', '', '', '', '', 0, 0, 1, 0, 0, NULL, NULL),
	(26, 'Christian', 'DEGUIS', '2018-09-05', '2017-09-05', 'white', 0, 'M', 'C\'est quoi ce taro? enfant?', '', '', '', '', '', 0, 0, 1, 0, 0, NULL, NULL),
	(27, 'Mamadou?', 'DJOULFAYAN', '2018-10-16', '2017-10-20', 'white', 0, 'M', 'Rapport avec Mamadou konate? Prenom sebastien sur cfjjb!!', '', '', '', '', '', 0, 0, 1, 0, 0, NULL, NULL),
	(28, 'Fabien', 'DORE', '0001-01-01', '2017-09-07', 'purple', 2, 'M', '', '', 'fabiendore@outlook.fr ', '', '31 rue Laporte , 33200, Bordeaux , FR ', '', 0, 0, 1, 0, 1, 1, NULL),
	(29, 'Raphael', 'DOS SANTOS', '2018-11-09', '2017-09-05', 'blue', 0, 'M', '', '', 'RafiU4@outlook.fr', '', '', '', 0, 0, 1, 0, 1, NULL, NULL),
	(31, 'Eric', 'DRIKES', '0001-01-01', '2017-09-14', 'white', 0, 'M', '', '', 'timbargeot@orange.fr', '', '', '', 0, 0, 1, 0, 0, 1, NULL),
	(32, 'Mickael', 'FERREIRA', '2018-09-21', '2017-09-21', 'white', 0, 'M', '', '', 'ferreiram2410@gmail.com', '', '', '', 0, 0, 1, 0, 0, NULL, NULL),
	(33, 'Brice', 'FIGARO', '2019-10-04', '2017-10-05', 'purple', 0, 'M', '', '', '', '', '', '', 0, 0, 1, 0, 0, NULL, NULL),
	(34, 'Marc Antoine', 'FIGHIERA', '2018-09-12', '2017-09-12', 'blue', 0, 'M', '', 'graphiste je crois', 'MA.FIGHIERA@GMAIL.COM', '', '', '', 0, 0, 1, 0, 0, NULL, NULL),
	(36, 'Florian', 'FONTRIER', '2019-10-25', '2017-09-15', 'white', 1, 'M', '', '', 'fontrier.florian@gmail.com', '', '', '', 0, 0, 1, 0, 0, NULL, NULL),
	(37, 'Jean Paul', 'FOURNET', '2019-09-11', '2017-09-28', 'white', 1, 'M', '', '', 'fournetjeanpaul@gmail.com', '', '17 Rue du General LECLERC 94220 Charenton ', '', 0, 0, 1, 0, 0, NULL, NULL),
	(38, 'Simon', 'FRANQUET', '2019-09-19', '2017-07-11', 'white', 0, 'M', '', '', 'simon.franquet@gmail.com', '', '', '', 0, 0, 1, 0, 0, NULL, NULL),
	(39, 'Bayle', 'GAO', '2018-10-04', '2017-09-25', 'purple', 0, 'M', '', 'ingenieur robotique', '', '', '', '', 0, 0, 1, 0, 1, NULL, NULL),
	(42, 'Julien', 'GAZAVE', '0001-01-01', '2017-09-28', 'white', 0, 'M', '', '', '', '', '', '', 0, 0, 1, 0, 0, 1, NULL),
	(43, 'Yoann', 'GOLESTIN', '2018-03-11', '2017-09-07', 'white', 0, 'M', 'avait donné 5 cheques de 100. S\'est blessé au ligament du coup j\'ai déchiré les 2 derniers cheques et je l\'ai remboursé de 175 E.', '', '', '', '', '', 0, 0, 1, 0, 0, NULL, NULL),
	(44, 'Matias', 'GOURDON', '2019-09-14', '2017-07-18', 'white', 1, 'M', '', '', 'lemail2mathias@gmail.com', '', '', '', 0, 0, 1, 0, 0, NULL, NULL),
	(45, 'Raphael', 'GRESSIN', '2019-10-02', '2017-10-05', 'white', 0, 'M', '', '', '', '', '', '', 1, 0, 1, 0, 0, NULL, NULL),
	(46, 'Jules', 'GRUBO', '2018-10-12', '2017-10-10', 'white', 0, 'M', '', '', '', '', '', '', 0, 0, 1, 0, 0, NULL, NULL),
	(47, 'Adrien', 'HASSID', '2019-09-30', '2017-09-21', 'white', 0, 'M', '', '', '', '', '', '', 1, 0, 1, 0, 0, NULL, NULL),
	(48, 'Dominique', 'JACQUES', '2019-12-13', '2017-10-05', 'blue', 1, 'F', '', '', 'domiminik@yahoo.fr', '', '', '', 0, 0, 1, 0, 0, NULL, NULL),
	(49, 'Sylvain', 'JOLIY', '2018-09-11', '2017-09-12', 'white', 0, 'M', '', '', '', '', '', '', 0, 0, 1, 0, 0, NULL, NULL),
	(50, 'Nabil', 'KADID', '2018-10-05', '2017-10-05', 'white', 0, 'M', '', '', '', '', '', '', 0, 0, 1, 0, 0, NULL, NULL),
	(51, 'Olivier', 'KAZ', '2017-11-20', '2017-10-20', 'white', 0, 'M', '', '', '', '', '', '', 0, 0, 1, 0, 0, NULL, NULL),
	(52, 'Artyom', 'KORMESHOV', '2019-10-17', '2017-06-08', 'white', 3, 'M', '', '', 'artyomkormeshov@hotmail.fr', '', '', '', 0, 0, 1, 0, 0, NULL, NULL),
	(53, 'Vincent', 'LACERENZA', '2019-10-22', '2017-09-25', 'blue', 0, 'M', '', '', 'chat40700@hotmail.fr', '', '', '', 0, 0, 1, 0, 1, NULL, NULL),
	(54, 'Cedric', 'LE FRANC', '0001-01-01', '2017-09-05', 'white', 4, 'M', '', '', 'vadineau@outlook.fr', '', '', '', 0, 0, 1, 0, 0, 1, 16),
	(55, 'Jonas', 'LEBLANC', '0001-01-01', '2017-09-18', 'blue', 1, 'M', '2 disciplines', '', 'jonas.eljojo.leblanc@gmail.com', '', '', '', 0, 0, 1, 0, 0, 12, NULL),
	(56, 'Yohann', 'LES ENFANT', '2019-09-03', '2017-09-07', 'white', 2, 'M', '', '', 'ylesenfant@gmail.com', '', '1 villa de la tourelle 94160 Saint Mande ', '', 0, 0, 1, 0, 0, NULL, NULL),
	(57, 'Gregory', 'LETELLIER', '2019-09-21', '2017-09-27', 'white', 1, 'M', '', '', 'letellier.gr3gory@gmail.com', '', '47 rue Emile Boutrais 94120 FONTENAY-SOUS-BOIS ', '', 0, 0, 1, 0, 0, NULL, NULL),
	(58, 'Raphael', 'LETESSIER', '2019-09-20', '2017-09-18', 'white', 0, 'F', 'argent détourné par le kung fu', '', '', '', '', '', 1, 0, 1, 0, 0, NULL, NULL),
	(59, 'Thomas', 'MACHADO', '2018-09-04', '2017-09-07', 'white', 0, 'M', '', '', 't.alvesmachado@gmail.com', '', '', '', 0, 0, 1, 0, 0, NULL, NULL),
	(61, 'Charles', 'MACQUART MOULIN', '2019-10-17', '2017-09-28', 'white', 0, 'M', 'Blessé pour le mois de novembre, pb aux cotes, s\'entraine surtout les matins', '', 'macquart-moulin.charles@orange.fr', '', '', '', 0, 0, 1, 0, 0, NULL, NULL),
	(62, 'Yann', 'MALARD', '0001-01-01', '2017-09-18', 'purple', 0, 'M', 'rajouter abo adulte', 'notaire', 'yann.malard@paris.notaires.fr', '', '22, avenue de chanzy, saint maur des fossés, 94210', '', 0, 0, 1, 0, 0, 1, NULL),
	(63, 'Marco', 'MARZILLI', '2019-09-03', '2017-09-19', 'brown', 1, 'M', '', 'gérant de restos', 'marco_marzilli@mac.com', '', '28 rue Camille Blanc 94800 Villejuif ', '', 0, 0, 1, 0, 0, NULL, NULL),
	(64, 'Didier', 'MAUS', '2019-11-28', '2017-10-16', 'brown', 0, 'M', '', 'Policier je crois', 'm.didier1@free.fr', '', '', '', 0, 0, 1, 0, 0, NULL, NULL),
	(65, 'Franck', 'NGUYEN', '2019-09-12', '2017-09-07', 'purple', 4, 'M', '', '', 'nguyen.franck@gmx.com', '', '', '', 0, 0, 1, 0, 0, NULL, NULL),
	(66, 'Stephane', 'NGUYEN', '2018-09-11', '2017-07-11', 'blue', 0, 'M', 'Veut faire la compet ibjjf je crois, en attente de licence', '', 'stephanguyen@wanadoo.fr', '', '', '', 0, 0, 1, 0, 1, NULL, NULL),
	(67, 'Nicolas', 'NZAMBA', '2019-11-13', '2017-09-28', 'white', 0, 'M', '', '', '', '', '', '', 0, 0, 1, 0, 0, NULL, NULL),
	(68, 'Noel', 'ONIZKO', '2017-10-14', '2017-09-14', 'white', 0, 'M', '', '', NULL, NULL, NULL, NULL, 0, 0, 1, 0, 0, NULL, NULL),
	(69, 'Alban', 'OUAHAB', '0001-01-01', '2017-09-25', 'blue', 3, 'M', '', 'étudiant / recherche commerce?', 'alban.ouahab@gmail.com', '0673660466', '', '', 0, 0, 1, 0, 1, 1, 7),
	(70, 'Samuel', 'PELLET', '2019-08-31', '2017-09-21', 'white', 0, 'M', 'C\'est quoi son abonnement? enfant?', '', 'marc.pellet26@orange.fr', '', '', '', 0, 0, 1, 0, 0, NULL, NULL),
	(73, 'Emanuel', 'VIEIRA', '0001-01-01', '2017-09-21', 'blue', 0, 'M', '', 'livreur dans les librairies', 'manisnatch@gmail.com', '', '', '', 0, 0, 1, 0, 1, 1, NULL),
	(74, 'Celine', 'PERREARD', '0001-01-01', '2017-09-14', 'white', 0, 'F', '', '', 'perreard.celine@gmail.com', '', '46 rue des orteaux, Paris, 75020', '', 0, 0, 1, 0, 0, 1, NULL),
	(75, 'Jeremy', 'PICOSTE', '2019-11-05', '2017-10-16', 'black', 0, 'M', 'tarif réduit du cercle', '', 'jeremy.picoste@gmail.com', '', '', '', 0, 0, 1, 0, 0, NULL, NULL),
	(76, 'Mirjana', 'POLJAKOVIC', '2018-10-04', '2017-10-05', 'white', 0, 'M', 'Qui est ce derrière??', '', '', '', '', '', 0, 0, 1, 0, 0, NULL, NULL),
	(77, 'François David', 'PUCHEU LASHORES', '2019-10-11', '2017-09-25', 'purple', 2, 'M', '', 'Dans le pétrole?', 'fdpucheu@gmail.com', '', '', '', 0, 0, 1, 0, 0, NULL, NULL),
	(78, 'Vincent', 'PUYDOYEUX', '2018-10-16', '2017-10-20', 'white', 0, 'M', '', '', 'v.puydoyeux@gmail.com', '', '', '', 0, 0, 1, 0, 0, NULL, NULL),
	(79, 'Djamel', 'SAHRAOUI', '2018-09-25', '2017-09-25', 'white', 0, 'M', '', '', 'djamel.sahraoui2587@gmail.com', '', '', '', 0, 0, 1, 0, 0, NULL, NULL),
	(80, 'Mehdi', 'SAIDI', '2018-09-20', '2017-09-21', 'white', 0, 'M', '', '', 'saidi.m@gmail.com', '', '', '', 0, 0, 1, 0, 0, NULL, NULL),
	(81, 'Nelson', 'SILVA', '2019-09-11', '2017-09-14', 'brown', 1, 'M', '', '', 'nelsonsilva@hotmail.fr', '', '', '', 0, 0, 1, 0, 0, NULL, NULL),
	(82, 'Andrei', 'STRUTGNSHGG', '2017-10-14', '2017-09-14', 'white', 0, 'M', 'C\'est quoi son abo a 250 ?', '', NULL, NULL, NULL, NULL, 0, 0, 1, 0, 0, NULL, NULL),
	(83, 'Sylvain', 'TARIN', '2018-10-10', '2017-10-05', 'purple', 0, 'M', '', '', '', '', '', '', 0, 0, 1, 0, 0, NULL, NULL),
	(84, 'Noah', 'TERRONI', '2018-09-21', '2017-09-21', 'white', 0, 'M', '', '', '', '', '', '', 1, 0, 1, 0, 0, NULL, NULL),
	(85, 'Adrien', 'TIREL', '2018-10-20', '2017-10-20', 'white', 0, 'M', 'A demandé pour des CP', '', 'adrienjet@gmail.com', '', '', '', 0, 0, 1, 0, 0, NULL, NULL),
	(86, 'Christophe', 'TROEL', '2018-09-15', '2017-05-10', 'white', 0, 'M', '', '', 'christophe.troel@hotmail.fr', '', '', '', 0, 0, 1, 0, 0, NULL, NULL),
	(87, 'Alexis', 'TRUJILLO', '2019-10-03', '2017-10-02', 'white', 0, 'M', '', '', 'alexis.atrujill@gmail.com', '', '', '', 0, 0, 1, 0, 0, NULL, NULL),
	(88, 'Arthur', 'TSIMI', '2018-09-12', '2017-09-21', 'white', 0, 'M', '', '', '', '', '', '', 0, 0, 1, 0, 0, NULL, NULL),
	(89, 'Yohan', 'VERGNE', '2019-09-07', '2017-09-08', 'blue', 2, 'M', '', '', 'ambulance.adam75@gmail.com', '', '48 rue des bruyères 93260 Les Lilas ', '', 0, 0, 1, 0, 1, NULL, NULL),
	(90, 'Guillaume', 'VIGNE', '2018-10-16', '2017-10-16', 'purple', 0, 'M', '', '', 'guigui83@yahoo.fr', '', '', '', 0, 0, 1, 0, 0, NULL, NULL),
	(91, 'Paul-François', 'YGORRA', '0001-01-01', '2017-05-10', 'blue', 3, 'M', '', '', 'ygorrapf@free.fr', '', '', '', 0, 0, 1, 0, 0, 1, NULL),
	(92, 'Nissim', 'ZERBIB', '2019-09-08', '2017-09-18', 'white', 3, 'M', '', '', 'nissim.zerbib@ens.fr', '', '', '', 0, 0, 1, 0, 0, NULL, NULL),
	(99, 'Ned', 'ALZIEU', '2018-09-19', '2017-09-19', 'white', 0, 'M', 'C\'est quoi son abo? un enfant?', '', 'ned.alzieu@gmail.com', '', '', '', 0, 0, 1, 0, 0, NULL, NULL),
	(100, 'Frederic', 'AMBROISE', '2019-07-04', '2017-06-28', 'blue', 0, 'M', 'Grand martiniquais, inscrit a 2 disciplines, vient de l\'hapkido', '', 'defre2k2@hotmail.com', '', '', '', 0, 0, 1, 0, 1, NULL, NULL),
	(101, 'Jean-Marc', 'BLOMBOU', '0001-01-01', '2017-06-08', 'blue', 0, 'M', 'A repris ses derniers cheques et doit en rendre 2 autres... A priori c\'est bon j\'ai recup le reste en cash', '', 'jmblombou@yahoo.fr', '', '', '', 0, 0, 1, 0, 0, 1, NULL),
	(102, 'Amandine', 'BOUVAT', '2018-05-10', '2017-05-10', 'white', 0, 'F', '', '', '', '', '', '', 0, 0, 1, 0, 0, NULL, NULL),
	(103, 'Manuel', 'BRUN', '2018-05-10', '2017-05-10', 'white', 0, 'M', 'C\'est quoi son abo? enfant', '', '', '', '', '', 0, 0, 1, 0, 0, NULL, NULL),
	(104, 'Aurianne', 'CHARMET', '2017-06-04', '2017-05-10', 'white', 0, 'M', '', '', NULL, NULL, NULL, NULL, 0, 0, 1, 0, 0, NULL, NULL),
	(105, 'Daniel', 'CURVAT', '0001-01-01', '2017-07-11', 'blue', 0, 'M', '', '', 'daniel.curvat@gmail.com,bakidan@hotmail.fr ', '', '8 rue René Cassin, NEUILLY-PLAISANCE, 93360', '', 0, 0, 1, 0, 0, 1, NULL),
	(106, 'Jerome', 'DIVAC', '2018-05-10', '2017-05-10', 'blue', 0, 'M', 'Est parti pour cause de changement de travail et de lieu d\'habitation', '', '', '', '', '', 0, 0, 1, 0, 0, NULL, NULL),
	(107, 'Jorge', 'DO PINHAL', '2019-09-08', '2017-07-18', 'purple', 0, 'M', '', '', 'jorgedopinhal@yahoo.fr', '', '', '', 0, 0, 1, 0, 0, NULL, NULL),
	(108, 'Gwenael', 'HUET', '2020-03-28', '2017-05-10', 'purple', 0, 'M', '', '', 'huetgwenael@gmail.com', '', '', '', 0, 0, 1, 0, 0, NULL, NULL),
	(109, 'Guillaume', 'LE MAUT', '2018-06-01', '2017-06-01', 'white', 0, 'M', 'Enfant?', '', '', '', '', '', 1, 0, 1, 0, 0, NULL, NULL),
	(110, 'Kevin', 'MALGERARD', '0001-01-01', '2017-05-10', 'white', 1, 'M', '', '', 'kevincdf@hotmail.fr', '', '', '', 0, 0, 1, 0, 0, 1, NULL),
	(111, 'Joan', 'MESINELE', '0001-01-01', '2017-05-10', 'white', 3, 'M', '', '', 'angetjoan@hotmail.com', '', '1 Chemin des Coutures , Ivry sur Seine , 94200, FR ', '', 0, 0, 1, 0, 0, 1, NULL),
	(112, 'Moustakima', 'HASSANI', '0001-01-01', '2017-06-01', 'brown', 0, 'M', '', '', 'mhassani@free-infra.fr ', '', '', '', 0, 0, 1, 0, 0, 1, NULL),
	(113, 'Samuel', 'OLIVIER', '2019-05-18', '2017-06-01', 'white', 3, 'M', '', '', 'samuel.olivier.bonte@gmail.com', '', '', '', 0, 0, 1, 0, 0, NULL, NULL),
	(114, 'David', 'THOMAS', '2017-07-01', '2017-06-01', 'white', 0, 'M', '', '', NULL, NULL, NULL, NULL, 0, 0, 1, 0, 0, NULL, NULL),
	(115, 'Moussa', 'TIMERA', '2019-11-07', '2017-05-10', 'purple', 0, 'M', '', '', 'moussa.timera@laposte.net', '', '', '', 0, 0, 1, 0, 0, NULL, NULL),
	(116, 'Alexandre', 'WALLOIS', '0001-01-01', '2017-05-10', 'white', 3, 'M', '', '', 'agpwallois@gmail.com', '', '', '', 0, 0, 1, 0, 0, 1, NULL),
	(120, 'Simon', 'THULEAU', '2018-09-01', '2017-11-09', 'white', 0, 'M', 'Cheque de 500 puis remboursement en cours de 290E. Ca revient a un paiement de 210E..... Pkoi ce remboursement? inactif??', '', 'simon.thuleau@gmail.com', '', '', '', 0, 0, 1, 0, 0, NULL, NULL),
	(121, 'Thomas', 'BISSON', '2020-02-22', '2017-11-09', 'white', 0, 'M', '', '', 'tom64b@gmail.com ', '', '', '', 0, 0, 1, 0, 0, NULL, NULL),
	(122, 'Sofien', 'ZAMITTI', '2017-12-09', '2017-11-09', 'white', 0, 'M', '', '', '', '', '', '', 0, 0, 1, 0, 0, NULL, NULL),
	(123, 'Alessandro', 'ZANNI', '2018-11-09', '2017-11-09', 'black', 0, 'M', 'C\'est quoi sa 2eme discipline à lui?', 'informaticien dans la sécurité', 'zanni.alessandro@gmail.com', '', '', '', 0, 0, 1, 0, 0, NULL, NULL),
	(124, 'Hichem', 'ARFAOUI', '2018-11-09', '2017-11-09', 'white', 0, 'M', 'C\'est quoi ça comme taro 350 en cheque? 2 disciplines j\'imagine', '', 'hichem.a@hotmail.com', '', '', '', 0, 0, 1, 0, 0, NULL, NULL),
	(125, 'Olivier', 'ROINEL', '2018-11-09', '2017-11-09', 'white', 0, 'M', '', '', 'olivierroinel@gmail.com', '', '', '', 0, 0, 1, 0, 0, NULL, NULL),
	(126, 'Martin', 'CZABADAJ', '0001-01-01', '2017-11-09', 'blue', 1, 'M', '', '', 'martin.czabadaj@gmail.com', '', '', '', 0, 0, 1, 0, 1, 1, NULL),
	(127, 'Denis', 'DAVIDKOV', '2017-12-09', '2017-11-09', 'white', 0, 'M', 'Pourquoi j\'ai reçu ce montant et pas 30 E?', '', '', '', '', '', 0, 0, 1, 0, 0, NULL, NULL),
	(128, 'Thibaut', 'OLIVIER', '2019-12-11', '2017-05-01', 'black', 3, 'M', 'Moi', 'Jiu-Jitsu headcoach', 'thibautolivier77@gmail.com', '0675403464', '44 rue faidherbe 78800 HOUILLES', 'https://www.facebook.com/thibautolivier77', 0, 0, 1, 1, 0, NULL, NULL),
	(129, 'François', 'MOLESLAS', '2020-11-11', '2017-05-01', 'black', 0, 'M', '', '', '', '', '', '', 0, 0, 1, 0, 1, NULL, NULL),
	(130, 'Stéphane', 'HENNEQUIN', '2020-11-11', '2017-05-01', 'black', 0, 'M', '', '', 'stephanehennequin@hotmail.com', '', '', '', 0, 0, 1, 1, 1, NULL, NULL),
	(131, 'Etienne', 'GREGOIRE', '2019-12-01', '2017-05-01', 'black', 0, 'M', '', '', 'celine.etienne60@hotmail.fr', '', '', '', 0, 0, 1, 1, 0, NULL, NULL),
	(132, 'Matthieu', 'DELALANDRE', '2019-12-11', '2017-05-01', 'black', 0, 'M', '', '', 'delalandre.matthieu@gmail.com', '', '', '', 0, 0, 1, 1, 0, NULL, NULL),
	(136, 'Jean-Baptiste', 'QUINQUENEL', '2018-11-15', '2017-11-15', 'white', 0, 'M', '2 disciplines j\'imagine', '', '', '', '', '', 0, 0, 1, 0, 0, NULL, NULL),
	(137, 'Julien', 'FARAUT', '2019-11-29', '2017-11-15', 'blue', 0, 'M', '', '', 'jfaraut@hotmail.com', '', '', '', 0, 0, 1, 0, 0, NULL, NULL),
	(138, 'Michel-Ange', 'MATOUBA', '2019-11-13', '2017-11-15', 'blue', 0, 'M', 'kaju premiere discipline', '', 'mmatouba@hotmail.com', '', '', '', 0, 0, 1, 0, 0, NULL, NULL),
	(139, 'Akhmed', 'SALAMOV', '2019-09-18', '2017-12-18', 'blue', 0, 'M', '', '', '', '', '', '', 0, 0, 1, 0, 1, NULL, NULL),
	(142, 'Sylvain', 'DESHORS', '2020-02-12', '2017-12-19', 'white', 3, 'M', '1 jeudi sur 2 à 14h15', 'Chez veolia', 'sdeshors@gmail.com', '0620552437', '', '', 0, 0, 1, 0, 0, NULL, 8),
	(143, 'Brice', 'DONADELLI', '2017-11-20', '2017-05-01', 'brown', 0, 'M', '', '', NULL, NULL, NULL, NULL, 0, 0, 1, 0, 0, NULL, NULL),
	(144, 'Marco', 'GONCALVES', '0001-01-01', '2017-05-01', 'blue', 0, 'M', 'Jeudi 13h30 à 14h15', '', 'marco.romeu@yahoo.com;marco.romeu40@gmail.com', '0610781212', '', '', 0, 0, 1, 0, 1, 1, 9),
	(145, 'Clara', 'CABRERIZO', '2017-11-20', '2017-05-01', 'white', 0, 'F', '', '', NULL, NULL, NULL, NULL, 0, 0, 1, 0, 0, NULL, NULL),
	(146, 'Nicolas', 'DUVAUCHELLE', '2018-11-21', '2017-11-21', 'white', 0, 'M', '', 'Acteur', 'Donduvo@gmail.com', '', '', '', 0, 0, 1, 0, 1, NULL, NULL),
	(147, 'Sebastien', 'LOPES', '2020-01-15', '2017-11-21', 'black', 0, 'M', '', '', '', '', '', '', 0, 0, 1, 0, 0, NULL, NULL),
	(148, 'Denis', 'CEOLIN', '2019-10-17', '2017-11-30', 'blue', 3, 'M', '', 'Chercheur en chimie', 'denis.ceolin@gmail.com', '', '', '', 0, 0, 1, 0, 0, NULL, NULL),
	(149, 'Yohann', 'LY', '2019-12-06', '2017-11-30', 'brown', 0, 'M', '', '', 'yohann.ly@gmail.com', '', '', '', 0, 0, 1, 0, 0, NULL, NULL),
	(150, 'Thibaud', 'DENINGER', '2019-10-09', '2017-11-30', 'blue', 0, 'M', '', 'Policier', 'tdeninger@hotmail.fr', '', '', '', 0, 0, 1, 0, 0, NULL, NULL),
	(152, 'Nicolas', 'MALARD', '2018-11-30', '2017-11-30', 'white', 0, 'M', 'Frere de Yann la ceinture violette', '', '', '', '', '', 0, 0, 1, 0, 0, NULL, NULL),
	(153, 'David', 'DONNINI', '0001-01-01', '2017-11-30', 'white', 3, 'M', '', '', 'davdons@gmail.com', '', '28, avenue de marinville, batiment c, Saint Maur des fossés, 94100', '', 0, 0, 1, 0, 0, 1, NULL),
	(154, 'Juan', 'NERINA', '2018-11-30', '2017-11-30', 'blue', 3, 'M', '', '', 'totochi2i@outlook.fr', '', '', '', 0, 0, 1, 0, 0, NULL, NULL),
	(155, 'Roméo', 'YOMBO-NGUITONGO', '0001-01-01', '2017-12-04', 'purple', 0, 'M', '', '', 'romeo.yombo@gmail.com', '', '', '', 0, 0, 1, 0, 0, 1, NULL),
	(156, 'Hennaddig', 'HORSKYY', '0001-01-01', '2017-12-07', 'white', 3, 'M', 'ukrainien prof dans sa tete, javais négocié 250E jusqu\'a aout, il a payé que 65 (125) pour l\'instant..', 'vtc', 'vtchennadiy@gmail.com ', '', '108 rue de picpus, Paris, 75012, FR ', '', 0, 0, 1, 0, 0, 1, NULL),
	(157, 'Dominique', 'BOYER', '2019-11-06', '2017-12-07', 'white', 0, 'M', 'aikidoka avec une sceance par semaine', '', '', '', '', '', 0, 0, 1, 0, 0, NULL, NULL),
	(158, 'Zou', 'THIEN DU CHABERT', '2020-02-26', '2017-12-07', 'purple', 0, 'M', '', '', '', '', '', '', 0, 0, 1, 0, 1, NULL, NULL),
	(159, 'Roy', 'HARRIS', '0001-01-01', '2017-12-07', 'brown', 1, 'M', 'Passer abonnement adulte 42', '', 'roy-harris@harvest.fr', '', '19 RUE MONFRAY, CRETEIL, 94000', '', 0, 0, 1, 0, 0, 1, NULL),
	(160, 'Hernan', 'VASQUEZ MORA', '2018-12-07', '2017-12-07', 'black', 0, 'M', '', 'policier', '', '', '', '', 0, 0, 1, 0, 0, NULL, NULL),
	(162, 'David', 'ANKRI', '0001-01-01', '2017-12-12', 'brown', 0, 'M', 'Juif integriste', 'Vendeur de cuir', 'david.ankri1969@gmail.com', '', '', '', 0, 0, 1, 0, 0, 1, NULL),
	(163, 'Matthieu', 'LHOSPITALIER', '2018-03-08', '2017-12-19', 'white', 0, 'M', '', '', '', '', '', '', 0, 0, 0, 0, 0, NULL, NULL),
	(164, 'Aissa', 'EDDAMI', '2018-12-19', '2017-12-19', 'white', 0, 'M', 'pote de bagdad', '', '', '', '', '', 0, 0, 1, 0, 0, NULL, NULL),
	(165, 'Lothaire', 'EPEE', '2018-12-19', '2017-12-19', 'purple', 0, 'M', '', '', 'lothaire.epee@gmail.com', '', '', '', 0, 0, 1, 0, 1, NULL, NULL),
	(166, 'Dioumé', 'SANGARÉ', '2020-01-04', '2017-12-28', 'black', 0, 'M', 'club d\'origine le maccabi', 'finance?', 'disangare@gmail.com', '', '', 'https://www.facebook.com/dioum.sangare', 0, 0, 1, 0, 1, NULL, NULL),
	(167, 'Farid', 'NAÏR', '0001-01-01', '2018-01-03', 'purple', 3, 'M', 'reste 200 à payer, tarif de 300 négocié car eleve au carreau aussi', '', 'nadiros@hotmail.com', '', '', '', 0, 0, 1, 0, 0, 1, NULL),
	(168, 'Francis', 'KRAUSE', '0001-01-01', '2018-01-04', 'white', 0, 'M', '', '', 'francisetienne30@gmail.com', '', '', '', 0, 0, 1, 0, 0, 1, NULL),
	(169, 'Stephane', 'CREANTOR', '0001-01-01', '2018-01-08', 'purple', 0, 'M', 'grand martiniquais', '', 's_creantor@hotmail.fr', '', '', 'https://www.facebook.com/stephane.guadyguady', 0, 0, 1, 0, 0, 1, NULL),
	(170, 'Sully', 'CHANTEUR', '2019-01-08', '2018-01-08', 'white', 0, 'M', 'Cours du matin', '', 'sullychanteur@hotmail.com', '', '', '', 0, 0, 1, 0, 0, NULL, NULL),
	(171, 'Raphael', 'GRELLET', '0001-01-01', '2018-01-09', 'white', 0, 'M', '!!!! Cheque posé le 3, refusé le 8 mars 2018, annulé le 14 !!!! retente le 3/4, encore refusé le 6/04', '', 'grelletraph@gmail.com', '', '', '', 0, 0, 1, 0, 0, 1, NULL),
	(172, 'Kamal', 'YDIR', '2019-01-09', '2018-01-09', 'brown', 0, 'M', '', '', 'kamal.ydir@gmail.com', '', '', '', 0, 0, 1, 0, 1, NULL, NULL),
	(173, 'Malik', 'N\'DIAW', '2019-01-09', '2018-01-09', 'white', 0, 'M', '', '', 'maloko_80@hotmail.com', '', '', '', 0, 0, 1, 0, 0, NULL, NULL),
	(174, 'Simon', 'LOKIEC', '2019-09-16', '2018-01-24', 'white', 0, 'M', '', '', '', '', '', '', 1, 0, 1, 0, 0, NULL, NULL),
	(175, 'Michel', 'GUELDRY', '2019-05-08', '2018-01-24', 'blue', 0, 'M', 'Vient surtout le matin, pkoi 600', '', 'mgueldry@gmail.com', '', '', '', 0, 0, 1, 0, 0, NULL, NULL),
	(176, 'Mike', 'LATKA', '2019-01-25', '2018-01-25', 'white', 0, 'M', '', '', '', '', '', '', 0, 0, 1, 0, 0, NULL, NULL),
	(177, 'Herve', 'GAILLARD', '2019-01-25', '2018-01-25', 'white', 0, 'M', '', '', '', '', '', '', 0, 0, 1, 0, 0, NULL, NULL),
	(178, 'Frederic', 'CARPENTIER', '2019-01-25', '2018-01-25', 'white', 0, 'M', '', '', 'f-carpentier@hotmail.fr', '', '', '', 0, 0, 1, 0, 0, NULL, NULL),
	(179, 'Sebastien', 'BOTTEY', '2020-02-08', '2018-01-25', 'blue', 3, 'M', '', '', 'sebastien.bottey@gmail.com', '', '', '', 0, 0, 1, 0, 0, NULL, NULL),
	(180, 'Damien', 'LAHMI', '0001-01-01', '2018-01-25', 'blue', 0, 'M', '', '', 'damienlahmi@free.fr', '', '', '', 0, 0, 1, 0, 1, 1, NULL),
	(181, 'Ahmed', 'ALLA', '2019-02-08', '2018-02-08', 'white', 0, 'M', '', '', 'ahmed.alla1@gmail.com', '', '', '', 0, 0, 1, 0, 0, NULL, NULL),
	(182, 'Tiziano', 'PEDINIELLI', '2020-02-18', '2018-02-08', 'blue', 2, 'M', '', '', 'tiziano.pedinielli@gmail.com', '', '', '', 0, 0, 1, 0, 0, NULL, NULL),
	(183, 'Sidney', 'CHAWATY', '2019-02-08', '2018-02-08', 'white', 0, 'M', '', '', '', '', '', '', 1, 0, 1, 0, 0, NULL, NULL),
	(184, 'Charles-Edouard', 'DI GIAMPIETRO', '2019-02-08', '2018-02-08', 'blue', 0, 'M', '', '', '', '', '', '', 0, 0, 0, 0, 0, NULL, NULL),
	(186, 'David', 'ARGIRAKIS', '2019-08-01', '2018-02-10', 'black', 0, 'M', '', 'pilote de ligne', 'david.argirakis@gmail.com', '', '', '', 0, 0, 1, 0, 0, NULL, NULL),
	(187, 'Abdelkrim', 'AMROUCHE', '2019-02-11', '2018-02-11', 'black', 0, 'M', '', '', 'karim_brasil@yahoo.fr', '', '', 'https://www.facebook.com/jakarim.gracie', 0, 0, 1, 0, 0, NULL, NULL),
	(188, 'Sélim', 'BEN CHEIKH', '2019-02-19', '2018-02-19', 'blue', 0, 'M', '', '', '', '', '', '', 0, 0, 0, 0, 0, NULL, NULL),
	(189, 'Lionel', 'MESCAM', '2019-07-01', '2018-02-22', 'black', 0, 'M', '', '', 'cyberyoyo@free.fr', '', '', '', 0, 0, 1, 0, 0, NULL, NULL),
	(190, 'Luc', 'DESCAMPS', '2018-03-24', '2018-02-24', 'white', 0, 'M', '', '', '', '', '', '', 0, 0, 0, 0, 0, NULL, NULL),
	(191, 'Sebastien', 'LECOQ', '2021-01-24', '2018-02-24', 'black', 0, 'M', '', '', '', '', '', '', 0, 0, 1, 0, 1, NULL, NULL),
	(192, 'Louis', 'BLECH-SEMIN', '2020-03-14', '2018-03-06', 'white', 2, 'M', '', '', 'louisblech@gmail.com', '', '', '', 0, 0, 1, 0, 0, NULL, NULL),
	(193, 'Kamel', 'CHAOUCHE', '2019-03-06', '2018-03-06', 'white', 0, 'M', 'algerien', '', '', '', '', '', 0, 0, 1, 0, 0, NULL, NULL),
	(194, 'Roméo', 'WAGNER', '2019-03-12', '2018-03-12', 'white', 0, 'M', '', 'jeune éducateur kim noire sympa', 'wagner.romeo@gmail.com', '', '', '', 0, 0, 1, 0, 0, NULL, NULL),
	(195, 'Adams', 'SOULAIMANA', '2019-03-12', '2018-03-12', 'white', 0, 'M', '2 disciplines j\'imagine', '', '', '', '', '', 0, 0, 1, 0, 0, NULL, NULL),
	(196, 'Romain', 'VILLA', '2020-04-09', '2018-03-22', 'purple', 0, 'M', '2 disciplines', '', '', '', '', '', 0, 0, 1, 0, 0, NULL, NULL),
	(197, 'Stephane', 'BON', '2019-05-18', '2018-05-18', 'white', 0, 'M', 'Il a payé 250 pour une deuxieme discipline, donc l\'autre discipline a recup 100 de trop', '', '', '', '', '', 0, 0, 1, 0, 0, NULL, NULL),
	(198, 'Paul', 'MAHON', '0001-01-01', '2018-05-18', 'white', 1, 'M', '', '', 'linecb@msn.com', '', '', '', 0, 0, 1, 0, 0, 1, NULL),
	(199, 'Julien', 'CARBONNELL', '0001-01-01', '2018-05-25', 'white', 0, 'M', '', '', 'julien.carbonnell@gmail.com', '', '', '', 0, 0, 1, 0, 0, 1, NULL),
	(200, 'Brian', 'MANGOENPAWIRO', '0001-01-01', '2018-05-26', 'white', 0, 'M', '', '', 'bmangoen@gmail.com', '', '', '', 0, 0, 1, 0, 0, 1, NULL),
	(201, 'Joris', 'NADEAU', '0001-01-01', '2018-06-16', 'white', 1, 'M', '', '', 'nadeaujoris5@gmail.com', '', '', '', 0, 0, 1, 0, 0, 1, NULL),
	(202, 'Emmanuel', 'COUSIN', '2019-06-19', '2018-06-19', 'black', 0, 'M', '', '', 'emcousin@gmail.com', '', '', '', 0, 0, 1, 1, 0, NULL, NULL),
	(203, 'Noureddine', 'AJDID', '0001-01-01', '2018-06-29', 'blue', 1, 'M', 'Les mardis de 13h15 à 14', '', 'ajdid_noureddine@yahoo.fr ', '0626125277', '', '', 0, 0, 1, 0, 1, 1, 9),
	(204, 'Nassim', 'GRAINAT', '2019-09-29', '2018-07-03', 'white', 0, 'M', '', '', '', '', '', '', 1, 0, 1, 0, 0, NULL, NULL),
	(205, 'Andrei', 'SATALOV', '2019-08-31', '2018-07-03', 'white', 0, 'M', '', '', '', '', '', '', 0, 0, 0, 0, 0, NULL, NULL),
	(206, 'Giusepe', 'VIZZINI', '2019-03-01', '2018-07-03', 'white', 0, 'M', '', '', '', '', '', '', 0, 0, 1, 0, 0, NULL, NULL),
	(207, 'Franck', 'ETIENNE', '2019-07-05', '2018-07-05', 'white', 0, 'M', '', '', '', '', '', '', 0, 0, 0, 0, 0, NULL, NULL),
	(208, 'Anthony', 'BENAIS', '0001-01-01', '2018-07-11', 'blue', 3, 'M', '', '', 'benais1cl@hotmail.fr', '', '', '', 0, 0, 1, 0, 1, 1, NULL),
	(209, 'Gabriel', 'AHOUANDOGBNO', '2019-07-17', '2018-07-17', 'purple', 0, 'M', '', '', '', '', '', '', 0, 0, 0, 0, 0, NULL, NULL),
	(210, 'Thomas', 'FOURNIER', '0001-01-01', '2018-07-17', 'white', 0, 'M', '', '', 'thomasfournier314@gmail.com', '', '', '', 0, 0, 1, 0, 0, 1, NULL),
	(211, 'Mathieu', 'CHANTALAT', '0001-01-01', '2018-07-25', 'white', 0, 'M', '', '', 'mchantalat@gmail.com', '', '', '', 0, 0, 1, 0, 0, 1, NULL),
	(212, 'Arthus', 'DE SENNEVILLE GRAVE', '2019-08-20', '2018-08-20', 'white', 0, 'M', '', '', 'arthussenneville@gmail.com', '0612856023', '148 boulevard Bineau	92200	Neuilly sur Seine', '', 1, 0, 1, 0, 0, NULL, NULL),
	(213, 'Francis', 'NIYONKURU', '2019-08-21', '2018-08-21', 'blue', 0, 'M', '', '', '', '', '', '', 0, 0, 0, 0, 0, NULL, NULL),
	(214, 'Alexis', 'PETITJEAN', '0001-01-01', '2018-08-29', 'white', 0, 'M', '', '', 'aleks0690@gmail.com ', '', '', '', 0, 0, 1, 0, 0, 1, NULL),
	(215, 'Cyril', 'CHARDONNET', '0001-01-01', '2018-09-04', 'blue', 0, 'M', '', '', 'CYRIL.CHARDONNET@FREE.FR', '', '', '', 0, 0, 1, 0, 0, 1, NULL),
	(216, 'Julien', 'LUCAS', '0001-01-01', '2018-09-05', 'white', 0, 'M', '', '', 'julien.lucas89@gmail.com ', '', '53 rue Claude Decaen, PARIS, 75012, FR ', '', 0, 0, 1, 0, 0, 1, NULL),
	(217, 'Damien', 'MILLAN', '0001-01-01', '2018-09-06', 'white', 0, 'M', ' + MMA à vérifier', '', 'dmillan31@gmail.com', '', '11 avenue vergniaud, saint maure ses fosses, 94100, FR ', '', 0, 0, 1, 0, 0, 2, NULL),
	(218, 'Frédéric', 'JACQUET', '0001-01-01', '2018-09-09', 'white', 0, 'M', '', '', 'fredericjacquet@yahoo.fr', '', '80 quai de Polangis 94340 Joinville-Le-Pont ', '', 0, 0, 1, 0, 0, 1, NULL),
	(219, 'Christian', 'PINVILLE', '0001-01-01', '2018-09-10', 'purple', 0, 'M', '', '', 'christian.pinville@gmail.com ', '', '6 AVENUE DUCIS, MAISONS-LAFFITTE, 78600, FR ', '', 0, 0, 1, 0, 0, 1, NULL),
	(220, 'Thibaut', 'BEDOUIN', '0001-01-01', '2018-09-10', 'white', 0, 'M', '', '', 'thibaut.bedouin@gmail.com', '', '8 résidence plein sud , 83 avenue de Versailles , Thiais , 94320, FR ', '', 0, 0, 1, 0, 0, 1, NULL),
	(222, 'Iraklis', 'ALEXANDRIDIS', '0001-01-01', '2018-09-12', 'white', 0, 'M', '', '', 'herculesalexandridis@msn.com', '', '15 AVENUE ERNEST RENAN, MONTREUIL, 93100', '', 0, 0, 1, 0, 0, 1, NULL),
	(223, 'Franck', 'BISSON', '2019-09-14', '2018-09-14', 'white', 0, 'M', 'Ne paye pas car beauf de filou', '', 'bissonfranck78@gmail.com', '', '', '', 0, 0, 1, 0, 1, NULL, NULL),
	(224, 'Xavier', 'ROBERT', '2019-09-14', '2018-09-14', 'brown', 0, 'M', '', '', 'xbiancardini@yahoo.fr', '', '91 rue saint fargeau 75020 Paris ', '', 0, 0, 1, 0, 0, NULL, 14),
	(225, 'Jean Christophe', 'BOULADE', '2019-09-14', '2018-09-14', 'white', 3, 'M', 'sponsor samsung... :)', '', 'jcboulade94@gmail.com', '', '', '', 0, 0, 1, 0, 0, NULL, NULL),
	(226, 'Philippe', 'HEYDARIAN', '0001-01-01', '2018-09-14', 'white', 0, 'M', '', '', 'heydarian.philippe@gmail.com ', '', ' 21 rue Raymond du temple, Vincennes, 94300', '', 0, 0, 1, 0, 0, 1, NULL),
	(227, 'Rémi', 'LESÉNÉCHAL', '0001-01-01', '2018-09-14', 'white', 0, 'M', '', '', 'lesenechal.remi@gmail.com ', '', '11 rue gossec, Paris, 75012', '', 0, 0, 1, 0, 0, 1, NULL),
	(228, 'Mikael', 'THOMAS', '0001-01-01', '2018-09-16', 'white', 0, 'M', '', '', 'mikaelts82@gmail.com', '', '8 avenue des entrepreneurs , Mitry-mory, 77290', '', 0, 0, 1, 0, 0, 1, NULL),
	(229, 'Damien', 'ROQUES', '0001-01-01', '2018-09-16', 'white', 0, 'M', '', '', 'damienrqes@gmail.com ', '', '35 bis rue pierre brosolette, Neuilly Plaisance', '', 0, 0, 1, 0, 0, 1, NULL),
	(230, 'Frederic', 'CHALOPIN', '0001-01-01', '2018-09-17', 'white', 0, 'M', '', '', 'f_chalopin@yahoo.fr', '', '', '', 0, 0, 1, 0, 0, 1, NULL),
	(231, 'Abdel-Jalhil', 'TEIBI', '2019-09-18', '2018-09-18', 'white', 0, 'M', '', '', 'jalhil.teibi@gmail.com', '', '1 allée des érables 94410 Saint Maurice ', '', 0, 0, 1, 0, 0, NULL, NULL),
	(232, 'Ronan', 'BILLAUD', '0001-01-01', '2018-09-18', 'blue', 0, 'M', '', '', '', '', '1 rue de la Libération, Nogent sur Marne , 94130', '', 0, 0, 1, 0, 0, 1, NULL),
	(233, 'Guillaume', 'BERNARD', '2019-10-10', '2018-09-19', 'white', 0, 'M', '', '', 'guillaum3.bernard@gmail.com ', '', '35 RUE DE FONTENAY, VINCENNES, 94300', '', 0, 0, 1, 0, 0, NULL, NULL),
	(234, 'Mickael', 'DAVOLI', '0001-01-01', '2018-09-19', 'blue', 1, 'M', '', '', 'mikka.dav@hotmail.fr ', '', '', '', 0, 0, 1, 0, 0, 1, NULL),
	(235, 'Julien', 'FAURE', '0001-01-01', '2018-09-20', 'white', 0, 'M', 'A resilier mi janvier, il se barre', '', '', '', '', '', 0, 0, 1, 0, 0, 1, NULL),
	(236, 'Arnaud', 'BLOUIN', '0001-01-01', '2018-09-21', 'white', 0, 'M', '', '', 'arnaud.blouin@gmail.com', '', '13 rue andre bollier , Saint maur des fosses, 94100', '', 0, 0, 1, 0, 0, 1, NULL),
	(237, 'Greg', 'MOREL', '0001-01-01', '2018-09-22', 'brown', 0, 'M', '', '', 'akiraparis75@gmail.com', '', '3 allée des grands champs , Bagnolet, 93170', '', 0, 0, 1, 0, 0, 1, NULL),
	(238, 'Pierre', 'MURATET', '0001-01-01', '2018-09-23', 'blue', 3, 'M', '', '', 'lance.strapontin@gmail.com', '', '', '', 0, 0, 1, 0, 0, 1, NULL),
	(239, 'Gaetan', 'BOURBOTTE', '0001-01-01', '2018-09-24', 'blue', 0, 'M', 'Copain de Celine?', '', 'gaetan.brb@gmail.com', '', '46 rue des orteaux, Paris, 75020', '', 0, 0, 1, 0, 1, 1, NULL),
	(240, 'Jeanne', 'DANGUY', '0001-01-01', '2018-09-25', 'white', 0, 'M', '', '', 'jeannedanguy@gmail.com ', '', '4 avenue du Petit Parc, VINCENNES', '', 0, 0, 1, 0, 0, 1, NULL),
	(241, 'Fabien', 'NGUYEN', '2019-09-27', '2018-09-27', 'white', 1, 'M', '', '', 'fabiennguyen@hotmail.fr', '', '', '', 0, 0, 1, 0, 0, NULL, NULL),
	(243, 'Romuald', 'BOUVARD', '2019-09-29', '2018-09-29', 'white', 0, 'M', 'vendredi à 12h30', '', 'romuald.bouvard@hotmail.fr', '0648486408', '', '', 0, 0, 0, 0, 0, NULL, 9),
	(244, 'Nicolas', 'BABOUR', '2019-09-30', '2018-09-30', 'white', 0, 'M', '1 vendredi sur 2 à 13h15', '', 'nicolasbabour@gmail.com', '0627950427', '', '', 0, 0, 0, 0, 0, NULL, 8),
	(245, 'Jed', 'LACROIX', '2019-10-02', '2018-10-02', 'white', 0, 'M', '', '', '', '', '', '', 1, 0, 1, 0, 0, NULL, NULL),
	(247, 'Aurélien', 'APPÉRÉ', '0001-01-01', '2018-10-05', 'white', 0, 'M', '', '', 'aurelien.appere@gmail.com', '', '30 Avenue Marinville, Saint-Maur-des-Fossés, 94100, FR ', '', 0, 0, 1, 0, 0, 1, NULL),
	(248, 'Thomas', 'PAYET', '2020-01-13', '2018-10-05', 'white', 0, 'M', '', '', 'thomassamuelpayet@outlook.fr', '', '8 rue cure carreau, Nogent sur marne, 94130', '', 0, 0, 1, 0, 0, NULL, NULL),
	(249, 'Kamal', 'BOUMOUR', '0001-01-01', '2018-10-05', 'white', 0, 'M', '', '', 'kamal.boumour@gmail.com', '', '46 rue d\'Aguesseau, Boulogne-Billancourt, 92100', '', 0, 0, 1, 0, 0, 1, NULL),
	(250, 'Roman', 'BONATON', '2019-10-05', '2018-10-05', 'purple', 0, 'M', '', '', 'romanbonaton@gmail.com', '', '22 rue du général de gaulle 78780 Maurecourt ', '', 0, 0, 1, 0, 0, NULL, NULL),
	(251, 'Alexandre', 'CHAUSSET', '2019-09-01', '2018-10-05', 'white', 0, 'M', '', '', '', '', '', '', 0, 0, 0, 0, 0, NULL, NULL),
	(252, 'Clara', 'DESHAYES', '2019-10-08', '2018-10-08', 'white', 0, 'M', '', '', '', '', '', '', 1, 0, 1, 0, 0, NULL, NULL),
	(253, 'Mohamed', 'ABDULKARIMOV', '2019-01-08', '2018-10-08', 'white', 0, 'M', '', '', '', '', '', '', 1, 0, 0, 0, 0, NULL, NULL),
	(254, 'Isaura', 'BOURGEOIS', '2019-10-08', '2018-10-08', 'white', 2, 'M', 'tarif enfant elle a 17 ans', '', 'isaura.bourgeois@gmail.com', '', '', '', 0, 0, 1, 0, 0, NULL, NULL),
	(255, 'Xavier', 'BARROUX', '2019-10-10', '2018-10-10', 'black', 0, 'M', '', '', '', '', '', '', 0, 0, 0, 1, 0, NULL, NULL),
	(256, 'Charles', 'SUN', '2019-10-10', '2018-10-10', 'white', 0, 'M', '1 vendredi sur 2 à 13h15', '', 'csun02@gmail.com', '0647612034', '172 RUE DU TEMPLE 75003 PARIS ', '', 0, 0, 1, 0, 0, NULL, 5),
	(257, 'Julien', 'BREIT', '0001-01-01', '2018-10-11', 'white', 0, 'M', '1 jeudi sur 2 à 14h15', '', 'breitjul@gmail.com', '0676695027', '62 rue de Fontenay , Vincennes , 94300', '', 0, 0, 1, 0, 0, 1, 8),
	(258, 'Marvin', 'BERREMBOU', '0001-01-01', '2018-10-11', 'white', 0, 'M', '', '', 'berrembou@yahoo.fr', '', '', '', 0, 0, 1, 0, 0, 1, NULL),
	(259, 'Cedric', 'MAUFROY', '0001-01-01', '2018-10-12', 'purple', 0, 'M', '', '', 'maufroycedric@hotmail.com', '', '', '', 0, 0, 1, 0, 0, 2, NULL),
	(260, 'Antonio', 'BLANCO', '0001-01-01', '2018-10-13', 'white', 2, 'M', '', '', 'bitonio@sfr.fr', '0626184835', '10 rue lacharriere, paris, 75011', '', 0, 0, 1, 0, 0, 1, 11),
	(261, 'Florian', 'LETELLIER', '2019-10-13', '2018-10-13', 'white', 0, 'M', '', '', '', '', '', '', 1, 0, 1, 0, 0, NULL, NULL),
	(262, 'Jean', 'MALARD', '2019-10-13', '2018-10-13', 'white', 0, 'M', '', '', '', '', '', '', 1, 0, 1, 0, 0, NULL, NULL),
	(263, 'Matthew', 'DOERKSEN', '0001-01-01', '2018-10-14', 'blue', 0, 'M', '1 jeudi sur 2 à 15h', '', 'matthewdoerksen@gmail.com ', '0762560085', '41 Rue Dauphine, 3G, Paris, 75006', '', 0, 0, 1, 0, 0, 1, 8),
	(264, 'Fanny', 'BOYER', '0001-01-01', '2018-10-14', 'white', 0, 'M', '', 'Fliquette apparement', 'fannouboyer@hotmail.fr', '', '8 rue de la Poste , Saint Maur Des Fossés', '', 0, 0, 1, 0, 0, 1, NULL),
	(265, 'Mickaël', 'FELTEN', '0001-01-01', '2018-10-16', 'purple', 0, 'M', '', '', 'felten.mickael@orange.fr', '', '4 rue Auguste Blanqui, bagnolet', '', 0, 0, 1, 0, 0, 1, NULL),
	(266, 'Olivier', 'PLAZAS', '0001-01-01', '2018-10-16', 'white', 0, 'M', '', '', 'olivierplazas@gmail.com', '', '', '', 0, 0, 1, 0, 0, 1, NULL),
	(267, 'Axel', 'LARIDON', '0001-01-01', '2018-10-17', 'white', 0, 'M', '', '', 'laridon_axel@yahoo.fr', '', '', '', 0, 0, 1, 0, 0, 1, NULL),
	(268, 'Julien', 'LAVERDURE', '0001-01-01', '2018-10-22', 'white', 0, 'M', '', '', 'laverdureju@gmail.com', '', '132 ter boulevard Aristide Briand, CHAMPIGNY SUR MARNE, 94500', '', 0, 0, 1, 0, 0, 1, NULL),
	(269, 'Loreto', 'TULLIO', '2019-10-22', '2018-10-22', 'white', 0, 'M', '', 'pizzaiolo', 'tullio.loreto@yahoo.com', '', '58 sentier des frettes 94230 cachan', '', 0, 0, 1, 0, 0, NULL, NULL),
	(270, 'Aly', 'SALAMÉ', '0001-01-01', '2018-10-25', 'white', 0, 'M', '', '', 'aly-9@hotmail.fr', '', '25 avenue des murs du parc vincennes , Vincennes', '', 0, 0, 1, 0, 0, 2, NULL),
	(271, 'Thomas', 'ROYERE', '2020-01-15', '2018-10-27', 'white', 1, 'M', '', '', 'thomas.royere@wanadoo.fr', '', '', '', 0, 0, 1, 0, 0, NULL, NULL),
	(272, 'Gregoire', 'BARAT', '2019-10-28', '2018-10-28', 'white', 0, 'M', '', '', 'gregoirebarat@gmail.com', '', '6 SENTIER DES SUREAUX 93100 MONTREUIL ', '', 0, 0, 1, 0, 0, NULL, NULL),
	(273, 'Jocelyn', 'CASSAND', '0001-01-01', '2018-10-29', 'blue', 0, 'M', '', '', 'docjoce11@gmail.com', '', '03 Cours Sainte Marthe, THIAIS, 94320', '', 0, 0, 1, 0, 0, 1, NULL),
	(274, 'David', 'ALLIEL', '0001-01-01', '2018-10-29', 'white', 0, 'M', '', '', 'davidalliel1999@gmail.com', '', '59 rue Pierre voyant , 59 rue Pierre voyant , VIleurbanne', '', 0, 0, 1, 0, 0, 1, NULL),
	(275, 'Anthar', 'BLIZAK', '2019-10-31', '2018-10-31', 'white', 0, 'M', '', '', 'Anthar@hotmail.fr', '', '49ter Boulevard Davout 75020 Paris ', '', 0, 0, 1, 0, 0, NULL, NULL),
	(276, 'Clement', 'DUCOL', '2019-10-31', '2018-10-31', 'white', 0, 'M', '', '', 'clement.ducol@gmail.com', '', '82 AVENUE FOCH 94120 FONTENAY-SOUS-BOIS ', '', 0, 0, 1, 0, 0, NULL, NULL),
	(277, 'Marius', 'DUCOL', '2019-10-31', '2018-10-31', 'white', 0, 'M', '', '', 'clement.ducol@gmail.com', '', '', '', 1, 0, 1, 0, 0, NULL, NULL),
	(278, 'Claudia', 'HULBERT', '0001-01-01', '2018-11-03', 'white', 0, 'M', '', '', 'claudia.hulbert@gmail.com', '', '4 rue du general de Larminat, Paris, 75015', '', 0, 0, 1, 0, 0, 1, NULL),
	(279, 'Thomas', 'CHARLES', '0001-01-01', '2018-11-03', 'purple', 0, 'M', '', '', 'thomaspomme@gmail.com', '', '29 Avenue Gabriel Péri, Montreuil, 93100', '', 0, 0, 1, 0, 0, 1, NULL),
	(280, 'Vincent', 'FASOLI', '0001-01-01', '2018-11-03', 'white', 3, 'M', '', '', 'vincent.fasoli@gmail.com', '', '22 bis rue de la réunion, Paris, 75020', '', 0, 0, 1, 0, 0, 1, NULL),
	(281, 'Manon', 'BERIOT', '2019-11-03', '2018-11-03', 'white', 0, 'M', '', '', 'manon.beriot@gmail.com', '', '8 villa de la tourelle 93100 Montreuil', '', 0, 0, 1, 0, 0, NULL, NULL),
	(282, 'Dihere', 'GOUMANE', '0001-01-01', '2018-11-04', 'white', 0, 'M', '', '', 'diheregoumane@yahoo.fr', '', '27 rue André Tessier, Fontenay sous bois, 94120', '', 0, 0, 1, 0, 0, 1, NULL),
	(283, 'Guillaume', 'LE BOLLOCH', '2019-11-05', '2018-11-05', 'white', 0, 'M', 'double discipline prise en route', '', '', '', '', '', 0, 0, 1, 0, 0, NULL, NULL),
	(284, 'Mustapha', 'AMARA', '2019-11-06', '2018-11-06', 'white', 0, 'M', 'tarif special que libre + ceinture noire', '', '', '', '', '', 0, 0, 1, 0, 0, NULL, NULL),
	(285, 'Mike', 'ALFREDO', '0001-01-01', '2018-11-13', 'blue', 0, 'M', 'Vrai prenom Gina', '', 'alfredo-gina@outlook.fr', '', '10 rue Edmond michelet, Villemomble, 93250', '', 0, 0, 1, 0, 0, 1, NULL),
	(286, 'Antoine', 'CUZARD', '0001-01-01', '2018-11-15', 'white', 0, 'M', '', '', 'antoine.cuzard@gmail.com', '', '4-6 rue du Lieutenant Quennehen, Vincennes', '', 0, 0, 1, 0, 0, 1, NULL),
	(287, 'Eddy', 'MICHELET', '0001-01-01', '2018-11-15', 'white', 0, 'M', '1 mardi sur 2 à 13h15', '', 'jean.marcel.michelet@gmail.com ', '', '2 rue de la maison neuve, Maison-Lafitte', '', 0, 0, 1, 0, 0, 1, 13),
	(288, 'Hamoudi', 'DIAF', '2019-11-15', '2018-11-15', 'white', 0, 'M', '2 disciplines', '', '', '', '', '', 0, 0, 1, 0, 0, NULL, NULL),
	(289, 'Gerard', 'LINCERTIN', '0001-01-01', '2018-11-20', 'white', 0, 'M', '', '', 'gerard.lincertin@gmail.com', '', '', '', 0, 0, 1, 0, 0, 1, NULL),
	(290, 'Frero', 'LOKIEC', '2019-09-16', '2018-11-22', 'white', 0, 'M', '', '', '', '', '', '', 0, 0, 1, 0, 0, NULL, NULL),
	(291, 'Florian', 'GALLIOU', '2018-12-23', '2018-11-23', 'white', 0, 'M', '', '', 'florian.galliou22@orange.fr', '', '', '', 0, 0, 0, 0, 0, NULL, NULL),
	(292, 'Laurent', 'BELHASSEN', '0001-01-01', '2018-12-03', 'brown', 0, 'M', '', '', 'laurent.belhassen@orange.fr', '', '', '', 0, 0, 1, 0, 0, 2, NULL),
	(293, 'Jerome', 'RECULARD', '2019-12-03', '2018-12-03', 'white', 0, 'M', '', '', '', '', '', '', 0, 0, 0, 0, 0, NULL, NULL),
	(294, 'Sebastien', 'BOUIMBA', '2019-12-05', '2018-12-05', 'purple', 0, 'M', '1 vendredi sur 2 à 11h15', '', 'sebastien.bouimba@hotmail.fr', '0626591898', '', '', 0, 0, 1, 0, 0, NULL, 8),
	(295, 'Remy', 'BARDEY', '2019-12-06', '2018-12-06', 'white', 0, 'M', 'Judoka seulement le lundi soir', '', '', '', '', '', 0, 0, 1, 0, 0, NULL, NULL),
	(296, 'Serge', 'PEYRO', '2019-06-16', '2018-12-13', 'blue', 0, 'M', '', '', '', '', '', '', 0, 0, 1, 0, 0, NULL, NULL),
	(297, 'Nicolas', 'VIEL', '0001-01-01', '2018-12-18', 'white', 0, 'M', '', '', 'nicolas.viel@gmail.com ', '', '', '', 0, 0, 1, 0, 0, 1, NULL),
	(298, 'Julien', 'JUTEAU', '0001-01-01', '2018-12-18', 'purple', 0, 'M', '', '', 'soulja62@msn.com ', '', '17 Clos Perault, Athis-Mons, 91200', '', 0, 0, 1, 0, 0, 1, NULL),
	(299, 'Wilfried', 'BENOTMANE', '2019-12-20', '2018-12-20', 'white', 0, 'M', '2 disciplines', '', 'wilfried.benotmane@gmail.com', '', '', '', 0, 0, 1, 0, 0, NULL, NULL),
	(300, 'Lyes', 'BOUSSOUF', '0001-01-01', '2018-12-28', 'purple', 0, 'M', '', '', 'contact@netaudience.fr', '', '8 rue Christian Dewet, Paris, 75012', '', 0, 0, 1, 0, 0, 1, NULL),
	(301, 'Caroline', 'BREMBILLA', '2019-12-29', '2018-12-29', 'white', 0, 'M', '', '', 'superversal@gmail.com', '', '11 rue Taine 75012 Paris ', '', 0, 0, 0, 0, 0, NULL, NULL),
	(302, 'Alexia', 'ROUET-LEDUC', '2019-04-02', '2018-12-29', 'white', 0, 'M', '', '', 'alexiarouet.lc@gmail.com', '', '1 avenue Paul Déroulède 75015 Paris ', '', 0, 0, 0, 0, 0, NULL, NULL),
	(303, 'Jules Hervé', 'PINDY', '0001-01-01', '2018-12-31', 'white', 0, 'M', '', '', 'jhpindy@gmail.com', '', '43 rue du clos, Paris, 75020', '', 0, 0, 1, 0, 0, 1, NULL),
	(304, 'Cesar', 'TEMINE', '0001-01-01', '2019-01-02', 'white', 0, 'M', 'rajouter abo adulte', '', 'cesar.termine@gmail.com', '', '21 rue de la brèche aux loups, Paris, 75012', '', 0, 0, 1, 0, 0, 1, NULL),
	(305, 'Philippe', 'BLANCART', '0001-01-01', '2019-01-04', 'white', 0, 'M', '', '', 'pblancart@gmail.com', '0778414776', '', '', 0, 0, 1, 0, 0, 1, NULL),
	(306, 'Ahmed', 'SEKOURI', '0001-01-01', '2019-01-14', 'white', 0, 'M', '', '', 'ahmed_s89@hotmail.fr', '', '', '', 0, 0, 1, 0, 0, 1, NULL),
	(307, 'Nolls', 'NSONDE', '0001-01-01', '2019-01-21', 'white', 0, 'M', '', '', 'llon.atsam@gmail.com', '', '', '', 0, 0, 1, 0, 0, 1, NULL),
	(308, 'Tristan', 'HANNESSON', '2020-01-21', '2019-01-21', 'white', 0, 'M', '', '', 'tristanhannesson@gmail.com', '', '', '', 0, 0, 1, 0, 0, NULL, NULL),
	(309, 'Laurent', 'HAUGUEL', '2020-01-21', '2019-01-21', 'white', 0, 'M', '', '', '', '', '', '', 0, 0, 1, 0, 0, NULL, NULL),
	(310, 'Laurent', 'ALBUCHER', '0001-01-01', '2019-01-23', 'white', 0, 'M', '', '', 'laurent.claud.esteve@gmail.com', '', '254 Avenue Daumesnil, Paris, 75012', '', 0, 0, 1, 0, 0, 1, NULL),
	(311, 'Jennifer', 'CRAIL', '2020-01-25', '2019-01-25', 'white', 0, 'F', '', '', 'jenny.crail@gmail.com', '', '', '', 0, 0, 0, 0, 0, NULL, NULL),
	(312, 'Carole', 'DIJOUX', '0001-01-01', '2019-01-29', 'white', 0, 'M', '', '', 'carole.dijoux@yahoo.fr', '', '37 Rue de Strasbourg , Vincennes , 94300', '', 0, 0, 1, 0, 1, 1, NULL),
	(314, 'Alexandre', 'TSOTSOULAS', '2020-02-12', '2019-02-12', 'white', 0, 'M', '', '', 'alexandre.tsotsoulas@yahoo.fr', '', '', '', 0, 0, 1, 0, 0, NULL, NULL),
	(315, 'Allan', 'ELIVON', '0001-01-01', '2019-02-14', 'blue', 0, 'M', '', '', 'allanelivonbb@gmail.com', '', '40rue marcel Miquel , Issy-les-Moulineaux', '', 0, 0, 1, 0, 0, 1, NULL),
	(316, 'Steevens', 'MAGDALEON', '0001-01-01', '2019-02-15', 'white', 0, 'M', '', '', 'dmag1@live.fr ', '', '6 RUE CLAUDE BERNARD , DRAVEIL, 91210', '', 0, 0, 1, 0, 0, 1, NULL),
	(317, 'Adem', 'NAZEF', '2020-02-28', '2019-02-28', 'blue', 0, 'M', '', '', '', '', '', '', 0, 0, 1, 0, 1, NULL, NULL),
	(318, 'Alexis', 'ROCH', '2020-03-01', '2019-03-01', 'white', 0, 'M', '', '', '', '', '', '', 0, 0, 1, 0, 0, NULL, NULL),
	(319, 'Chekene', 'DIARRA', '2020-03-06', '2019-03-06', 'white', 0, 'M', '', '', 'cdiarra476@gmail.com', '', '', '', 0, 0, 1, 0, 0, NULL, NULL),
	(320, 'Benjamin', 'CLAQUIN', '2019-04-10', '2019-03-10', 'white', 0, 'M', '', '', 'benjaminclaquin@gmail.com', '', '', '', 0, 0, 0, 0, 0, NULL, NULL),
	(321, 'Ethann', 'ORIGAS', '2019-09-30', '2019-03-14', 'white', 0, 'M', '', '', '', '', '', '', 1, 0, 1, 0, 0, NULL, NULL),
	(322, 'Vincent', 'BAUDET', '2020-04-06', '2019-03-20', 'white', 0, 'M', '', '', '', '', '', '', 0, 0, 0, 0, 0, NULL, NULL),
	(323, 'Damien', 'DOMITILE', '0001-01-01', '2019-03-21', 'white', 0, 'M', '', '', 'damien.domitile@gmail.com', '', '28 rue diderot , Vincenne, 94300', '', 0, 0, 1, 0, 0, 1, NULL),
	(324, 'Williams', 'ETTIRADJANE', '0001-01-01', '2019-03-21', 'white', 0, 'M', '', '', 'wills.hinds@gmail.com', '', '21 rue le noyer des belles filles, Garges-Les-Gonesse', '', 0, 0, 1, 0, 0, 1, NULL),
	(325, 'Solo', 'GATAME', '2019-04-21', '2019-03-21', 'brown', 0, 'M', '', '', '', '', '', '', 0, 0, 0, 0, 1, NULL, NULL),
	(326, 'Florian', 'POZZOLI', '0001-01-01', '2019-03-26', 'white', 0, 'M', '', '', 'fpozzoli@hotmail.fr', '', '4 Allée des Acacias , Saint-Mandé', '', 0, 0, 1, 0, 0, 1, 15),
	(327, 'Maelann', 'LOGEAIS', '2019-09-30', '2019-04-01', 'white', 0, 'M', '', '', '', '', '', '', 1, 0, 1, 0, 0, NULL, NULL),
	(328, 'Quentin', 'DISSARD', '2019-09-30', '2019-04-09', 'white', 0, 'M', '', '', '', '', '', '', 1, 0, 1, 0, 0, NULL, NULL),
	(330, 'Gwenael', 'GOBARD', '2019-09-30', '2019-04-10', 'white', 0, 'M', '', '', '', '', '', '', 1, 0, 1, 0, 0, NULL, NULL),
	(331, 'Lucile', 'SAMAK', '2020-04-11', '2019-04-11', 'white', 0, 'M', '', '', '', '', '', '', 0, 0, 0, 0, 0, NULL, NULL),
	(332, 'Mehdi', 'NDUTIYE', '0001-01-01', '2019-04-15', 'white', 0, 'M', '', '', 'mehdi.ndutiye@icloud.com', '', '3 rue Lucien et Sacha guitry , Paris , 75020', '', 0, 0, 1, 0, 0, 2, NULL);
/*!40000 ALTER TABLE `MEMBERS` ENABLE KEYS */;

-- Export de la structure de la table CERCLE. MEMBERS_PAYMENTS
DROP TABLE IF EXISTS `MEMBERS_PAYMENTS`;
CREATE TABLE IF NOT EXISTS `MEMBERS_PAYMENTS` (
  `MemberID` int(11) NOT NULL,
  `PaymentID` int(11) NOT NULL,
  PRIMARY KEY (`MemberID`,`PaymentID`),
  KEY `FKPayment` (`PaymentID`),
  CONSTRAINT `FKMember` FOREIGN KEY (`MemberID`) REFERENCES `MEMBERS` (`ID`),
  CONSTRAINT `FKPayment` FOREIGN KEY (`PaymentID`) REFERENCES `PAYMENTS` (`ID`)
) ENGINE=InnoDB DEFAULT CHARSET=utf8;

-- Export de données de la table CERCLE.MEMBERS_PAYMENTS : ~1 101 rows (environ)
DELETE FROM `MEMBERS_PAYMENTS`;
/*!40000 ALTER TABLE `MEMBERS_PAYMENTS` DISABLE KEYS */;
INSERT INTO `MEMBERS_PAYMENTS` (`MemberID`, `PaymentID`) VALUES
	(114, 1068),
	(15, 1078),
	(15, 1079),
	(15, 1080),
	(104, 1082),
	(82, 1381),
	(68, 1385),
	(127, 1758),
	(51, 1759),
	(122, 1764),
	(7, 1836),
	(43, 2041),
	(190, 2219),
	(163, 2220),
	(163, 2221),
	(184, 2257),
	(106, 2281),
	(103, 2315),
	(102, 2318),
	(102, 2319),
	(102, 2320),
	(102, 2321),
	(102, 2322),
	(195, 2353),
	(195, 2354),
	(195, 2355),
	(109, 2429),
	(11, 2484),
	(11, 2485),
	(11, 2486),
	(11, 2487),
	(11, 2488),
	(11, 2489),
	(11, 2490),
	(11, 2491),
	(11, 2492),
	(212, 2559),
	(205, 2658),
	(194, 2844),
	(194, 2845),
	(194, 2846),
	(194, 2847),
	(66, 2905),
	(66, 2906),
	(146, 2958),
	(197, 2975),
	(231, 2987),
	(8, 3031),
	(245, 3179),
	(87, 3193),
	(87, 3194),
	(250, 3369),
	(251, 3385),
	(39, 3398),
	(39, 3399),
	(120, 3446),
	(86, 3447),
	(86, 3448),
	(86, 3449),
	(86, 3450),
	(123, 3473),
	(123, 3474),
	(33, 3500),
	(33, 3501),
	(33, 3502),
	(47, 3520),
	(47, 3521),
	(233, 3529),
	(20, 3536),
	(20, 3537),
	(20, 3538),
	(20, 3539),
	(13, 3540),
	(13, 3541),
	(261, 3542),
	(262, 3546),
	(88, 3547),
	(9, 3574),
	(61, 3584),
	(61, 3585),
	(59, 3603),
	(59, 3604),
	(59, 3605),
	(26, 3612),
	(272, 3616),
	(49, 3620),
	(275, 3621),
	(276, 3626),
	(277, 3627),
	(12, 3628),
	(12, 3629),
	(12, 3630),
	(12, 3631),
	(12, 3632),
	(75, 3886),
	(75, 3887),
	(283, 3888),
	(99, 3917),
	(204, 3931),
	(204, 3932),
	(32, 3935),
	(32, 3936),
	(80, 3957),
	(45, 3959),
	(45, 3960),
	(288, 3962),
	(6, 3969),
	(6, 3970),
	(6, 3971),
	(22, 3974),
	(22, 3975),
	(84, 3977),
	(84, 3978),
	(84, 3979),
	(291, 3980),
	(58, 3982),
	(83, 3991),
	(174, 4014),
	(174, 4015),
	(38, 4016),
	(38, 4017),
	(38, 4018),
	(38, 4019),
	(38, 4020),
	(252, 4021),
	(252, 4022),
	(252, 4023),
	(150, 4024),
	(150, 4025),
	(150, 4026),
	(150, 4027),
	(76, 4033),
	(19, 4035),
	(293, 4036),
	(295, 4037),
	(27, 4038),
	(296, 4386),
	(85, 4387),
	(85, 4388),
	(85, 4389),
	(85, 4390),
	(50, 4399),
	(50, 4400),
	(50, 4401),
	(50, 4402),
	(3, 4403),
	(3, 4404),
	(79, 4408),
	(79, 4409),
	(79, 4410),
	(79, 4411),
	(79, 4412),
	(299, 4413),
	(23, 4416),
	(23, 4417),
	(25, 4418),
	(25, 4419),
	(25, 4420),
	(25, 4421),
	(115, 4424),
	(115, 4425),
	(46, 4428),
	(301, 4462),
	(90, 4463),
	(90, 4464),
	(90, 4465),
	(90, 4466),
	(90, 4467),
	(124, 4469),
	(256, 4470),
	(78, 4479),
	(148, 4511),
	(148, 4512),
	(107, 4523),
	(107, 4524),
	(36, 4527),
	(36, 4528),
	(44, 4543),
	(44, 4544),
	(44, 4545),
	(48, 4554),
	(48, 4555),
	(52, 4556),
	(52, 4557),
	(52, 4558),
	(100, 4559),
	(100, 4560),
	(57, 4564),
	(57, 4565),
	(56, 4577),
	(56, 4578),
	(63, 4579),
	(63, 4580),
	(64, 4599),
	(64, 4600),
	(113, 4614),
	(113, 4615),
	(113, 4616),
	(81, 4628),
	(81, 4629),
	(81, 4630),
	(81, 4631),
	(81, 4632),
	(81, 4633),
	(92, 4656),
	(92, 4657),
	(92, 4658),
	(125, 4659),
	(125, 4660),
	(67, 4685),
	(67, 4686),
	(67, 4687),
	(67, 4688),
	(67, 4689),
	(67, 4690),
	(157, 4691),
	(157, 4692),
	(157, 4693),
	(157, 4694),
	(157, 4695),
	(157, 4696),
	(157, 4697),
	(149, 4698),
	(149, 4699),
	(138, 4700),
	(138, 4701),
	(138, 4702),
	(138, 4703),
	(138, 4704),
	(166, 4734),
	(166, 4735),
	(235, 4736),
	(235, 4737),
	(235, 4738),
	(248, 6104),
	(248, 6105),
	(248, 6106),
	(136, 6107),
	(29, 6108),
	(29, 6109),
	(154, 6110),
	(154, 6111),
	(154, 6112),
	(164, 6136),
	(308, 6137),
	(147, 6138),
	(147, 6139),
	(147, 6140),
	(147, 6141),
	(34, 6154),
	(34, 6155),
	(34, 6156),
	(34, 6157),
	(77, 6158),
	(77, 6159),
	(137, 6160),
	(137, 6161),
	(137, 6162),
	(137, 6163),
	(137, 6164),
	(89, 7708),
	(89, 7709),
	(241, 7710),
	(37, 7711),
	(37, 7712),
	(37, 7713),
	(152, 7722),
	(218, 7723),
	(218, 7724),
	(218, 7725),
	(218, 7726),
	(218, 7727),
	(142, 7730),
	(142, 7731),
	(172, 7744),
	(172, 7745),
	(121, 7755),
	(121, 7756),
	(121, 7757),
	(183, 7768),
	(183, 7769),
	(183, 7770),
	(165, 7771),
	(165, 7772),
	(165, 7773),
	(317, 7777),
	(170, 7778),
	(170, 7779),
	(170, 7780),
	(170, 7781),
	(302, 7785),
	(302, 7786),
	(284, 7787),
	(284, 7788),
	(284, 7789),
	(158, 7790),
	(158, 7791),
	(158, 7792),
	(158, 7793),
	(281, 7800),
	(281, 7801),
	(281, 7802),
	(281, 7803),
	(53, 7810),
	(53, 7811),
	(53, 7812),
	(53, 7813),
	(53, 7814),
	(53, 7815),
	(173, 7820),
	(173, 7821),
	(181, 7822),
	(181, 7823),
	(181, 7824),
	(181, 7825),
	(160, 9046),
	(160, 9047),
	(182, 9069),
	(182, 9070),
	(182, 9071),
	(192, 9072),
	(192, 9073),
	(322, 9074),
	(178, 9075),
	(178, 9076),
	(178, 9077),
	(178, 9078),
	(176, 9079),
	(176, 9080),
	(176, 9081),
	(65, 9097),
	(65, 9098),
	(253, 9117),
	(177, 9118),
	(177, 9119),
	(177, 9120),
	(320, 9126),
	(108, 9127),
	(108, 9128),
	(108, 9129),
	(314, 9131),
	(314, 9132),
	(314, 9133),
	(327, 9134),
	(309, 9135),
	(309, 9136),
	(309, 9137),
	(179, 9138),
	(179, 9139),
	(179, 9140),
	(179, 9141),
	(318, 9142),
	(318, 9143),
	(321, 9144),
	(321, 9145),
	(70, 9146),
	(70, 9147),
	(70, 9148),
	(70, 9149),
	(70, 9150),
	(187, 9151),
	(271, 9157),
	(271, 9158),
	(254, 9159),
	(310, 9170),
	(310, 9171),
	(310, 9172),
	(222, 9173),
	(222, 9174),
	(222, 9175),
	(222, 9176),
	(222, 9177),
	(222, 9178),
	(222, 9179),
	(285, 9180),
	(285, 9181),
	(285, 9182),
	(285, 9183),
	(285, 9184),
	(162, 9191),
	(162, 9192),
	(162, 9193),
	(162, 9194),
	(162, 9195),
	(162, 9196),
	(162, 9197),
	(162, 9198),
	(162, 9199),
	(162, 9200),
	(162, 9201),
	(162, 9202),
	(162, 9203),
	(247, 9204),
	(247, 9205),
	(247, 9206),
	(247, 9207),
	(247, 9208),
	(2, 9209),
	(2, 9210),
	(2, 9211),
	(2, 9212),
	(2, 9213),
	(2, 9214),
	(2, 9215),
	(4, 9216),
	(4, 9217),
	(4, 9218),
	(4, 9219),
	(4, 9220),
	(4, 9221),
	(4, 9222),
	(4, 9223),
	(4, 9224),
	(4, 9225),
	(220, 9226),
	(220, 9227),
	(220, 9228),
	(220, 9229),
	(220, 9230),
	(220, 9231),
	(220, 9232),
	(292, 9233),
	(292, 9234),
	(292, 9235),
	(292, 9236),
	(208, 9237),
	(208, 9238),
	(208, 9239),
	(208, 9240),
	(208, 9241),
	(208, 9242),
	(208, 9243),
	(208, 9244),
	(208, 9245),
	(258, 9246),
	(258, 9247),
	(258, 9248),
	(258, 9249),
	(258, 9250),
	(258, 9251),
	(10, 9252),
	(10, 9253),
	(10, 9254),
	(10, 9255),
	(10, 9256),
	(10, 9257),
	(10, 9258),
	(10, 9259),
	(10, 9260),
	(10, 9261),
	(10, 9262),
	(232, 9263),
	(232, 9264),
	(232, 9265),
	(232, 9266),
	(232, 9267),
	(232, 9268),
	(232, 9269),
	(305, 9270),
	(305, 9271),
	(305, 9272),
	(260, 9273),
	(260, 9274),
	(260, 9275),
	(260, 9276),
	(260, 9277),
	(260, 9278),
	(101, 9279),
	(101, 9280),
	(101, 9281),
	(101, 9282),
	(101, 9283),
	(101, 9284),
	(101, 9285),
	(101, 9286),
	(101, 9287),
	(101, 9288),
	(101, 9289),
	(101, 9290),
	(101, 9291),
	(101, 9292),
	(101, 9293),
	(236, 9294),
	(236, 9295),
	(236, 9296),
	(236, 9297),
	(236, 9298),
	(236, 9299),
	(236, 9300),
	(249, 9301),
	(249, 9302),
	(249, 9303),
	(249, 9304),
	(249, 9305),
	(249, 9306),
	(239, 9307),
	(239, 9308),
	(239, 9309),
	(239, 9310),
	(239, 9311),
	(239, 9312),
	(239, 9313),
	(300, 9314),
	(300, 9315),
	(300, 9316),
	(300, 9317),
	(264, 9318),
	(264, 9319),
	(264, 9320),
	(264, 9321),
	(264, 9322),
	(264, 9323),
	(257, 9324),
	(257, 9325),
	(257, 9326),
	(257, 9327),
	(257, 9328),
	(257, 9329),
	(16, 9330),
	(16, 9331),
	(16, 9332),
	(16, 9333),
	(16, 9334),
	(16, 9335),
	(199, 9336),
	(199, 9337),
	(199, 9338),
	(199, 9339),
	(199, 9340),
	(199, 9341),
	(199, 9342),
	(199, 9343),
	(199, 9344),
	(199, 9345),
	(199, 9346),
	(273, 9347),
	(273, 9348),
	(273, 9349),
	(273, 9350),
	(273, 9351),
	(273, 9352),
	(17, 9353),
	(17, 9354),
	(17, 9355),
	(17, 9356),
	(17, 9357),
	(17, 9358),
	(17, 9359),
	(17, 9360),
	(18, 9361),
	(18, 9362),
	(18, 9363),
	(18, 9364),
	(18, 9365),
	(18, 9366),
	(230, 9367),
	(230, 9368),
	(230, 9369),
	(230, 9370),
	(230, 9371),
	(230, 9372),
	(230, 9373),
	(211, 9374),
	(211, 9375),
	(211, 9376),
	(211, 9377),
	(211, 9378),
	(211, 9379),
	(211, 9380),
	(211, 9381),
	(211, 9382),
	(215, 9383),
	(215, 9384),
	(215, 9385),
	(215, 9386),
	(215, 9387),
	(215, 9388),
	(215, 9389),
	(279, 9390),
	(279, 9391),
	(279, 9392),
	(279, 9393),
	(279, 9394),
	(21, 9395),
	(21, 9396),
	(21, 9397),
	(21, 9398),
	(21, 9399),
	(21, 9400),
	(21, 9401),
	(21, 9402),
	(169, 9403),
	(169, 9404),
	(169, 9405),
	(169, 9406),
	(169, 9407),
	(169, 9408),
	(169, 9409),
	(169, 9410),
	(169, 9411),
	(105, 9412),
	(105, 9413),
	(105, 9414),
	(105, 9415),
	(105, 9416),
	(105, 9417),
	(105, 9418),
	(105, 9419),
	(286, 9420),
	(286, 9421),
	(286, 9422),
	(286, 9423),
	(286, 9424),
	(126, 9425),
	(126, 9426),
	(126, 9427),
	(126, 9428),
	(126, 9429),
	(126, 9430),
	(126, 9431),
	(126, 9432),
	(240, 9433),
	(240, 9434),
	(240, 9435),
	(240, 9436),
	(240, 9437),
	(240, 9438),
	(240, 9439),
	(234, 9440),
	(234, 9441),
	(234, 9442),
	(234, 9443),
	(234, 9444),
	(234, 9445),
	(234, 9446),
	(312, 9447),
	(312, 9448),
	(312, 9449),
	(263, 9450),
	(263, 9451),
	(263, 9452),
	(263, 9453),
	(263, 9454),
	(263, 9455),
	(323, 9456),
	(153, 9457),
	(153, 9458),
	(153, 9459),
	(153, 9460),
	(153, 9461),
	(153, 9462),
	(153, 9463),
	(153, 9464),
	(28, 9465),
	(28, 9466),
	(28, 9467),
	(28, 9468),
	(28, 9469),
	(28, 9470),
	(28, 9471),
	(28, 9472),
	(31, 9473),
	(31, 9474),
	(31, 9475),
	(31, 9476),
	(31, 9477),
	(31, 9478),
	(31, 9479),
	(31, 9480),
	(31, 9481),
	(315, 9482),
	(315, 9483),
	(324, 9484),
	(280, 9485),
	(280, 9486),
	(280, 9487),
	(280, 9488),
	(280, 9489),
	(280, 9490),
	(265, 9491),
	(265, 9492),
	(265, 9493),
	(265, 9494),
	(265, 9495),
	(265, 9496),
	(210, 9497),
	(210, 9498),
	(210, 9499),
	(210, 9500),
	(210, 9501),
	(210, 9502),
	(210, 9503),
	(210, 9504),
	(210, 9505),
	(42, 9517),
	(42, 9518),
	(42, 9519),
	(42, 9520),
	(42, 9521),
	(42, 9522),
	(42, 9523),
	(42, 9524),
	(42, 9525),
	(42, 9526),
	(42, 9527),
	(144, 9528),
	(144, 9529),
	(144, 9530),
	(144, 9531),
	(144, 9532),
	(144, 9533),
	(144, 9534),
	(144, 9535),
	(282, 9536),
	(282, 9537),
	(282, 9538),
	(282, 9539),
	(282, 9540),
	(171, 9541),
	(171, 9542),
	(171, 9543),
	(171, 9544),
	(171, 9545),
	(171, 9546),
	(159, 9547),
	(159, 9548),
	(159, 9549),
	(159, 9550),
	(112, 9551),
	(112, 9552),
	(112, 9553),
	(112, 9554),
	(112, 9555),
	(112, 9556),
	(112, 9557),
	(112, 9558),
	(112, 9559),
	(226, 9560),
	(226, 9561),
	(226, 9562),
	(226, 9563),
	(226, 9564),
	(226, 9565),
	(226, 9566),
	(156, 9567),
	(156, 9568),
	(156, 9569),
	(156, 9570),
	(156, 9571),
	(156, 9572),
	(156, 9573),
	(156, 9574),
	(156, 9575),
	(156, 9576),
	(278, 9577),
	(278, 9578),
	(278, 9579),
	(278, 9580),
	(278, 9581),
	(298, 9582),
	(298, 9583),
	(298, 9584),
	(298, 9585),
	(180, 9586),
	(180, 9587),
	(180, 9588),
	(267, 9589),
	(267, 9590),
	(267, 9591),
	(267, 9592),
	(267, 9593),
	(267, 9594),
	(268, 9595),
	(268, 9596),
	(268, 9597),
	(268, 9598),
	(268, 9599),
	(268, 9600),
	(55, 9611),
	(55, 9612),
	(55, 9613),
	(55, 9614),
	(55, 9615),
	(55, 9616),
	(227, 9617),
	(227, 9618),
	(227, 9619),
	(227, 9620),
	(227, 9621),
	(227, 9622),
	(227, 9623),
	(289, 9624),
	(289, 9625),
	(289, 9626),
	(289, 9627),
	(289, 9628),
	(216, 9629),
	(216, 9630),
	(216, 9631),
	(216, 9632),
	(216, 9633),
	(216, 9634),
	(216, 9635),
	(316, 9636),
	(316, 9637),
	(198, 9638),
	(198, 9639),
	(198, 9640),
	(198, 9641),
	(198, 9642),
	(198, 9643),
	(198, 9644),
	(198, 9645),
	(198, 9646),
	(198, 9647),
	(198, 9648),
	(198, 9649),
	(62, 9650),
	(62, 9651),
	(62, 9652),
	(62, 9653),
	(62, 9654),
	(62, 9655),
	(110, 9656),
	(110, 9657),
	(110, 9658),
	(110, 9659),
	(110, 9660),
	(110, 9661),
	(110, 9662),
	(110, 9663),
	(110, 9664),
	(110, 9665),
	(110, 9666),
	(110, 9667),
	(110, 9668),
	(110, 9669),
	(200, 9670),
	(200, 9671),
	(200, 9672),
	(200, 9673),
	(200, 9674),
	(200, 9675),
	(200, 9676),
	(200, 9677),
	(200, 9678),
	(200, 9679),
	(200, 9680),
	(259, 9681),
	(259, 9682),
	(259, 9683),
	(259, 9684),
	(259, 9685),
	(259, 9686),
	(111, 9687),
	(111, 9688),
	(111, 9689),
	(111, 9690),
	(111, 9691),
	(111, 9692),
	(111, 9693),
	(111, 9694),
	(111, 9695),
	(111, 9696),
	(111, 9697),
	(111, 9698),
	(217, 9704),
	(217, 9705),
	(217, 9706),
	(217, 9707),
	(217, 9708),
	(217, 9709),
	(217, 9710),
	(237, 9711),
	(237, 9712),
	(237, 9713),
	(237, 9714),
	(238, 9715),
	(238, 9716),
	(238, 9717),
	(238, 9718),
	(238, 9719),
	(238, 9720),
	(238, 9721),
	(201, 9722),
	(201, 9723),
	(201, 9724),
	(201, 9725),
	(201, 9726),
	(201, 9727),
	(201, 9728),
	(201, 9729),
	(201, 9730),
	(201, 9731),
	(167, 9732),
	(167, 9733),
	(167, 9734),
	(167, 9735),
	(167, 9736),
	(167, 9737),
	(167, 9738),
	(167, 9739),
	(167, 9740),
	(167, 9741),
	(167, 9742),
	(167, 9743),
	(307, 9744),
	(307, 9745),
	(307, 9746),
	(69, 9747),
	(69, 9748),
	(69, 9749),
	(69, 9750),
	(69, 9751),
	(69, 9752),
	(69, 9753),
	(69, 9754),
	(69, 9755),
	(69, 9756),
	(74, 9757),
	(74, 9758),
	(74, 9759),
	(74, 9760),
	(74, 9761),
	(74, 9762),
	(74, 9763),
	(74, 9764),
	(74, 9765),
	(214, 9766),
	(214, 9767),
	(214, 9768),
	(214, 9769),
	(214, 9770),
	(214, 9771),
	(214, 9772),
	(214, 9773),
	(303, 9774),
	(303, 9775),
	(303, 9776),
	(303, 9777),
	(219, 9778),
	(219, 9779),
	(219, 9780),
	(219, 9781),
	(219, 9782),
	(219, 9783),
	(219, 9784),
	(326, 9791),
	(24, 9792),
	(24, 9793),
	(24, 9794),
	(24, 9795),
	(24, 9796),
	(24, 9797),
	(24, 9798),
	(24, 9799),
	(24, 9800),
	(24, 9801),
	(24, 9802),
	(24, 9803),
	(24, 9804),
	(229, 9805),
	(229, 9806),
	(229, 9807),
	(229, 9808),
	(229, 9809),
	(229, 9810),
	(229, 9811),
	(270, 9812),
	(270, 9813),
	(270, 9814),
	(270, 9815),
	(270, 9816),
	(270, 9817),
	(306, 9818),
	(306, 9819),
	(306, 9820),
	(304, 9821),
	(304, 9822),
	(304, 9823),
	(228, 9824),
	(228, 9825),
	(228, 9826),
	(228, 9827),
	(228, 9828),
	(228, 9829),
	(228, 9830),
	(73, 9831),
	(73, 9832),
	(73, 9833),
	(73, 9834),
	(73, 9835),
	(73, 9836),
	(73, 9837),
	(73, 9838),
	(73, 9839),
	(73, 9840),
	(73, 9841),
	(73, 9842),
	(297, 9843),
	(297, 9844),
	(297, 9845),
	(297, 9846),
	(116, 9847),
	(116, 9848),
	(116, 9849),
	(116, 9850),
	(116, 9851),
	(116, 9852),
	(116, 9853),
	(116, 9854),
	(116, 9855),
	(116, 9856),
	(116, 9857),
	(116, 9858),
	(91, 9859),
	(91, 9860),
	(91, 9861),
	(91, 9862),
	(91, 9863),
	(91, 9864),
	(91, 9865),
	(91, 9866),
	(91, 9867),
	(91, 9868),
	(91, 9869),
	(91, 9870),
	(91, 9871),
	(91, 9872),
	(91, 9873),
	(91, 9874),
	(155, 9875),
	(155, 9876),
	(168, 9880),
	(193, 9881),
	(206, 9883),
	(206, 9884),
	(175, 9891),
	(175, 9892),
	(175, 9893),
	(175, 9894),
	(175, 9895),
	(175, 9896),
	(328, 9901),
	(196, 9902),
	(196, 9903),
	(196, 9904),
	(287, 9905),
	(287, 9906),
	(287, 9907),
	(287, 9908),
	(224, 9909),
	(274, 9910),
	(274, 9911),
	(274, 9912),
	(274, 9913),
	(274, 9914),
	(274, 9915),
	(266, 9916),
	(266, 9917),
	(266, 9918),
	(266, 9919),
	(266, 9920),
	(266, 9921),
	(54, 9922),
	(54, 9923),
	(54, 9924),
	(54, 9925),
	(54, 9926),
	(54, 9927),
	(54, 9928),
	(54, 9929),
	(54, 9930),
	(54, 9931),
	(319, 9932),
	(319, 9933),
	(319, 9934),
	(319, 9935),
	(330, 9937),
	(203, 9938),
	(203, 9939),
	(203, 9940),
	(203, 9941),
	(203, 9942),
	(203, 9943),
	(203, 9944),
	(203, 9945),
	(203, 9946),
	(203, 9947),
	(1, 9948),
	(1, 9949),
	(1, 9950),
	(1, 9951),
	(1, 9952),
	(1, 9953),
	(1, 9954),
	(1, 9955),
	(1, 9956),
	(1, 9957),
	(1, 9958),
	(325, 9959);
/*!40000 ALTER TABLE `MEMBERS_PAYMENTS` ENABLE KEYS */;

-- Export de la structure de la table CERCLE. MEMBERS_STATUS
DROP TABLE IF EXISTS `MEMBERS_STATUS`;
CREATE TABLE IF NOT EXISTS `MEMBERS_STATUS` (
  `MemberID` int(11) DEFAULT NULL,
  `Active` tinyint(4) DEFAULT NULL,
  `Date` date DEFAULT NULL,
  `Current` tinyint(4) DEFAULT NULL,
  KEY `FK_MEMBERS2` (`MemberID`),
  CONSTRAINT `FK_MEMBERS2` FOREIGN KEY (`MemberID`) REFERENCES `MEMBERS` (`ID`)
) ENGINE=InnoDB DEFAULT CHARSET=utf8;

-- Export de données de la table CERCLE.MEMBERS_STATUS : ~368 rows (environ)
DELETE FROM `MEMBERS_STATUS`;
/*!40000 ALTER TABLE `MEMBERS_STATUS` DISABLE KEYS */;
INSERT INTO `MEMBERS_STATUS` (`MemberID`, `Active`, `Date`, `Current`) VALUES
	(21, 1, '2017-09-25', 1),
	(85, 1, '2017-10-20', 0),
	(181, 1, '2018-02-08', 0),
	(23, 1, '2017-10-10', 1),
	(164, 1, '2017-12-19', 0),
	(139, 1, '2017-12-18', 1),
	(69, 1, '2017-09-25', 1),
	(123, 1, '2017-11-09', 0),
	(116, 1, '2017-05-10', 1),
	(87, 1, '2017-10-02', 1),
	(102, 1, '2017-05-10', 0),
	(82, 0, '2017-09-14', 1),
	(58, 1, '2017-09-18', 1),
	(88, 1, '2017-09-21', 0),
	(52, 1, '2017-06-08', 1),
	(104, 0, '2017-05-10', 1),
	(20, 1, '2017-09-05', 1),
	(39, 1, '2017-09-25', 0),
	(143, 0, '2017-05-01', 1),
	(33, 1, '2017-10-05', 1),
	(54, 1, '2017-09-05', 1),
	(74, 1, '2017-09-14', 1),
	(61, 1, '2017-09-28', 1),
	(184, 1, '2018-02-08', 0),
	(26, 1, '2017-09-05', 0),
	(86, 1, '2017-05-10', 0),
	(145, 0, '2017-05-01', 1),
	(16, 1, '2017-10-05', 1),
	(22, 1, '2017-09-14', 0),
	(180, 1, '2018-01-25', 1),
	(105, 1, '2017-07-11', 0),
	(162, 1, '2017-12-12', 0),
	(153, 1, '2017-11-30', 1),
	(1, 1, '2017-09-14', 1),
	(114, 0, '2017-06-01', 1),
	(148, 1, '2017-11-30', 1),
	(127, 0, '2017-12-09', 1),
	(8, 1, '2017-09-15', 1),
	(64, 1, '2017-10-16', 1),
	(166, 1, '2017-12-28', 1),
	(79, 1, '2017-09-25', 0),
	(157, 1, '2017-12-07', 1),
	(48, 1, '2017-10-05', 1),
	(4, 1, '2017-09-18', 1),
	(73, 1, '2017-09-21', 1),
	(31, 1, '2017-09-14', 1),
	(131, 1, '2017-05-01', 1),
	(28, 1, '2017-09-07', 1),
	(11, 1, '2017-05-10', 1),
	(167, 1, '2018-01-03', 1),
	(36, 1, '2017-09-15', 1),
	(168, 1, '2018-01-04', 1),
	(65, 1, '2017-09-07', 1),
	(129, 1, '2017-05-01', 0),
	(77, 1, '2017-09-25', 1),
	(178, 1, '2018-01-25', 0),
	(100, 1, '2017-06-28', 1),
	(6, 1, '2017-10-02', 0),
	(13, 1, '2017-06-01', 0),
	(57, 1, '2017-09-27', 1),
	(109, 1, '2017-06-01', 0),
	(90, 1, '2017-10-16', 0),
	(108, 1, '2017-05-10', 1),
	(160, 1, '2017-12-07', 0),
	(177, 1, '2018-01-25', 0),
	(124, 1, '2017-11-09', 0),
	(156, 0, '2018-01-07', 0),
	(37, 1, '2017-09-28', 1),
	(136, 1, '2017-11-15', 0),
	(101, 1, '2017-06-08', 1),
	(75, 1, '2017-10-16', 1),
	(106, 1, '2017-05-10', 0),
	(111, 1, '2017-05-10', 1),
	(7, 0, '2017-09-05', 1),
	(55, 1, '2017-09-18', 1),
	(107, 1, '2017-07-18', 1),
	(154, 1, '2017-11-30', 0),
	(46, 1, '2017-10-10', 0),
	(12, 1, '2017-09-15', 0),
	(137, 1, '2017-11-15', 1),
	(42, 1, '2017-09-28', 1),
	(172, 1, '2018-01-09', 0),
	(110, 0, '2017-05-10', 0),
	(9, 1, '2017-09-28', 0),
	(165, 1, '2017-12-19', 1),
	(173, 1, '2018-01-09', 0),
	(27, 1, '2017-10-20', 0),
	(103, 1, '2017-05-10', 0),
	(34, 1, '2017-09-12', 0),
	(144, 0, '2017-05-01', 0),
	(63, 1, '2017-09-19', 1),
	(126, 1, '2017-11-09', 1),
	(44, 1, '2017-07-18', 1),
	(132, 1, '2017-05-01', 1),
	(163, 1, '2017-12-19', 0),
	(80, 1, '2017-09-21', 0),
	(175, 1, '2018-01-24', 0),
	(138, 1, '2017-11-15', 1),
	(32, 1, '2017-09-21', 0),
	(176, 1, '2018-01-25', 0),
	(76, 1, '2017-10-05', 0),
	(115, 1, '2017-05-10', 0),
	(112, 1, '2017-06-01', 1),
	(50, 1, '2017-10-05', 0),
	(81, 1, '2017-09-14', 1),
	(99, 1, '2017-09-19', 0),
	(146, 1, '2017-11-21', 1),
	(152, 1, '2017-11-30', 0),
	(67, 1, '2017-09-28', 1),
	(92, 1, '2017-09-18', 1),
	(68, 0, '2017-09-14', 1),
	(25, 1, '2017-09-28', 1),
	(47, 1, '2017-09-21', 1),
	(51, 0, '2017-11-20', 1),
	(125, 1, '2017-11-09', 0),
	(91, 1, '2017-05-10', 1),
	(19, 1, '2017-10-05', 0),
	(174, 1, '2018-01-24', 1),
	(2, 1, '2017-09-05', 1),
	(29, 1, '2017-09-05', 0),
	(171, 1, '2018-01-09', 0),
	(45, 1, '2017-10-05', 1),
	(24, 0, '2017-05-10', 0),
	(155, 1, '2017-12-04', 0),
	(159, 1, '2017-12-07', 1),
	(15, 0, '2017-09-14', 1),
	(113, 1, '2017-06-01', 1),
	(70, 1, '2017-09-21', 1),
	(17, 1, '2017-09-25', 1),
	(10, 1, '2017-09-12', 1),
	(179, 1, '2018-01-25', 1),
	(147, 1, '2017-11-21', 1),
	(183, 1, '2018-02-08', 0),
	(38, 1, '2017-07-11', 1),
	(120, 1, '2017-11-09', 0),
	(122, 0, '2017-12-09', 1),
	(169, 1, '2018-01-08', 0),
	(130, 1, '2017-05-01', 1),
	(66, 1, '2017-07-11', 1),
	(170, 1, '2018-01-08', 0),
	(142, 1, '2017-12-19', 1),
	(49, 1, '2017-09-12', 0),
	(83, 1, '2017-10-05', 0),
	(150, 1, '2017-11-30', 1),
	(128, 1, '2017-05-01', 1),
	(121, 1, '2017-11-09', 1),
	(18, 1, '2017-09-25', 1),
	(59, 1, '2017-09-07', 0),
	(182, 1, '2018-02-08', 1),
	(53, 1, '2017-09-25', 1),
	(78, 1, '2017-10-20', 0),
	(84, 1, '2017-09-21', 0),
	(62, 1, '2017-09-18', 1),
	(43, 1, '2017-09-07', 0),
	(89, 1, '2017-09-08', 1),
	(56, 1, '2017-09-07', 1),
	(149, 1, '2017-11-30', 1),
	(3, 1, '2017-10-17', 0),
	(158, 1, '2017-12-07', 0),
	(127, 1, '2017-11-09', 0),
	(51, 1, '2017-10-20', 0),
	(156, 1, '2017-12-07', 0),
	(122, 1, '2017-11-09', 0),
	(162, 0, '2018-02-10', 0),
	(162, 1, '2018-02-11', 1),
	(186, 1, '2018-02-10', 1),
	(187, 1, '2018-02-11', 0),
	(188, 0, '2018-02-19', 1),
	(189, 1, '2018-02-22', 1),
	(190, 1, '2018-02-24', 0),
	(191, 1, '2018-02-24', 1),
	(156, 1, '2018-03-06', 1),
	(192, 1, '2018-03-06', 1),
	(193, 1, '2018-03-06', 0),
	(110, 1, '2018-03-06', 1),
	(43, 0, '2018-03-11', 1),
	(194, 1, '2018-03-12', 1),
	(195, 1, '2018-03-12', 1),
	(196, 1, '2018-03-22', 1),
	(171, 0, '2018-04-06', 0),
	(190, 0, '2018-05-05', 1),
	(163, 0, '2018-05-05', 1),
	(197, 1, '2018-05-18', 1),
	(198, 1, '2018-05-18', 1),
	(184, 0, '2018-05-18', 1),
	(106, 0, '2018-05-21', 1),
	(199, 1, '2018-05-25', 1),
	(200, 1, '2018-05-26', 1),
	(103, 0, '2018-05-30', 1),
	(115, 0, '2018-05-30', 0),
	(102, 0, '2018-06-01', 1),
	(24, 1, '2018-06-11', 1),
	(201, 1, '2018-06-16', 1),
	(202, 1, '2018-06-19', 1),
	(203, 1, '2018-06-29', 1),
	(204, 1, '2018-07-03', 1),
	(205, 1, '2018-07-03', 0),
	(206, 1, '2018-07-03', 0),
	(109, 0, '2018-07-04', 1),
	(207, 0, '2018-07-05', 1),
	(144, 1, '2018-07-06', 1),
	(208, 1, '2018-07-11', 1),
	(209, 0, '2018-07-17', 1),
	(210, 1, '2018-07-17', 1),
	(211, 1, '2018-07-25', 1),
	(212, 1, '2018-08-20', 1),
	(213, 0, '2018-08-21', 1),
	(214, 1, '2018-08-29', 1),
	(215, 1, '2018-09-04', 1),
	(216, 1, '2018-09-05', 1),
	(217, 1, '2018-09-06', 1),
	(205, 0, '2018-09-06', 1),
	(206, 0, '2018-09-07', 0),
	(218, 1, '2018-09-09', 0),
	(219, 1, '2018-09-10', 1),
	(220, 1, '2018-09-10', 1),
	(222, 1, '2018-09-12', 1),
	(223, 1, '2018-09-14', 1),
	(224, 1, '2018-09-14', 1),
	(225, 1, '2018-09-14', 1),
	(226, 1, '2018-09-14', 1),
	(227, 1, '2018-09-14', 1),
	(228, 1, '2018-09-16', 1),
	(229, 1, '2018-09-16', 1),
	(230, 1, '2018-09-17', 1),
	(231, 1, '2018-09-18', 1),
	(232, 1, '2018-09-18', 1),
	(233, 1, '2018-09-19', 0),
	(234, 1, '2018-09-19', 1),
	(155, 0, '2018-09-20', 0),
	(235, 1, '2018-09-20', 0),
	(236, 1, '2018-09-21', 1),
	(237, 1, '2018-09-22', 1),
	(238, 1, '2018-09-23', 1),
	(169, 0, '2018-09-23', 0),
	(169, 1, '2018-09-23', 0),
	(169, 0, '2018-09-23', 0),
	(239, 1, '2018-09-24', 1),
	(240, 1, '2018-09-25', 1),
	(169, 1, '2018-09-27', 1),
	(241, 1, '2018-09-27', 1),
	(243, 1, '2018-09-29', 0),
	(243, 0, '2018-09-29', 1),
	(244, 0, '2018-09-30', 1),
	(245, 1, '2018-10-02', 1),
	(206, 1, '2018-10-04', 0),
	(247, 1, '2018-10-05', 1),
	(248, 1, '2018-10-05', 0),
	(249, 1, '2018-10-05', 1),
	(250, 1, '2018-10-05', 1),
	(251, 0, '2018-10-05', 1),
	(39, 0, '2018-10-07', 1),
	(120, 0, '2018-10-07', 1),
	(86, 0, '2018-10-07', 1),
	(123, 0, '2018-10-07', 1),
	(252, 1, '2018-10-08', 1),
	(253, 1, '2018-10-08', 0),
	(254, 1, '2018-10-08', 1),
	(255, 0, '2018-10-10', 1),
	(256, 1, '2018-10-10', 1),
	(233, 0, '2018-10-10', 1),
	(257, 1, '2018-10-11', 1),
	(258, 1, '2018-10-11', 1),
	(259, 1, '2018-10-12', 1),
	(260, 1, '2018-10-13', 1),
	(13, 0, '2018-10-13', 1),
	(261, 1, '2018-10-13', 1),
	(262, 1, '2018-10-13', 1),
	(263, 1, '2018-10-14', 1),
	(264, 1, '2018-10-14', 1),
	(265, 1, '2018-10-16', 1),
	(88, 0, '2018-10-16', 1),
	(266, 1, '2018-10-16', 0),
	(267, 1, '2018-10-17', 1),
	(9, 0, '2018-10-17', 1),
	(105, 0, '2018-10-20', 0),
	(268, 1, '2018-10-22', 1),
	(269, 1, '2018-10-22', 1),
	(59, 0, '2018-10-24', 1),
	(26, 0, '2018-10-25', 1),
	(270, 1, '2018-10-25', 1),
	(271, 1, '2018-10-27', 1),
	(272, 1, '2018-10-28', 1),
	(273, 1, '2018-10-29', 1),
	(274, 1, '2018-10-29', 0),
	(105, 1, '2018-10-31', 1),
	(49, 0, '2018-10-31', 1),
	(129, 0, '2018-10-31', 1),
	(275, 1, '2018-10-31', 1),
	(276, 1, '2018-10-31', 1),
	(277, 1, '2018-10-31', 1),
	(278, 1, '2018-11-03', 1),
	(279, 1, '2018-11-03', 1),
	(280, 1, '2018-11-03', 1),
	(281, 1, '2018-11-03', 1),
	(12, 0, '2018-11-04', 1),
	(171, 1, '2018-11-04', 1),
	(282, 1, '2018-11-04', 1),
	(283, 1, '2018-11-05', 1),
	(284, 1, '2018-11-06', 1),
	(115, 1, '2018-11-07', 1),
	(99, 0, '2018-11-08', 1),
	(32, 0, '2018-11-13', 1),
	(285, 1, '2018-11-13', 1),
	(80, 0, '2018-11-15', 1),
	(286, 1, '2018-11-15', 1),
	(287, 1, '2018-11-15', 1),
	(288, 1, '2018-11-15', 1),
	(289, 1, '2018-11-20', 1),
	(6, 0, '2018-11-20', 1),
	(290, 1, '2018-11-22', 1),
	(22, 0, '2018-11-22', 1),
	(291, 1, '2018-11-23', 1),
	(84, 0, '2018-11-23', 1),
	(83, 0, '2018-12-01', 1),
	(76, 0, '2018-12-03', 1),
	(292, 1, '2018-12-03', 1),
	(293, 1, '2018-12-03', 1),
	(19, 0, '2018-12-03', 1),
	(294, 0, '2018-12-05', 1),
	(295, 1, '2018-12-06', 1),
	(27, 0, '2018-12-06', 1),
	(296, 1, '2018-12-13', 1),
	(85, 0, '2018-12-13', 1),
	(297, 1, '2018-12-18', 1),
	(50, 0, '2018-12-18', 1),
	(298, 1, '2018-12-18', 1),
	(3, 0, '2018-12-18', 1),
	(299, 1, '2018-12-20', 1),
	(79, 0, '2018-12-20', 1),
	(300, 1, '2018-12-28', 1),
	(46, 0, '2018-12-28', 1),
	(301, 1, '2018-12-29', 1),
	(90, 0, '2018-12-29', 1),
	(302, 1, '2018-12-29', 1),
	(124, 0, '2018-12-29', 1),
	(303, 1, '2018-12-31', 1),
	(78, 0, '2018-12-31', 1),
	(304, 1, '2019-01-02', 1),
	(125, 0, '2019-01-02', 1),
	(305, 1, '2019-01-04', 1),
	(235, 0, '2019-01-04', 1),
	(248, 0, '2019-01-13', 1),
	(136, 0, '2019-01-13', 1),
	(29, 0, '2019-01-13', 1),
	(306, 1, '2019-01-14', 1),
	(154, 0, '2019-01-14', 1),
	(307, 1, '2019-01-21', 1),
	(308, 1, '2019-01-21', 1),
	(309, 1, '2019-01-21', 1),
	(310, 1, '2019-01-23', 1),
	(164, 0, '2019-01-23', 1),
	(311, 0, '2019-01-25', 1),
	(312, 1, '2019-01-29', 1),
	(34, 0, '2019-01-29', 1),
	(152, 0, '2019-02-08', 1),
	(218, 0, '2019-02-09', 1),
	(314, 1, '2019-02-12', 1),
	(315, 1, '2019-02-14', 1),
	(158, 0, '2019-02-14', 0),
	(316, 1, '2019-02-15', 1),
	(172, 0, '2019-02-15', 1),
	(158, 1, '2019-02-26', 1),
	(183, 0, '2019-02-26', 1),
	(317, 1, '2019-02-28', 1),
	(170, 0, '2019-02-28', 1),
	(318, 1, '2019-03-01', 1),
	(319, 1, '2019-03-06', 1),
	(173, 0, '2019-03-06', 1),
	(181, 0, '2019-03-06', 1),
	(320, 1, '2019-03-10', 1),
	(160, 0, '2019-03-10', 1),
	(155, 1, '2019-03-11', 1),
	(321, 1, '2019-03-14', 1),
	(322, 1, '2019-03-20', 1),
	(178, 0, '2019-03-20', 1),
	(176, 0, '2019-03-20', 1),
	(323, 1, '2019-03-21', 1),
	(324, 1, '2019-03-21', 1),
	(325, 1, '2019-03-21', 0),
	(253, 0, '2019-03-22', 1),
	(177, 0, '2019-03-22', 1),
	(326, 1, '2019-03-26', 1),
	(327, 1, '2019-04-01', 1),
	(187, 0, '2019-04-02', 1),
	(193, 0, '2019-04-07', 1),
	(206, 0, '2019-04-07', 1),
	(175, 0, '2019-04-08', 0),
	(175, 1, '2019-04-08', 1),
	(328, 1, '2019-04-09', 1),
	(274, 0, '2019-04-10', 1),
	(266, 0, '2019-04-10', 1),
	(330, 1, '2019-04-10', 1),
	(331, 0, '2019-04-11', 1),
	(332, 1, '2019-04-15', 1),
	(325, 0, '2019-04-17', 1);
/*!40000 ALTER TABLE `MEMBERS_STATUS` ENABLE KEYS */;

-- Export de la structure de la table CERCLE. PAYMENTS
DROP TABLE IF EXISTS `PAYMENTS`;
CREATE TABLE IF NOT EXISTS `PAYMENTS` (
  `ID` int(11) NOT NULL AUTO_INCREMENT,
  `Amount` decimal(10,2) DEFAULT NULL,
  `Type` enum('Cash','Check','Transfert','Prelev') DEFAULT NULL,
  `ReceptionDate` date DEFAULT NULL,
  `Name` varchar(200) DEFAULT NULL,
  `Debt` decimal(10,2) DEFAULT NULL,
  `Bank` enum('None','Academy','Perso','Coach') NOT NULL DEFAULT 'None',
  `DepotDate` date DEFAULT NULL,
  PRIMARY KEY (`ID`)
) ENGINE=InnoDB AUTO_INCREMENT=9960 DEFAULT CHARSET=utf8;

-- Export de données de la table CERCLE.PAYMENTS : ~1 101 rows (environ)
DELETE FROM `PAYMENTS`;
/*!40000 ALTER TABLE `PAYMENTS` DISABLE KEYS */;
INSERT INTO `PAYMENTS` (`ID`, `Amount`, `Type`, `ReceptionDate`, `Name`, `Debt`, `Bank`, `DepotDate`) VALUES
	(1068, 50.00, 'Cash', '2017-06-01', 'David THOMAS', 30.00, 'None', '2017-10-26'),
	(1078, 56.00, 'Check', '2017-09-14', 'Fabrice BUKASSA', 34.00, 'Academy', '2017-10-04'),
	(1079, 56.00, 'Check', '2017-09-14', 'Fabrice BUKASSA', 34.00, 'Academy', '2017-11-04'),
	(1080, 50.00, 'Cash', '2017-09-14', 'Fabrice BUKASSA', 0.00, 'None', '2017-10-27'),
	(1082, 80.00, 'Check', '2017-05-10', 'Aurianne CHARMET', 48.00, 'Academy', '2017-05-11'),
	(1381, 80.00, 'Cash', '2017-09-14', 'Andrei STRUTGNSHGG', 0.00, 'None', '2017-10-26'),
	(1385, 40.00, 'Cash', '2017-09-14', 'Noel ONIZKO', 0.00, 'None', '2017-10-26'),
	(1758, 70.00, 'Cash', '2017-11-09', 'Denis DAVIDKOV', 0.00, 'None', '2017-11-09'),
	(1759, 30.00, 'Cash', '2017-10-20', 'Olivier KAZ', 0.00, 'None', '2017-10-26'),
	(1764, 80.00, 'Check', '2017-11-09', 'Sofien ZAMITTI', 48.00, 'Academy', '2017-11-10'),
	(1836, 40.00, 'Cash', '2017-09-05', 'John BARFF', 0.00, 'None', '2017-10-26'),
	(2041, 125.00, 'Check', '2017-09-07', 'Yoann GOLESTIN', 75.00, 'Academy', '2017-10-04'),
	(2219, 40.00, 'Cash', '2018-02-23', 'Luc DESCAMPS', 0.00, 'None', '2018-02-23'),
	(2220, 80.00, 'Check', '2017-12-19', 'Matthieu LHOSPITALIER', 48.00, 'Academy', '2018-01-03'),
	(2221, 80.00, 'Check', '2018-02-08', 'Matthieu LHOSPITALIER', 48.00, 'Coach', '2018-02-11'),
	(2257, 80.00, 'Check', '2018-02-08', 'charles-edouard di giampietro', 48.00, 'Academy', '2018-03-03'),
	(2281, 500.00, 'Check', '2017-05-10', 'Jerome DIVAC', 300.00, 'Academy', '2017-05-11'),
	(2315, 200.00, 'Check', '2017-05-10', 'Manuel BRUN', 120.00, 'Academy', '2017-06-04'),
	(2318, 100.00, 'Check', '2017-05-10', 'Amandine BOUVAT', 60.00, 'Academy', '2017-05-11'),
	(2319, 100.00, 'Check', '2017-05-10', 'Amandine BOUVAT', 60.00, 'Academy', '2017-06-04'),
	(2320, 100.00, 'Check', '2017-05-10', 'Amandine BOUVAT', 60.00, 'Academy', '2017-07-05'),
	(2321, 100.00, 'Check', '2017-05-10', 'Amandine BOUVAT', 60.00, 'Academy', '2017-08-02'),
	(2322, 100.00, 'Check', '2017-05-10', 'Amandine BOUVAT', 60.00, 'Academy', '2017-09-05'),
	(2353, 150.00, 'Check', '2018-03-12', 'adams soulaimana', 90.00, 'Academy', '2018-06-04'),
	(2354, 100.00, 'Check', '2018-03-12', 'adams soulaimana', 60.00, 'Academy', '2018-05-03'),
	(2355, 100.00, 'Check', '2018-03-12', 'adams soulaimana', 60.00, 'Academy', '2018-04-03'),
	(2429, 140.00, 'Cash', '2017-06-01', 'Guillaume LE MAUT', 84.00, 'None', '2017-10-26'),
	(2484, 100.00, 'Check', '2017-09-18', 'Farid BOUHAZEM', 60.00, 'Perso', '2018-02-03'),
	(2485, 100.00, 'Check', '2017-09-18', 'Farid BOUHAZEM', 60.00, 'Academy', '2018-01-03'),
	(2486, 100.00, 'Check', '2017-09-18', 'Farid BOUHAZEM', 60.00, 'Academy', '2017-12-04'),
	(2487, 100.00, 'Check', '2017-09-18', 'Farid BOUHAZEM', 60.00, 'Academy', '2017-11-04'),
	(2488, 100.00, 'Check', '2017-09-18', 'Farid BOUHAZEM', 60.00, 'Academy', '2017-10-04'),
	(2489, 55.00, 'Check', '2017-05-10', 'Farid BOUHAZEM', 33.00, 'Academy', '2017-09-05'),
	(2490, 55.00, 'Check', '2017-05-10', 'Farid BOUHAZEM', 33.00, 'Academy', '2017-08-02'),
	(2491, 55.00, 'Check', '2017-05-10', 'Farid BOUHAZEM', 33.00, 'Academy', '2017-07-07'),
	(2492, 55.00, 'Check', '2017-05-10', 'Farid BOUHAZEM', 33.00, 'Academy', '2017-06-04'),
	(2559, 300.00, 'Transfert', '2018-08-20', 'Arthus de Senneville Grave', 180.00, 'None', '2018-08-20'),
	(2658, 50.00, 'Cash', '2018-07-03', 'Andrei SATALOV', 0.00, 'None', '2018-07-03'),
	(2844, 125.00, 'Check', '2018-03-12', 'Nathalie Page', 75.00, 'Academy', '2018-04-03'),
	(2845, 125.00, 'Check', '2018-03-12', 'Nathalie Page', 75.00, 'Academy', '2018-05-03'),
	(2846, 125.00, 'Check', '2018-03-12', 'Nathalie Page', 75.00, 'Academy', '2018-06-04'),
	(2847, 125.00, 'Check', '2018-03-12', 'Nathalie Page', 75.00, 'Academy', '2018-07-03'),
	(2905, 100.00, 'Check', '2017-09-28', 'Stephane NGUYEN', 60.00, 'Academy', '2017-10-04'),
	(2906, 500.00, 'Check', '2017-07-11', 'Stephane NGUYEN', 300.00, 'Academy', '2017-08-02'),
	(2958, 400.00, 'Check', '2017-11-21', 'nicolas duvauchelle', 240.00, 'Academy', '2017-12-04'),
	(2975, 130.00, 'Cash', '2018-05-18', 'Stephane BON', 0.00, 'None', '2018-05-18'),
	(2987, 500.00, 'Transfert', '2018-09-18', 'Abdel-Jalhil TEIBI', 300.00, 'None', '2018-09-18'),
	(3031, 500.00, 'Check', '2017-09-15', 'Didier BARRAUD', 300.00, 'Academy', '2017-09-16'),
	(3179, 300.00, 'Check', '2018-10-02', 'Marc BRAUNSTEIN', 180.00, 'Academy', '2018-10-02'),
	(3193, 380.00, 'Check', '2017-10-02', 'Alexis TRUJILLO', 228.00, 'Academy', '2017-10-04'),
	(3194, 500.00, 'Check', '2018-10-03', 'Alexis TRUJILLO', 300.00, 'Academy', '2018-10-04'),
	(3369, 500.00, 'Transfert', '2018-10-05', 'roman bonaton', 300.00, 'None', '2018-10-05'),
	(3385, 100.00, 'Check', '2018-10-05', 'alexandre chausset', 60.00, 'Perso', '2018-10-05'),
	(3398, 365.00, 'Check', '2017-09-25', 'Delphine GAO', 219.00, 'Academy', '2017-10-04'),
	(3399, 365.00, 'Check', '2017-10-16', 'Delphine GAO', 219.00, 'Academy', '2017-11-04'),
	(3446, 210.00, 'Check', '2017-11-09', 'Simon THULEAU', 126.00, 'Academy', '2017-11-10'),
	(3447, 250.00, 'Check', '2017-09-18', 'Christophe TROEL', 150.00, 'Academy', '2017-11-04'),
	(3448, 250.00, 'Check', '2017-09-18', 'Christophe TROEL', 150.00, 'Academy', '2017-10-04'),
	(3449, 110.00, 'Check', '2017-05-10', 'Christophe TROEL', 66.00, 'Academy', '2017-06-04'),
	(3450, 110.00, 'Check', '2017-05-10', 'Christophe TROEL', 66.00, 'Academy', '2017-05-11'),
	(3473, 250.00, 'Check', '2017-11-09', 'Alessandro ZANNI', 150.00, 'Academy', '2018-03-03'),
	(3474, 100.00, 'Cash', '2017-11-09', 'Alessandro ZANNI', 0.00, 'None', '2017-11-09'),
	(3500, 80.00, 'Cash', '2017-10-05', 'Brice FIGARO', 0.00, 'None', '2017-10-26'),
	(3501, 150.00, 'Cash', '2017-11-15', 'Brice FIGARO', 0.00, 'None', '2017-11-15'),
	(3502, 250.00, 'Cash', '2018-10-05', 'Brice FIGARO', 0.00, 'None', '2018-10-05'),
	(3520, 280.00, 'Check', '2017-09-21', 'Olivier HASSID', 168.00, 'Academy', '2017-10-04'),
	(3521, 280.00, 'Check', '2018-10-05', 'Adrien HASSID', 168.00, 'Academy', '2018-10-10'),
	(3529, 29.70, 'Prelev', '2018-10-05', 'Guillaume BERNARD', 17.82, 'Academy', '2018-10-05'),
	(3536, 120.00, 'Cash', '2017-09-05', 'Bagdad CHECKRI', 0.00, 'None', '2017-10-26'),
	(3537, 50.00, 'Cash', '2018-01-09', 'Bagdad CHECKRI', 0.00, 'None', '2018-01-09'),
	(3538, 125.00, 'Cash', '2018-08-23', 'Bagdad CHECKRI', 0.00, 'None', '2018-08-23'),
	(3539, 50.00, 'Cash', '2018-10-11', 'Bagdad CHECKRI', 0.00, 'None', '2018-10-11'),
	(3540, 500.00, 'Check', '2017-09-12', 'Gauthier BRYSBAERT', 300.00, 'Academy', '2017-12-04'),
	(3541, 80.00, 'Check', '2017-06-01', 'Gauthier BRYSBAERT', 48.00, 'Academy', '2017-06-04'),
	(3542, 300.00, 'Transfert', '2018-10-13', 'florian letellier', 180.00, 'None', '2018-10-13'),
	(3546, 300.00, 'Transfert', '2018-10-13', 'Jean Malard', 180.00, 'None', '2018-10-13'),
	(3547, 350.00, 'Check', '2017-09-21', 'Arthur TSIMI', 210.00, 'Academy', '2017-10-04'),
	(3574, 280.00, 'Check', '2017-09-28', 'Lionel BENICHOU', 168.00, 'Academy', '2017-10-04'),
	(3584, 500.00, 'Check', '2017-09-28', 'Charles MACQUART MOULIN', 300.00, 'Academy', '2017-10-04'),
	(3585, 500.00, 'Check', '2018-10-17', 'Charles MACQUART MOULIN', 300.00, 'Perso', '2018-10-18'),
	(3603, 80.00, 'Check', '2017-09-07', 'Thomas MACHADO', 48.00, 'Academy', '2017-09-07'),
	(3604, 210.00, 'Check', '2017-10-10', 'Thomas MACHADO', 126.00, 'Academy', '2017-12-04'),
	(3605, 210.00, 'Check', '2017-10-10', 'Thomas MACHADO', 126.00, 'Academy', '2017-11-04'),
	(3612, 220.00, 'Check', '2017-09-05', 'Christian DEGUIS', 132.00, 'Academy', '2017-09-06'),
	(3616, 500.00, 'Transfert', '2018-10-28', 'gregoire barat', 300.00, 'None', '2018-10-28'),
	(3620, 500.00, 'Check', '2017-09-12', 'Sylvain JOLIY', 300.00, 'Academy', '2017-09-13'),
	(3621, 500.00, 'Transfert', '2018-10-31', 'Anthar Blizak', 300.00, 'None', '2018-10-31'),
	(3626, 500.00, 'Transfert', '2018-10-31', 'clement ducol', 300.00, 'None', '2018-10-31'),
	(3627, 300.00, 'Transfert', '2018-10-31', 'Marius Ducol', 180.00, 'None', '2018-10-31'),
	(3628, 100.00, 'Check', '2017-09-15', 'Julien BOURGEOIS', 60.00, 'Perso', '2018-02-03'),
	(3629, 100.00, 'Check', '2017-09-15', 'Julien BOURGEOIS', 60.00, 'Academy', '2018-01-03'),
	(3630, 100.00, 'Check', '2017-09-15', 'Julien BOURGEOIS', 60.00, 'Academy', '2017-12-04'),
	(3631, 100.00, 'Check', '2017-09-15', 'Julien BOURGEOIS', 60.00, 'Academy', '2017-11-04'),
	(3632, 100.00, 'Check', '2017-09-15', 'Julien BOURGEOIS', 60.00, 'Academy', '2017-09-16'),
	(3886, 175.00, 'Check', '2017-10-16', 'Jeremy PICOSTE', 105.00, 'Academy', '2017-11-04'),
	(3887, 250.00, 'Check', '2018-11-05', 'Jeremy PICOSTE', 0.00, 'Academy', '2018-11-05'),
	(3888, 250.00, 'Check', '2018-11-05', 'guillaume le bolloch', 150.00, 'Academy', '2018-11-05'),
	(3917, 120.00, 'Cash', '2017-09-19', 'Neo ALZIEU', 0.00, 'None', '2017-10-26'),
	(3931, 160.00, 'Cash', '2018-07-03', 'nassim grainat', 0.00, 'None', '2018-07-03'),
	(3932, 60.00, 'Cash', '2018-11-07', 'Nassim GRAINAT', 0.00, 'None', '2018-11-07'),
	(3935, 250.00, 'Check', '2017-09-21', 'Mickael FERREIRA', 150.00, 'Academy', '2017-10-04'),
	(3936, 250.00, 'Check', '2017-09-21', 'Mickael FERREIRA', 150.00, 'Academy', '2017-11-04'),
	(3957, 200.00, 'Cash', '2017-09-21', 'Mehdi SAIDI', 0.00, 'None', '2017-10-26'),
	(3959, 280.00, 'Check', '2017-10-05', 'Raphael GRESSIN', 168.00, 'Academy', '2017-10-06'),
	(3960, 280.00, 'Check', '2018-10-02', 'simone IRIKI', 168.00, 'Academy', '2018-10-02'),
	(3962, 180.00, 'Cash', '2018-11-15', 'Hamoudi DIAF', 0.00, 'None', '2018-11-15'),
	(3969, 50.00, 'Cash', '2017-10-02', 'Frederique BARDEY', 0.00, 'None', '2017-10-26'),
	(3970, 250.00, 'Check', '2017-10-02', 'Frederique BARDEY', 150.00, 'Academy', '2017-10-04'),
	(3971, 50.00, 'Cash', '2017-11-15', 'Frederique BARDEY', 0.00, 'None', '2017-11-15'),
	(3974, 150.00, 'Check', '2017-09-14', 'Cyril CHIMKIEVITCH', 90.00, 'Academy', '2017-09-15'),
	(3975, 130.00, 'Check', '2018-04-10', 'Cyril CHIMKIEVITCH', 78.00, 'Academy', '2018-05-03'),
	(3977, 100.00, 'Check', '2017-09-21', 'Vincent TERRONI', 60.00, 'Academy', '2017-12-04'),
	(3978, 100.00, 'Check', '2017-09-21', 'Vincent TERRONI', 60.00, 'Academy', '2017-11-04'),
	(3979, 80.00, 'Check', '2017-09-21', 'Vincent TERRONI', 48.00, 'Academy', '2017-10-04'),
	(3980, 80.00, 'Transfert', '2018-11-23', 'Florian Galliou', 48.00, 'None', '2018-11-23'),
	(3982, 280.00, 'Check', '2017-09-18', 'Anne LETESSIER', 168.00, 'Academy', '2017-09-19'),
	(3991, 200.00, 'Cash', '2017-10-05', 'Sylvain TARIN', 0.00, 'None', '2017-10-26'),
	(4014, 210.00, 'Check', '2018-01-24', 'rachel lokiec', 126.00, 'Perso', '2018-02-02'),
	(4015, 600.00, 'Check', '2018-11-22', 'Simon LOKIEC', 360.00, 'Academy', '2018-12-02'),
	(4016, 700.00, 'Check', '2017-09-14', 'Simon FRANQUET', 420.00, 'Academy', '2017-09-15'),
	(4017, 80.00, 'Check', '2017-07-11', 'Simon FRANQUET', 48.00, 'Academy', '2017-08-02'),
	(4018, 200.00, 'Check', '2018-09-19', 'Simon FRANQUET', 120.00, 'Academy', '2018-11-04'),
	(4019, 200.00, 'Check', '2018-09-19', 'Simon FRANQUET', 120.00, 'Academy', '2018-12-02'),
	(4020, 100.00, 'Check', '2018-09-19', 'Simon FRANQUET', 60.00, 'Academy', '2018-10-02'),
	(4021, 100.00, 'Check', '2018-10-08', 'clara deshayes', 60.00, 'Academy', '2018-12-02'),
	(4022, 100.00, 'Check', '2018-10-08', 'clara deshayes', 60.00, 'Academy', '2018-11-04'),
	(4023, 100.00, 'Check', '2018-10-08', 'clara deshayes', 60.00, 'Academy', '2018-10-10'),
	(4024, 500.00, 'Check', '2017-11-30', 'Thibaud DENINGER', 300.00, 'Academy', '2017-12-04'),
	(4025, 150.00, 'Check', '2018-10-09', 'Thibaud DENINGER', 90.00, 'Academy', '2018-10-10'),
	(4026, 150.00, 'Check', '2018-10-09', 'Thibaud DENINGER', 90.00, 'Academy', '2018-11-04'),
	(4027, 200.00, 'Check', '2018-10-09', 'Thibaud DENINGER', 120.00, 'Academy', '2018-12-02'),
	(4033, 1100.00, 'Check', '2017-10-05', 'Mirjana POLJAKOVIC', 700.00, 'Academy', '2017-10-06'),
	(4035, 350.00, 'Check', '2017-10-05', 'Pierre CHAMBON', 210.00, 'Academy', '2017-10-06'),
	(4036, 80.00, 'Check', '2018-12-03', 'Jerome RECULARD', 48.00, 'Perso', '2018-12-05'),
	(4037, 50.00, 'Cash', '2018-12-06', 'Remy Bardey', 0.00, 'None', '2018-12-06'),
	(4038, 500.00, 'Check', '2017-10-20', 'Mamadou? DJOULFAYAN', 300.00, 'Academy', '2017-11-04'),
	(4386, 100.00, 'Cash', '2018-12-13', 'serge peyro', 0.00, 'None', '2018-12-13'),
	(4387, 50.00, 'Cash', '2017-10-20', 'Adrien TIREL', 0.00, 'None', '2017-10-26'),
	(4388, 140.00, 'Check', '2017-12-07', 'Adrien TIREL', 84.00, 'Academy', '2017-12-07'),
	(4389, 140.00, 'Check', '2017-12-07', 'Adrien TIREL', 84.00, 'Academy', '2018-01-03'),
	(4390, 140.00, 'Check', '2017-12-07', 'Adrien TIREL', 84.00, 'Academy', '2018-02-05'),
	(4399, 125.00, 'Check', '2017-10-05', 'Nabil KADID', 75.00, 'Academy', '2018-04-03'),
	(4400, 125.00, 'Check', '2017-10-05', 'Nabil KADID', 75.00, 'Academy', '2017-12-04'),
	(4401, 125.00, 'Check', '2017-10-05', 'Nabil KADID', 75.00, 'Academy', '2017-11-04'),
	(4402, 125.00, 'Check', '2017-10-05', 'Nabil KADID', 75.00, 'Academy', '2017-10-06'),
	(4403, 250.00, 'Check', '2017-10-17', 'Martine ATTALI', 150.00, 'Academy', '2017-12-04'),
	(4404, 250.00, 'Check', '2017-10-17', 'Martine ATTALI', 150.00, 'Academy', '2017-11-04'),
	(4408, 100.00, 'Check', '2017-09-25', 'Djamel SAHRAOUI', 60.00, 'Perso', '2018-06-03'),
	(4409, 100.00, 'Check', '2017-09-25', 'Djamel SAHRAOUI', 60.00, 'Perso', '2018-03-31'),
	(4410, 100.00, 'Check', '2017-09-25', 'Djamel SAHRAOUI', 60.00, 'Perso', '2018-02-01'),
	(4411, 100.00, 'Check', '2017-09-25', 'Djamel SAHRAOUI', 60.00, 'Academy', '2017-12-04'),
	(4412, 150.00, 'Check', '2017-09-25', 'Djamel SAHRAOUI', 110.00, 'Academy', '2017-10-04'),
	(4413, 350.00, 'Check', '2018-12-20', 'wilfried benotmane', 210.00, 'Perso', '2018-12-21'),
	(4416, 250.00, 'Check', '2017-10-10', 'Aime CONTI', 0.00, 'Academy', '2017-11-04'),
	(4417, 250.00, 'Check', '2018-12-20', 'Aime CONTI', 0.00, 'Perso', '2018-12-21'),
	(4418, 200.00, 'Cash', '2017-09-28', 'Olivier DAURARIO', 0.00, 'None', '2017-10-26'),
	(4419, 150.00, 'Check', '2018-09-27', 'Olivier DAURARIO', 90.00, 'Perso', '2018-09-29'),
	(4420, 150.00, 'Check', '2018-09-27', 'Olivier DAURARIO', 90.00, 'Perso', '2018-12-02'),
	(4421, 200.00, 'Check', '2018-09-27', 'Olivier DAURARIO', 120.00, 'Perso', '2018-10-31'),
	(4424, 500.00, 'Check', '2017-05-10', 'Moussa TIMERA', 300.00, 'Academy', '2017-05-11'),
	(4425, 500.00, 'Check', '2018-11-07', 'Moussa TIMERA', 300.00, 'Academy', '2018-11-08'),
	(4428, 500.00, 'Check', '2017-10-10', 'Jules GRUBO', 300.00, 'Academy', '2017-11-04'),
	(4462, 80.00, 'Transfert', '2018-12-29', 'Caroline Brembilla', 48.00, 'None', '2018-12-29'),
	(4463, 100.00, 'Check', '2017-10-16', 'Guillaume VIGNE', 60.00, 'Academy', '2017-11-04'),
	(4464, 100.00, 'Check', '2017-10-16', 'Guillaume VIGNE', 60.00, 'Academy', '2017-12-04'),
	(4465, 100.00, 'Check', '2017-10-16', 'Guillaume VIGNE', 60.00, 'Academy', '2018-02-05'),
	(4466, 100.00, 'Check', '2017-10-16', 'Guillaume VIGNE', 60.00, 'Academy', '2018-03-03'),
	(4467, 100.00, 'Check', '2017-10-16', 'Guillaume VIGNE', 60.00, 'Academy', '2018-05-03'),
	(4469, 350.00, 'Check', '2017-11-09', 'Hichem ARFAOUI', 210.00, 'Academy', '2017-11-10'),
	(4470, 500.00, 'Transfert', '2018-10-10', 'CHARLES SUN', 300.00, 'None', '2018-10-10'),
	(4479, 500.00, 'Check', '2017-10-20', 'Vincent PUYDOYEUX', 300.00, 'Academy', '2017-11-04'),
	(4511, 500.00, 'Check', '2017-11-30', 'Denis CEOLIN', 300.00, 'Academy', '2018-02-05'),
	(4512, 500.00, 'Check', '2018-10-17', 'Denis CEOLIN', 300.00, 'Perso', '2018-10-18'),
	(4523, 500.00, 'Check', '2017-07-18', 'Jorge DO PINHAL', 300.00, 'Academy', '2017-08-02'),
	(4524, 500.00, 'Check', '2018-09-08', 'Jorge DO PINHAL', 300.00, 'Academy', '2018-09-12'),
	(4527, 500.00, 'Check', '2017-09-15', 'Florian FONTRIER', 300.00, 'Academy', '2017-09-16'),
	(4528, 500.00, 'Transfert', '2018-10-25', 'Florian FONTRIER', 300.00, 'None', '2018-10-25'),
	(4543, 170.00, 'Cash', '2017-09-07', 'Matias GOURDON', 0.00, 'None', '2017-10-26'),
	(4544, 80.00, 'Cash', '2017-07-18', 'Matias GOURDON', 40.00, 'None', '2017-10-26'),
	(4545, 250.00, 'Cash', '2018-09-14', 'Matias GOURDON', 0.00, 'None', '2018-09-14'),
	(4554, 500.00, 'Check', '2017-10-05', 'Dominique JACQUES', 300.00, 'Academy', '2017-10-06'),
	(4555, 500.00, 'Check', '2018-12-13', 'Dominique JACQUES', 300.00, 'Perso', '2018-12-15'),
	(4556, 500.00, 'Check', '2017-09-27', 'Artyom KORMESHOV', 300.00, 'Academy', '2017-10-04'),
	(4557, 100.00, 'Check', '2017-06-08', 'Artyom KORMESHOV', 60.00, 'Academy', '2017-07-05'),
	(4558, 500.00, 'Check', '2018-10-17', 'Artyom KORMESHOV', 300.00, 'Academy', '2018-10-18'),
	(4559, 350.00, 'Check', '2017-06-28', 'Frederique AMBROISE', 210.00, 'Academy', '2017-07-05'),
	(4560, 350.00, 'Check', '2018-07-04', 'Frederique AMBROISE', 210.00, 'Perso', '2018-07-05'),
	(4564, 500.00, 'Check', '2017-09-27', 'Gregory LETELLIER', 300.00, 'Academy', '2017-10-04'),
	(4565, 500.00, 'Transfert', '2018-09-21', 'Gregory LETELLIER', 300.00, 'None', '2018-09-21'),
	(4577, 450.00, 'Check', '2017-09-07', 'Yohann LES ENFANT', 270.00, 'Academy', '2017-09-07'),
	(4578, 500.00, 'Transfert', '2018-09-03', 'Yohann LES ENFANT', 300.00, 'None', '2018-09-03'),
	(4579, 500.00, 'Check', '2017-09-19', 'Marco MARZILLI', 300.00, 'Academy', '2017-10-04'),
	(4580, 500.00, 'Transfert', '2018-09-03', 'Marco MARZILLI', 300.00, 'None', '2018-09-03'),
	(4599, 500.00, 'Check', '2017-10-16', 'Didier MAUS', 300.00, 'Academy', '2017-11-04'),
	(4600, 500.00, 'Transfert', '2018-11-28', 'Didier MAUS', 300.00, 'None', '2018-11-28'),
	(4614, 210.00, 'Check', '2017-06-01', 'Samuel OLIVIER', 126.00, 'Academy', '2017-07-05'),
	(4615, 210.00, 'Check', '2017-06-01', 'Samuel OLIVIER', 126.00, 'Academy', '2017-06-04'),
	(4616, 500.00, 'Check', '2018-05-18', 'Samuel OLIVIER', 300.00, 'Academy', '2018-06-04'),
	(4628, 200.00, 'Check', '2017-09-14', 'Nelson SILVA', 120.00, 'Academy', '2017-11-04'),
	(4629, 150.00, 'Check', '2017-09-14', 'Nelson SILVA', 90.00, 'Academy', '2017-10-04'),
	(4630, 150.00, 'Check', '2017-09-14', 'Nelson SILVA', 90.00, 'Academy', '2017-09-15'),
	(4631, 200.00, 'Check', '2018-09-11', 'Nelson SILVA', 120.00, 'Perso', '2018-11-08'),
	(4632, 200.00, 'Check', '2018-09-11', 'Nelson SILVA', 120.00, 'Perso', '2018-12-11'),
	(4633, 100.00, 'Check', '2018-09-11', 'Nelson SILVA', 60.00, 'Perso', '2018-10-10'),
	(4656, 80.00, 'Check', '2017-09-18', 'Nissim ZERBIB', 48.00, 'Academy', '2017-09-19'),
	(4657, 420.00, 'Check', '2017-10-16', 'Nissim ZERBIB', 252.00, 'Academy', '2017-11-04'),
	(4658, 500.00, 'Check', '2018-09-08', 'Nissim ZERBIB', 300.00, 'Perso', '2018-09-08'),
	(4659, 250.00, 'Check', '2017-11-09', 'Olivier ROINEL', 150.00, 'Perso', '2018-01-03'),
	(4660, 250.00, 'Check', '2017-11-09', 'Olivier ROINEL', 150.00, 'Academy', '2017-11-10'),
	(4685, 200.00, 'Check', '2017-09-28', 'Nicolas NZAMBA', 120.00, 'Academy', '2017-11-04'),
	(4686, 150.00, 'Check', '2017-09-28', 'Nicolas NZAMBA', 90.00, 'Academy', '2017-12-04'),
	(4687, 150.00, 'Check', '2017-09-28', 'Nicolas NZAMBA', 90.00, 'Academy', '2017-10-04'),
	(4688, 200.00, 'Check', '2018-11-13', 'Nicolas NZAMBA', 120.00, 'Perso', '2018-11-14'),
	(4689, 200.00, 'Check', '2018-11-13', 'Nicolas NZAMBA', 120.00, 'Perso', '2018-12-02'),
	(4690, 100.00, 'Check', '2018-11-13', 'Nicolas NZAMBA', 60.00, 'Perso', '2019-01-03'),
	(4691, 50.00, 'Check', '2017-12-07', 'dominique BOYER', 30.00, 'Academy', '2017-12-07'),
	(4692, 50.00, 'Check', '2017-12-07', 'dominique BOYER', 30.00, 'Academy', '2018-01-03'),
	(4693, 50.00, 'Check', '2017-12-07', 'dominique BOYER', 30.00, 'Perso', '2018-02-01'),
	(4694, 50.00, 'Check', '2017-12-07', 'dominique BOYER', 30.00, 'Coach', '2018-03-07'),
	(4695, 50.00, 'Check', '2018-11-06', 'Dominique BOYER', 30.00, 'Perso', '2018-12-02'),
	(4696, 50.00, 'Check', '2018-11-06', 'Dominique BOYER', 30.00, 'Perso', '2019-01-03'),
	(4697, 100.00, 'Check', '2018-11-06', 'Dominique BOYER', 60.00, 'None', '2018-11-06'),
	(4698, 500.00, 'Check', '2017-11-30', 'Yohann LY', 300.00, 'Academy', '2017-12-04'),
	(4699, 500.00, 'Check', '2018-12-06', 'Yohann LY', 300.00, 'Academy', '2019-01-03'),
	(4700, 100.00, 'Check', '2017-11-15', 'Michel-ange MATOUBA', 60.00, 'Academy', '2017-12-04'),
	(4701, 100.00, 'Check', '2017-11-15', 'Michel-ange MATOUBA', 60.00, 'Academy', '2018-01-03'),
	(4702, 75.00, 'Check', '2017-11-15', 'Michel-ange MATOUBA', 45.00, 'Academy', '2018-02-05'),
	(4703, 125.00, 'Check', '2018-11-13', 'Michel-Ange MATOUBA', 75.00, 'Academy', '2018-12-02'),
	(4704, 125.00, 'Check', '2018-11-13', 'Michel-Ange MATOUBA', 75.00, 'Academy', '2019-01-03'),
	(4734, 200.00, 'Cash', '2017-12-28', 'dioumé sangaré', 0.00, 'None', '2017-12-28'),
	(4735, 200.00, 'Cash', '2019-01-04', 'Dioumé SANGARÉ', 0.00, 'None', '2019-01-04'),
	(4736, 41.58, 'Prelev', '2018-10-05', 'Julien FAURE', 24.95, 'Academy', '2018-10-05'),
	(4737, 41.58, 'Prelev', '2018-11-05', 'Julien FAURE', 24.95, 'Academy', '2018-11-05'),
	(4738, 41.58, 'Prelev', '2018-12-07', 'Julien FAURE', 24.95, 'Academy', '2018-12-07'),
	(6104, 41.58, 'Prelev', '2018-11-05', 'Thomas PAYET', 24.95, 'Academy', '2018-11-05'),
	(6105, 41.58, 'Prelev', '2018-12-07', 'Thomas PAYET', 24.95, 'Academy', '2018-12-07'),
	(6106, 41.58, 'Prelev', '2019-01-08', 'Thomas PAYET', 24.95, 'Academy', '2019-01-08'),
	(6107, 350.00, 'Check', '2017-11-15', 'QUINQUENEL Jean-Baptiste', 210.00, 'Academy', '2017-12-04'),
	(6108, 100.00, 'Cash', '2017-09-05', 'Raphael DOS SANTOS', 0.00, 'None', '2017-10-26'),
	(6109, 250.00, 'Cash', '2017-11-09', 'Raphael DOS SANTOS', 0.00, 'None', '2017-11-09'),
	(6110, 200.00, 'Check', '2017-11-30', 'Juan NERINA', 120.00, 'Perso', '2018-02-02'),
	(6111, 150.00, 'Check', '2017-11-30', 'Juan NERINA', 90.00, 'Perso', '2018-03-03'),
	(6112, 150.00, 'Check', '2017-11-30', 'Juan NERINA', 90.00, 'Perso', '2018-03-31'),
	(6136, 250.00, 'Cash', '2017-12-19', 'aissa eddami', 0.00, 'None', '2017-12-19'),
	(6137, 500.00, 'Check', '2019-01-21', 'tristan hannesson', 300.00, 'Perso', '2019-01-24'),
	(6138, 125.00, 'Check', '2017-11-21', 'Sebastien LOPES', 75.00, 'Academy', '2017-12-04'),
	(6139, 125.00, 'Check', '2017-11-21', 'Sebastien LOPES', 75.00, 'Academy', '2018-01-03'),
	(6140, 75.00, 'Cash', '2019-01-15', 'Sebastien LOPES', 0.00, 'None', '2019-01-15'),
	(6141, 100.00, 'Check', '2019-01-15', 'Sebastien LOPES', 60.00, 'Perso', '2019-01-24'),
	(6154, 125.00, 'Check', '2017-09-12', 'Marc antoine FIGHIERA', 75.00, 'Academy', '2017-09-13'),
	(6155, 125.00, 'Check', '2017-09-21', 'Marc antoine FIGHIERA', 75.00, 'Academy', '2017-10-04'),
	(6156, 125.00, 'Check', '2017-09-21', 'Marc antoine FIGHIERA', 75.00, 'Academy', '2017-11-04'),
	(6157, 125.00, 'Check', '2017-09-21', 'Marc antoine FIGHIERA', 75.00, 'Academy', '2017-12-04'),
	(6158, 350.00, 'Check', '2017-09-25', 'François David PUCHEU LASHORES', 210.00, 'Academy', '2017-10-04'),
	(6159, 350.00, 'Check', '2018-10-11', 'François David PUCHEU LASHORES', 210.00, 'Perso', '2018-10-13'),
	(6160, 200.00, 'Check', '2017-11-15', 'FARAUT Julien', 120.00, 'Academy', '2018-01-03'),
	(6161, 200.00, 'Check', '2017-11-15', 'FARAUT Julien', 120.00, 'Academy', '2017-12-04'),
	(6162, 200.00, 'Check', '2018-11-29', 'Julien FARAUT', 120.00, 'Academy', '2019-01-03'),
	(6163, 150.00, 'Check', '2018-11-29', 'Julien FARAUT', 90.00, 'Academy', '2018-12-02'),
	(6164, 150.00, 'Check', '2018-11-29', 'Julien FARAUT', 90.00, 'Academy', '2019-02-06'),
	(7708, 200.00, 'Cash', '2017-09-08', 'Yohan VERGNE', 0.00, 'None', '2017-10-26'),
	(7709, 500.00, 'Transfert', '2018-09-07', 'Yohan VERGNE', 300.00, 'None', '2018-09-07'),
	(7710, 350.00, 'Check', '2018-09-27', 'fabien nguyen', 210.00, 'Perso', '2018-09-29'),
	(7711, 250.00, 'Check', '2017-09-28', 'Jean Paul FOURNET', 150.00, 'Academy', '2017-10-04'),
	(7712, 250.00, 'Check', '2017-09-28', 'Jean Paul FOURNET', 150.00, 'Academy', '2017-11-04'),
	(7713, 500.00, 'Transfert', '2018-09-11', 'Jean Paul FOURNET', 300.00, 'None', '2018-09-11'),
	(7722, 500.00, 'Check', '2017-11-30', 'Nicolas MALARD', 300.00, 'Academy', '2017-12-04'),
	(7723, 41.58, 'Prelev', '2018-10-05', 'Frédéric JACQUET', 24.95, 'Academy', '2018-10-05'),
	(7724, 41.58, 'Prelev', '2018-11-05', 'Frédéric JACQUET', 24.95, 'Academy', '2018-11-05'),
	(7725, 41.58, 'Prelev', '2018-12-07', 'Frédéric JACQUET', 24.95, 'Academy', '2018-12-07'),
	(7726, 41.58, 'Prelev', '2019-01-08', 'Frédéric JACQUET', 24.95, 'Academy', '2019-01-08'),
	(7727, 41.58, 'Prelev', '2019-02-07', 'Frédéric JACQUET', 24.95, 'Academy', '2019-02-07'),
	(7730, 500.00, 'Check', '2017-12-19', 'Sylvain DESHORS', 300.00, 'Perso', '2018-01-03'),
	(7731, 500.00, 'Check', '2019-02-12', 'Sylvain DESHORS', 300.00, 'Perso', '2019-02-12'),
	(7744, 250.00, 'Check', '2018-01-09', 'kamal ydir', 150.00, 'Academy', '2018-02-05'),
	(7745, 250.00, 'Check', '2018-01-09', 'kamal ydir', 150.00, 'Academy', '2018-05-03'),
	(7755, 80.00, 'Check', '2017-11-09', 'Thomas BISSON', 48.00, 'Academy', '2017-11-10'),
	(7756, 420.00, 'Check', '2018-01-09', 'Thomas BISSON', 252.00, 'Perso', '2018-01-10'),
	(7757, 500.00, 'Transfert', '2019-02-22', 'Thomas BISSON', 300.00, 'None', '2019-02-22'),
	(7768, 100.00, 'Check', '2018-02-08', 'dalila Hiba', 60.00, 'Perso', '2018-04-23'),
	(7769, 100.00, 'Check', '2018-02-08', 'dalila Hiba', 60.00, 'Perso', '2018-05-03'),
	(7770, 100.00, 'Check', '2018-02-08', 'dalila Hiba', 60.00, 'Perso', '2018-06-03'),
	(7771, 150.00, 'Check', '2017-12-19', 'lothaire epee', 90.00, 'Academy', '2018-03-03'),
	(7772, 150.00, 'Check', '2017-12-19', 'lothaire epee', 90.00, 'Academy', '2018-02-05'),
	(7773, 200.00, 'Check', '2017-12-19', 'lothaire epee', 120.00, 'Academy', '2018-01-03'),
	(7777, 250.00, 'Cash', '2019-02-28', 'Adem Nazef', 0.00, 'None', '2019-02-28'),
	(7778, 100.00, 'Check', '2018-01-08', 'sully chanteur', 60.00, 'Academy', '2018-02-05'),
	(7779, 100.00, 'Check', '2018-01-08', 'sully chanteur', 60.00, 'Perso', '2018-03-03'),
	(7780, 100.00, 'Check', '2018-01-08', 'sully chanteur', 60.00, 'Perso', '2018-03-31'),
	(7781, 50.00, 'Check', '2018-01-08', 'sully chanteur', 30.00, 'Academy', '2018-05-03'),
	(7785, 80.00, 'Transfert', '2018-12-29', 'Alexia Rouet-Leduc', 48.00, 'None', '2018-12-29'),
	(7786, 80.00, 'Transfert', '2019-03-02', 'Alexia ROUET-LEDUC', 48.00, 'None', '2019-03-02'),
	(7787, 100.00, 'Check', '2018-11-06', 'mustapha amara', 60.00, 'Academy', '2018-12-11'),
	(7788, 100.00, 'Check', '2018-11-06', 'mustapha amara', 60.00, 'Academy', '2019-03-06'),
	(7789, 100.00, 'Check', '2018-11-06', 'mustapha amara', 60.00, 'None', '2018-11-06'),
	(7790, 160.00, 'Check', '2017-12-07', 'zou thien du chabert', 96.00, 'Academy', '2017-12-07'),
	(7791, 170.00, 'Check', '2018-02-08', 'Zou THIEN DU CHABERT', 102.00, 'Coach', '2018-02-11'),
	(7792, 170.00, 'Check', '2018-02-08', 'Zou THIEN DU CHABERT', 102.00, 'Coach', '2018-03-07'),
	(7793, 500.00, 'Check', '2019-02-26', 'Zou THIEN DU CHABERT', 300.00, 'Academy', '2019-03-06'),
	(7800, 125.00, 'Check', '2018-11-07', 'Manon BERIOT', 75.00, 'Academy', '2018-11-08'),
	(7801, 125.00, 'Check', '2018-11-07', 'Manon BERIOT', 75.00, 'Academy', '2019-01-03'),
	(7802, 125.00, 'Check', '2018-11-07', 'Manon BERIOT', 75.00, 'Academy', '2019-02-06'),
	(7803, 125.00, 'Check', '2018-11-07', 'Manon BERIOT', 75.00, 'Academy', '2019-03-06'),
	(7810, 200.00, 'Check', '2017-09-25', 'Vincent LACERENZA', 120.00, 'Perso', '2018-02-03'),
	(7811, 150.00, 'Check', '2017-09-25', 'Vincent LACERENZA', 90.00, 'Academy', '2017-12-04'),
	(7812, 150.00, 'Check', '2017-09-25', 'Vincent LACERENZA', 90.00, 'Academy', '2017-10-04'),
	(7813, 200.00, 'Check', '2018-10-22', 'Vincent LACERENZA', 120.00, 'Perso', '2018-10-22'),
	(7814, 150.00, 'Check', '2018-10-22', 'Vincent LACERENZA', 90.00, 'Perso', '2019-01-03'),
	(7815, 150.00, 'Check', '2018-10-22', 'Vincent LACERENZA', 90.00, 'Perso', '2019-03-06'),
	(7820, 250.00, 'Check', '2018-01-09', 'malik n\'diaw', 150.00, 'Academy', '2018-02-05'),
	(7821, 250.00, 'Check', '2018-01-09', 'malik n\'diaw', 150.00, 'Academy', '2018-03-03'),
	(7822, 80.00, 'Check', '2018-02-08', 'ahmed alla', 48.00, 'Academy', '2018-03-03'),
	(7823, 140.00, 'Check', '2018-03-06', 'Ahmed ALLA', 84.00, 'Coach', '2018-03-07'),
	(7824, 140.00, 'Check', '2018-03-06', 'Ahmed ALLA', 84.00, 'Perso', '2018-03-31'),
	(7825, 140.00, 'Check', '2018-03-06', 'Ahmed ALLA', 84.00, 'Academy', '2018-05-03'),
	(9046, 200.00, 'Check', '2017-12-07', 'Hernan VASQUEZ MORA', 120.00, 'Perso', '2017-12-17'),
	(9047, 200.00, 'Check', '2017-12-07', 'Hernan VASQUEZ MORA', 120.00, 'Perso', '2018-02-02'),
	(9069, 500.00, 'Check', '2018-02-08', 'dominique pedinielli', 300.00, 'Academy', '2018-03-03'),
	(9070, 250.00, 'Check', '2019-02-19', 'Tiziano PEDINIELLI', 150.00, 'Perso', '2019-02-28'),
	(9071, 250.00, 'Check', '2019-02-19', 'Tiziano PEDINIELLI', 150.00, 'Perso', '2019-03-18'),
	(9072, 350.00, 'Check', '2018-03-06', 'louis blech-semin', 210.00, 'Academy', '2018-04-03'),
	(9073, 500.00, 'Check', '2019-03-14', 'Louis BLECH-SEMIN', 300.00, 'Perso', '2019-03-18'),
	(9074, 40.00, 'Cash', '2019-03-20', 'Vincent Baudet', 0.00, 'None', '2019-03-20'),
	(9075, 80.00, 'Check', '2018-01-25', 'frederic carpentier', 48.00, 'Academy', '2018-02-05'),
	(9076, 120.00, 'Check', '2018-04-10', 'Frederic CARPENTIER', 72.00, 'Perso', '2018-06-03'),
	(9077, 150.00, 'Check', '2018-04-10', 'Frederic CARPENTIER', 90.00, 'Perso', '2018-05-03'),
	(9078, 150.00, 'Check', '2018-04-10', 'Frederic CARPENTIER', 90.00, 'Perso', '2018-04-11'),
	(9079, 150.00, 'Check', '2018-01-25', 'mike latka', 90.00, 'Academy', '2018-04-03'),
	(9080, 200.00, 'Check', '2018-01-25', 'mike latka', 120.00, 'Academy', '2018-05-03'),
	(9081, 150.00, 'Check', '2018-01-25', 'mike latka', 90.00, 'Academy', '2018-03-03'),
	(9097, 500.00, 'Check', '2017-09-07', 'Franck NGUYEN', 300.00, 'Academy', '2017-09-07'),
	(9098, 500.00, 'Check', '2018-09-12', 'Franck NGUYEN', 300.00, 'Academy', '2018-09-12'),
	(9117, 100.00, 'Check', '2018-10-08', 'Modango ABDULKARIMOV', 60.00, 'Perso', '2018-10-10'),
	(9118, 150.00, 'Check', '2018-01-25', 'herve gaillard', 90.00, 'Perso', '2018-03-03'),
	(9119, 100.00, 'Check', '2018-01-25', 'herve gaillard', 60.00, 'Perso', '2018-03-31'),
	(9120, 100.00, 'Check', '2018-01-25', 'herve gaillard', 60.00, 'Perso', '2018-02-03'),
	(9126, 80.00, 'Transfert', '2019-03-10', 'Benjamin Claquin', 48.00, 'None', '2019-03-10'),
	(9127, 500.00, 'Check', '2017-05-10', 'Gwenael HUET', 300.00, 'Academy', '2017-05-11'),
	(9128, 500.00, 'Check', '2018-03-06', 'Gwenael HUET', 300.00, 'Academy', '2018-04-03'),
	(9129, 500.00, 'Transfert', '2019-03-28', 'Gwenael HUET', 300.00, 'None', '2019-03-28'),
	(9131, 200.00, 'Check', '2019-02-12', 'Alexandre TSOTSOULAS', 120.00, 'Perso', '2019-02-12'),
	(9132, 200.00, 'Check', '2019-02-12', 'Alexandre TSOTSOULAS', 120.00, 'Perso', '2019-03-06'),
	(9133, 100.00, 'Check', '2019-02-12', 'Alexandre TSOTSOULAS', 60.00, 'Perso', '2019-04-02'),
	(9134, 100.00, 'Check', '2019-04-01', 'maelann logeais', 60.00, 'Perso', '2019-04-02'),
	(9135, 200.00, 'Check', '2019-01-21', 'Laurent Hauguel', 120.00, 'Academy', '2019-04-02'),
	(9136, 200.00, 'Check', '2019-01-21', 'Laurent Hauguel', 120.00, 'Academy', '2019-03-06'),
	(9137, 150.00, 'Check', '2019-01-21', 'Laurent Hauguel', 90.00, 'Academy', '2019-02-06'),
	(9138, 250.00, 'Check', '2018-01-25', 'sebastien bottey', 150.00, 'Academy', '2018-02-05'),
	(9139, 250.00, 'Check', '2018-01-25', 'sebastien bottey', 150.00, 'Academy', '2018-03-03'),
	(9140, 250.00, 'Check', '2019-02-08', 'Sebastien BOTTEY', 150.00, 'Academy', '2019-03-06'),
	(9141, 250.00, 'Check', '2019-02-08', 'Sebastien BOTTEY', 150.00, 'Academy', '2019-04-02'),
	(9142, 250.00, 'Check', '2019-03-01', 'alexis Roch', 150.00, 'Academy', '2019-03-06'),
	(9143, 250.00, 'Check', '2019-03-01', 'alexis Roch', 150.00, 'Academy', '2019-04-02'),
	(9144, 100.00, 'Check', '2019-03-14', 'ethann origas', 60.00, 'Academy', '2019-04-02'),
	(9145, 50.00, 'Cash', '2019-03-14', 'ethann origas', 0.00, 'None', '2019-03-14'),
	(9146, 50.00, 'Check', '2017-10-16', 'Marc PELLET', 30.00, 'Academy', '2017-11-04'),
	(9147, 150.00, 'Check', '2017-09-21', 'Nathalie VANDERBURG', 90.00, 'Academy', '2017-10-04'),
	(9148, 100.00, 'Check', '2017-09-25', 'Nathalie VANDERBURG', 60.00, 'Academy', '2017-11-04'),
	(9149, 150.00, 'Check', '2018-11-19', 'Nathalie VANDERBURG', 90.00, 'Academy', '2018-11-19'),
	(9150, 150.00, 'Check', '2019-03-28', 'Samuel PELLET', 90.00, 'Academy', '2019-04-02'),
	(9151, 500.00, 'Check', '2018-02-11', 'ABDELKRIM AMROUCHE', 300.00, 'Academy', '2018-03-03'),
	(9157, 80.00, 'Check', '2018-11-07', 'Thomas ROYERE', 48.00, 'Academy', '2018-11-08'),
	(9158, 500.00, 'Transfert', '2019-01-15', 'Thomas ROYERE', 300.00, 'None', '2019-01-19'),
	(9159, 300.00, 'Transfert', '2018-10-08', 'Isaura Bourgeois', 180.00, 'None', '2018-10-08'),
	(9170, 41.58, 'Prelev', '2019-02-07', ' Laurent ALBUCHER', 24.95, 'Academy', '2019-02-07'),
	(9171, 41.58, 'Prelev', '2019-03-07', 'Laurent ALBUCHER', 24.95, 'Academy', '2019-03-07'),
	(9172, 41.58, 'Prelev', '2019-04-07', 'Laurent ALBUCHER', 24.95, 'Academy', '2019-04-07'),
	(9173, 41.58, 'Prelev', '2018-10-05', 'Iraklis ALEXANDRIDIS', 24.95, 'Academy', '2018-10-05'),
	(9174, 41.58, 'Prelev', '2018-11-05', 'Iraklis ALEXANDRIDIS', 24.95, 'Academy', '2018-11-05'),
	(9175, 41.58, 'Prelev', '2018-12-07', 'Iraklis ALEXANDRIDIS', 24.95, 'Academy', '2018-12-07'),
	(9176, 41.58, 'Prelev', '2019-01-08', 'Iraklis ALEXANDRIDIS', 24.95, 'Academy', '2019-01-08'),
	(9177, 41.58, 'Prelev', '2019-02-07', 'Iraklis ALEXANDRIDIS', 24.95, 'Academy', '2019-02-07'),
	(9178, 41.58, 'Prelev', '2019-03-07', 'Iraklis ALEXANDRIDIS', 24.95, 'Academy', '2019-03-07'),
	(9179, 41.58, 'Prelev', '2019-04-07', 'Iraklis ALEXANDRIDIS', 24.95, 'Academy', '2019-04-07'),
	(9180, 41.58, 'Prelev', '2018-12-07', 'Mike ALFREDO', 24.95, 'Academy', '2018-12-07'),
	(9181, 41.58, 'Prelev', '2019-01-08', 'Mike ALFREDO', 24.95, 'Academy', '2019-01-08'),
	(9182, 41.58, 'Prelev', '2019-02-07', 'Mike ALFREDO', 24.95, 'Academy', '2019-02-07'),
	(9183, 41.58, 'Prelev', '2019-03-07', 'Mike ALFREDO', 24.95, 'Academy', '2019-03-07'),
	(9184, 41.58, 'Prelev', '2019-04-07', 'Mike ALFREDO', 24.95, 'Academy', '2019-04-07'),
	(9191, 50.00, 'Cash', '2017-12-12', 'david ankri', 0.00, 'None', '2017-12-12'),
	(9192, 120.00, 'Check', '2017-12-26', 'David ANKRI', 72.00, 'Perso', '2017-12-26'),
	(9193, 140.00, 'Check', '2017-12-26', 'David ANKRI', 84.00, 'Perso', '2018-01-08'),
	(9194, 140.00, 'Check', '2017-12-26', 'David ANKRI', 84.00, 'Perso', '2018-02-07'),
	(9195, 41.58, 'Prelev', '2018-08-05', 'David ANKRI', 24.95, 'Academy', '2018-08-05'),
	(9196, 41.58, 'Prelev', '2018-09-05', 'David ANKRI', 24.95, 'Academy', '2018-09-05'),
	(9197, 41.58, 'Prelev', '2018-10-05', 'David ANKRI', 24.95, 'Academy', '2018-10-05'),
	(9198, 41.58, 'Prelev', '2018-11-05', 'David ANKRI', 24.95, 'Academy', '2018-11-05'),
	(9199, 41.58, 'Prelev', '2018-12-07', 'David ANKRI', 24.95, 'Academy', '2018-12-07'),
	(9200, 41.58, 'Prelev', '2019-01-08', 'David ANKRI', 24.95, 'Academy', '2019-01-08'),
	(9201, 41.58, 'Prelev', '2019-02-07', 'David ANKRI', 24.95, 'Academy', '2019-02-07'),
	(9202, 41.58, 'Prelev', '2019-03-07', 'David ANKRI', 24.95, 'Academy', '2019-03-07'),
	(9203, 41.58, 'Prelev', '2019-04-07', 'David ANKRI', 24.95, 'Academy', '2019-04-07'),
	(9204, 80.00, 'Transfert', '2018-10-05', 'Aurélien Appéré', 48.00, 'None', '2018-10-05'),
	(9205, 41.58, 'Prelev', '2019-01-08', 'Aurélien APPÉRÉ', 24.95, 'Academy', '2019-01-08'),
	(9206, 41.58, 'Prelev', '2019-02-07', 'Aurélien APPÉRÉ', 24.95, 'Academy', '2019-02-07'),
	(9207, 41.58, 'Prelev', '2019-03-07', 'Aurélien APPÉRÉ', 24.95, 'Academy', '2019-03-07'),
	(9208, 41.58, 'Prelev', '2019-04-07', 'Aurélien APPÉRÉ', 24.95, 'Academy', '2019-04-07'),
	(9209, 40.00, 'Cash', '2017-09-05', 'Raphael ANI', 0.00, 'None', '2017-10-26'),
	(9210, 210.00, 'Cash', '2017-11-21', 'Raphael ARIE', 0.00, 'None', '2017-11-21'),
	(9211, 41.58, 'Prelev', '2018-12-07', 'Raphael ARIE', 24.95, 'Academy', '2018-12-07'),
	(9212, 41.58, 'Prelev', '2019-01-08', 'Raphael ARIE', 24.95, 'Academy', '2019-01-08'),
	(9213, 41.58, 'Prelev', '2019-02-07', 'Raphael ARIE', 24.95, 'Academy', '2019-02-07'),
	(9214, 41.58, 'Prelev', '2019-03-07', 'Raphael ARIE', 24.95, 'Academy', '2019-03-07'),
	(9215, 41.58, 'Prelev', '2019-04-07', 'Raphael ARIE', 24.95, 'Academy', '2019-04-07'),
	(9216, 200.00, 'Check', '2017-09-18', 'Eddy BARCLAY', 120.00, 'Academy', '2017-11-10'),
	(9217, 150.00, 'Check', '2017-09-18', 'Eddy BARCLAY', 90.00, 'Academy', '2018-02-05'),
	(9218, 150.00, 'Check', '2017-09-18', 'Eddy BARCLAY', 90.00, 'Academy', '2017-10-04'),
	(9219, 41.58, 'Prelev', '2018-10-05', 'Eddy BARCLAY', 24.95, 'Academy', '2018-10-05'),
	(9220, 41.58, 'Prelev', '2018-11-05', 'Eddy BARCLAY', 24.95, 'Academy', '2018-11-05'),
	(9221, 41.58, 'Prelev', '2018-12-07', 'Eddy BARCLAY', 24.95, 'Academy', '2018-12-07'),
	(9222, 41.58, 'Prelev', '2019-01-08', 'Eddy BARCLAY', 24.95, 'Academy', '2019-01-08'),
	(9223, 41.58, 'Prelev', '2019-02-07', 'Eddy BARCLAY', 24.95, 'Academy', '2019-02-07'),
	(9224, 41.58, 'Prelev', '2019-03-07', 'Eddy BARCLAY', 24.95, 'Academy', '2019-03-07'),
	(9225, 41.58, 'Prelev', '2019-04-07', 'Eddy BARCLAY', 24.95, 'Academy', '2019-04-07'),
	(9226, 41.58, 'Prelev', '2018-10-05', 'Thibaut BEDOUIN', 24.95, 'Academy', '2018-10-05'),
	(9227, 41.58, 'Prelev', '2018-11-05', 'Thibaut BEDOUIN', 24.95, 'Academy', '2018-11-05'),
	(9228, 41.58, 'Prelev', '2018-12-07', 'Thibaut BEDOUIN', 24.95, 'Academy', '2018-12-07'),
	(9229, 41.58, 'Prelev', '2019-01-08', 'Thibaut BEDOUIN', 24.95, 'Academy', '2019-01-08'),
	(9230, 41.58, 'Prelev', '2019-02-07', 'Thibaut BEDOUIN', 24.95, 'Academy', '2019-02-07'),
	(9231, 41.58, 'Prelev', '2019-03-07', 'Thibaut BEDOUIN', 24.95, 'Academy', '2019-03-07'),
	(9232, 41.58, 'Prelev', '2019-04-07', 'Thibaut BEDOUIN', 24.95, 'Academy', '2019-04-07'),
	(9233, 29.70, 'Prelev', '2019-01-08', 'Laurent BELHASSEN', 17.82, 'Academy', '2019-01-08'),
	(9234, 29.70, 'Prelev', '2019-02-07', 'Laurent BELHASSEN', 17.82, 'Academy', '2019-02-07'),
	(9235, 29.70, 'Prelev', '2019-03-07', 'Laurent BELHASSEN', 17.82, 'Academy', '2019-03-07'),
	(9236, 29.70, 'Prelev', '2019-04-07', 'Laurent BELHASSEN', 17.82, 'Academy', '2019-04-07'),
	(9237, 41.58, 'Prelev', '2018-08-05', 'Anthony BENAIS', 24.95, 'Academy', '2018-08-05'),
	(9238, 41.58, 'Prelev', '2018-09-05', 'Anthony BENAIS', 24.95, 'Academy', '2018-09-05'),
	(9239, 41.58, 'Prelev', '2018-10-05', 'Anthony BENAIS', 24.95, 'Academy', '2018-10-05'),
	(9240, 41.58, 'Prelev', '2018-11-05', 'Anthony BENAIS', 24.95, 'Academy', '2018-11-05'),
	(9241, 41.58, 'Prelev', '2018-12-07', 'Anthony BENAIS', 24.95, 'Academy', '2018-12-07'),
	(9242, 41.58, 'Prelev', '2019-01-08', 'Anthony BENAIS', 24.95, 'Academy', '2019-01-08'),
	(9243, 41.58, 'Prelev', '2019-02-07', 'Anthony BENAIS', 24.95, 'Academy', '2019-02-07'),
	(9244, 41.58, 'Prelev', '2019-03-07', 'Anthony BENAIS', 24.95, 'Academy', '2019-03-07'),
	(9245, 41.58, 'Prelev', '2019-04-07', 'Anthony BENAIS', 24.95, 'Academy', '2019-04-07'),
	(9246, 41.58, 'Prelev', '2018-11-05', 'Marvin BERREMBOU', 24.95, 'Academy', '2018-11-05'),
	(9247, 41.58, 'Prelev', '2018-12-07', 'Marvin BERREMBOU', 24.95, 'Academy', '2018-12-07'),
	(9248, 41.58, 'Prelev', '2019-01-08', 'Marvin BERREMBOU', 24.95, 'Academy', '2019-01-08'),
	(9249, 41.58, 'Prelev', '2019-02-07', 'Marvin BERREMBOU', 24.95, 'Academy', '2019-02-07'),
	(9250, 41.58, 'Prelev', '2019-03-07', 'Marvin BERREMBOU', 24.95, 'Academy', '2019-03-07'),
	(9251, 41.58, 'Prelev', '2019-04-07', 'Marvin BERREMBOU', 24.95, 'Academy', '2019-04-07'),
	(9252, 100.00, 'Check', '2017-09-12', 'Sebastien BIDAULT', 60.00, 'Academy', '2018-02-05'),
	(9253, 100.00, 'Check', '2017-09-12', 'Sebastien BIDAULT', 60.00, 'Academy', '2018-01-03'),
	(9254, 100.00, 'Check', '2017-09-12', 'Sebastien BIDAULT', 60.00, 'Academy', '2017-12-04'),
	(9255, 100.00, 'Check', '2017-09-12', 'Sebastien BIDAULT', 60.00, 'Academy', '2017-11-04'),
	(9256, 100.00, 'Check', '2017-09-12', 'Sebastien BIDAULT', 60.00, 'Academy', '2017-10-04'),
	(9257, 41.58, 'Prelev', '2018-11-05', 'Sebastien BIDAULT', 24.95, 'Academy', '2018-11-05'),
	(9258, 41.58, 'Prelev', '2018-12-07', 'Sebastien BIDAULT', 24.95, 'Academy', '2018-12-07'),
	(9259, 41.58, 'Prelev', '2019-01-08', 'Sebastien BIDAULT', 24.95, 'Academy', '2019-01-08'),
	(9260, 41.58, 'Prelev', '2019-02-07', 'Sebastien BIDAULT', 24.95, 'Academy', '2019-02-07'),
	(9261, 41.58, 'Prelev', '2019-03-07', 'Sebastien BIDAULT', 24.95, 'Academy', '2019-03-07'),
	(9262, 41.58, 'Prelev', '2019-04-07', 'Sebastien BIDAULT', 24.95, 'Academy', '2019-04-07'),
	(9263, 41.58, 'Prelev', '2018-10-05', 'Ronan BILLAUD', 24.95, 'Academy', '2018-10-05'),
	(9264, 41.58, 'Prelev', '2018-11-05', 'Ronan BILLAUD', 24.95, 'Academy', '2018-11-05'),
	(9265, 41.58, 'Prelev', '2018-12-07', 'Ronan BILLAUD', 24.95, 'Academy', '2018-12-07'),
	(9266, 41.58, 'Prelev', '2019-01-08', 'Ronan BILLAUD', 24.95, 'Academy', '2019-01-08'),
	(9267, 41.58, 'Prelev', '2019-02-07', 'Ronan BILLAUD', 24.95, 'Academy', '2019-02-07'),
	(9268, 41.58, 'Prelev', '2019-03-07', 'Ronan BILLAUD', 24.95, 'Academy', '2019-03-07'),
	(9269, 41.58, 'Prelev', '2019-04-07', 'Ronan BILLAUD', 24.95, 'Academy', '2019-04-07'),
	(9270, 41.58, 'Prelev', '2019-02-07', 'Philippe BLANCART', 24.95, 'Academy', '2019-02-07'),
	(9271, 41.58, 'Prelev', '2019-03-07', 'Philippe BLANCART', 24.95, 'Academy', '2019-03-07'),
	(9272, 41.58, 'Prelev', '2019-04-07', 'Philippe BLANCART', 24.95, 'Academy', '2019-04-07'),
	(9273, 41.58, 'Prelev', '2018-11-05', 'Antonio BLANCO', 24.95, 'Academy', '2018-11-05'),
	(9274, 41.58, 'Prelev', '2018-12-07', 'Antonio BLANCO', 24.95, 'Academy', '2018-12-07'),
	(9275, 41.58, 'Prelev', '2019-01-08', 'Antonio BLANCO', 24.95, 'Academy', '2019-01-08'),
	(9276, 41.58, 'Prelev', '2019-02-07', 'Antonio BLANCO', 24.95, 'Academy', '2019-02-07'),
	(9277, 41.58, 'Prelev', '2019-03-07', 'Antonio BLANCO', 24.95, 'Academy', '2019-03-07'),
	(9278, 41.58, 'Prelev', '2019-04-07', 'Antonio BLANCO', 24.95, 'Academy', '2019-04-07'),
	(9279, 100.00, 'Check', '2017-06-08', 'Jean-Marc BLOMBOU', 60.00, 'Academy', '2017-09-05'),
	(9280, 100.00, 'Check', '2017-06-08', 'Jean-Marc BLOMBOU', 60.00, 'Academy', '2017-08-02'),
	(9281, 100.00, 'Check', '2017-06-08', 'Jean-Marc BLOMBOU', 60.00, 'Academy', '2017-07-05'),
	(9282, 100.00, 'Cash', '2018-01-25', 'Jean-Marc BLOMBOU', 0.00, 'None', '2018-01-25'),
	(9283, 100.00, 'Check', '2018-05-18', 'Jean-Marc BLOMBOU', 60.00, 'Academy', '2018-06-04'),
	(9284, 41.58, 'Prelev', '2018-08-05', 'Jean-Marc BLOMBOU', 24.95, 'Academy', '2018-08-05'),
	(9285, 41.58, 'Prelev', '2018-09-05', 'Jean-Marc BLOMBOU', 24.95, 'Academy', '2018-09-05'),
	(9286, 100.00, 'Check', '2018-09-08', 'Jean-Marc BLOMBOU', 60.00, 'Academy', '2018-09-12'),
	(9287, 41.58, 'Prelev', '2018-10-05', 'Jean-Marc BLOMBOU', 24.95, 'Academy', '2018-10-05'),
	(9288, 41.58, 'Prelev', '2018-11-05', 'Jean-Marc BLOMBOU', 24.95, 'Academy', '2018-11-05'),
	(9289, 41.58, 'Prelev', '2018-12-07', 'Jean-Marc BLOMBOU', 24.95, 'Academy', '2018-12-07'),
	(9290, 41.58, 'Prelev', '2019-01-08', 'Jean-Marc BLOMBOU', 24.95, 'Academy', '2019-01-08'),
	(9291, 41.58, 'Prelev', '2019-02-07', 'Jean-Marc BLOMBOU', 24.95, 'Academy', '2019-02-07'),
	(9292, 41.58, 'Prelev', '2019-03-07', 'Jean-Marc BLOMBOU', 24.95, 'Academy', '2019-03-07'),
	(9293, 41.58, 'Prelev', '2019-04-07', 'Jean-Marc BLOMBOU', 24.95, 'Academy', '2019-04-07'),
	(9294, 41.58, 'Prelev', '2018-10-05', 'Arnaud BLOUIN', 24.95, 'Academy', '2018-10-05'),
	(9295, 41.58, 'Prelev', '2018-11-05', 'Arnaud BLOUIN', 24.95, 'Academy', '2018-11-05'),
	(9296, 41.58, 'Prelev', '2018-12-07', 'Arnaud BLOUIN', 24.95, 'Academy', '2018-12-07'),
	(9297, 41.58, 'Prelev', '2019-01-08', 'Arnaud BLOUIN', 24.95, 'Academy', '2019-01-08'),
	(9298, 41.58, 'Prelev', '2019-02-07', 'Arnaud BLOUIN', 24.95, 'Academy', '2019-02-07'),
	(9299, 41.58, 'Prelev', '2019-03-07', 'Arnaud BLOUIN', 24.95, 'Academy', '2019-03-07'),
	(9300, 41.58, 'Prelev', '2019-04-07', 'Arnaud BLOUIN', 24.95, 'Academy', '2019-04-07'),
	(9301, 41.58, 'Prelev', '2018-11-05', 'Kamal BOUMOUR', 24.95, 'Academy', '2018-11-05'),
	(9302, 41.58, 'Prelev', '2018-12-07', 'Kamal BOUMOUR', 24.95, 'Academy', '2018-12-07'),
	(9303, 41.58, 'Prelev', '2019-01-08', 'Kamal BOUMOUR', 24.95, 'Academy', '2019-01-08'),
	(9304, 41.58, 'Prelev', '2019-02-07', 'Kamal BOUMOUR', 24.95, 'Academy', '2019-02-07'),
	(9305, 41.58, 'Prelev', '2019-03-07', 'Kamal BOUMOUR', 24.95, 'Academy', '2019-03-07'),
	(9306, 41.58, 'Prelev', '2019-04-07', 'Kamal BOUMOUR', 24.95, 'Academy', '2019-04-07'),
	(9307, 41.58, 'Prelev', '2018-10-05', 'Gaetan BOURBOTTE', 24.95, 'Academy', '2018-10-05'),
	(9308, 41.58, 'Prelev', '2018-11-05', 'Gaetan BOURBOTTE', 24.95, 'Academy', '2018-11-05'),
	(9309, 41.58, 'Prelev', '2018-12-07', 'Gaetan BOURBOTTE', 24.95, 'Academy', '2018-12-07'),
	(9310, 41.58, 'Prelev', '2019-01-08', 'Gaetan BOURBOTTE', 24.95, 'Academy', '2019-01-08'),
	(9311, 41.58, 'Prelev', '2019-02-07', 'Gaetan BOURBOTTE', 24.95, 'Academy', '2019-02-07'),
	(9312, 41.58, 'Prelev', '2019-03-07', 'Gaetan BOURBOTTE', 24.95, 'Academy', '2019-03-07'),
	(9313, 41.58, 'Prelev', '2019-04-07', 'Gaetan BOURBOTTE', 24.95, 'Academy', '2019-04-07'),
	(9314, 41.58, 'Prelev', '2019-01-08', 'Lyes BOUSSOUF', 24.95, 'Academy', '2019-01-08'),
	(9315, 41.58, 'Prelev', '2019-02-07', 'Lyes BOUSSOUF', 24.95, 'Academy', '2019-02-07'),
	(9316, 41.58, 'Prelev', '2019-03-07', 'Lyes BOUSSOUF', 24.95, 'Academy', '2019-03-07'),
	(9317, 41.58, 'Prelev', '2019-04-07', 'Lyes BOUSSOUF', 24.95, 'Academy', '2019-04-07'),
	(9318, 41.58, 'Prelev', '2018-11-05', 'Fanny BOYER', 24.95, 'Academy', '2018-11-05'),
	(9319, 41.58, 'Prelev', '2018-12-07', 'Fanny BOYER', 24.95, 'Academy', '2018-12-07'),
	(9320, 41.58, 'Prelev', '2019-01-08', 'Fanny BOYER', 24.95, 'Academy', '2019-01-08'),
	(9321, 41.58, 'Prelev', '2019-02-07', 'Fanny BOYER', 24.95, 'Academy', '2019-02-07'),
	(9322, 41.58, 'Prelev', '2019-03-07', 'Fanny BOYER', 24.95, 'Academy', '2019-03-07'),
	(9323, 41.58, 'Prelev', '2019-04-07', 'Fanny BOYER', 24.95, 'Academy', '2019-04-07'),
	(9324, 41.58, 'Prelev', '2018-11-05', 'Julien BREIT', 24.95, 'Academy', '2018-11-05'),
	(9325, 41.58, 'Prelev', '2018-12-07', 'Julien BREIT', 24.95, 'Academy', '2018-12-07'),
	(9326, 41.58, 'Prelev', '2019-01-08', 'Julien BREIT', 24.95, 'Academy', '2019-01-08'),
	(9327, 41.58, 'Prelev', '2019-02-07', 'Julien BREIT', 24.95, 'Academy', '2019-02-07'),
	(9328, 41.58, 'Prelev', '2019-03-07', 'Julien BREIT', 24.95, 'Academy', '2019-03-07'),
	(9329, 41.58, 'Prelev', '2019-04-07', 'Julien BREIT', 24.95, 'Academy', '2019-04-07'),
	(9330, 500.00, 'Check', '2017-10-05', 'Corentin CAHEN', 300.00, 'Academy', '2017-10-06'),
	(9331, 41.58, 'Prelev', '2018-12-07', 'Corentin CAHEN', 24.95, 'Academy', '2018-12-07'),
	(9332, 41.58, 'Prelev', '2019-01-08', 'Corentin CAHEN', 24.95, 'Academy', '2019-01-08'),
	(9333, 41.58, 'Prelev', '2019-02-07', 'Corentin CAHEN', 24.95, 'Academy', '2019-02-07'),
	(9334, 41.58, 'Prelev', '2019-03-07', 'Corentin CAHEN', 24.95, 'Academy', '2019-03-07'),
	(9335, 41.58, 'Prelev', '2019-04-07', 'Corentin CAHEN', 24.95, 'Academy', '2019-04-07'),
	(9336, 41.58, 'Prelev', '2018-06-05', 'Julien CARBONNELL', 24.95, 'Academy', '2018-06-05'),
	(9337, 41.58, 'Prelev', '2018-07-05', 'Julien CARBONNELL', 24.95, 'Academy', '2018-07-05'),
	(9338, 41.58, 'Prelev', '2018-08-05', 'Julien CARBONNELL', 24.95, 'Academy', '2018-08-05'),
	(9339, 41.58, 'Prelev', '2018-09-05', 'Julien CARBONNELL', 24.95, 'Academy', '2018-09-05'),
	(9340, 41.58, 'Prelev', '2018-10-05', 'Julien CARBONNELL', 24.95, 'Academy', '2018-10-05'),
	(9341, 41.58, 'Prelev', '2018-11-05', 'Julien CARBONNELL', 24.95, 'Academy', '2018-11-05'),
	(9342, 41.58, 'Prelev', '2018-12-07', 'Julien CARBONNELL', 24.95, 'Academy', '2018-12-07'),
	(9343, 41.58, 'Prelev', '2019-01-08', 'Julien CARBONNELL', 24.95, 'Academy', '2019-01-08'),
	(9344, 41.58, 'Prelev', '2019-02-07', 'Julien CARBONNELL', 24.95, 'Academy', '2019-02-07'),
	(9345, 41.58, 'Prelev', '2019-03-07', 'Julien CARBONNELL', 24.95, 'Academy', '2019-03-07'),
	(9346, 41.58, 'Prelev', '2019-04-07', 'Julien CARBONNELL', 24.95, 'Academy', '2019-04-07'),
	(9347, 41.58, 'Prelev', '2018-11-05', 'Jocelyn CASSAND', 24.95, 'Academy', '2018-11-05'),
	(9348, 41.58, 'Prelev', '2018-12-07', 'Jocelyn CASSAND', 24.95, 'Academy', '2018-12-07'),
	(9349, 41.58, 'Prelev', '2019-01-08', 'Jocelyn CASSAND', 24.95, 'Academy', '2019-01-08'),
	(9350, 41.58, 'Prelev', '2019-02-07', 'Jocelyn CASSAND', 24.95, 'Academy', '2019-02-07'),
	(9351, 41.58, 'Prelev', '2019-03-07', 'Jocelyn CASSAND', 24.95, 'Academy', '2019-03-07'),
	(9352, 41.58, 'Prelev', '2019-04-07', 'Jocelyn CASSAND', 24.95, 'Academy', '2019-04-07'),
	(9353, 280.00, 'Check', '2017-09-25', 'Sarah CASSESE', 168.00, 'Academy', '2017-10-04'),
	(9354, 25.74, 'Prelev', '2018-10-05', 'Sarah CASSESE', 15.44, 'Academy', '2018-10-05'),
	(9355, 25.74, 'Prelev', '2018-11-05', 'Sarah CASSESE', 15.44, 'Academy', '2018-11-05'),
	(9356, 25.74, 'Prelev', '2018-12-07', 'Sarah CASSESE', 15.44, 'Academy', '2018-12-07'),
	(9357, 25.74, 'Prelev', '2019-01-08', 'Sarah CASSESE', 15.44, 'Academy', '2019-01-08'),
	(9358, 25.74, 'Prelev', '2019-02-07', 'Sarah CASSESE', 15.44, 'Academy', '2019-02-07'),
	(9359, 25.74, 'Prelev', '2019-03-07', 'Sarah CASSESE', 15.44, 'Academy', '2019-03-07'),
	(9360, 25.74, 'Prelev', '2019-04-07', 'Sarah CASSESE', 15.44, 'Academy', '2019-04-07'),
	(9361, 40.00, 'Cash', '2017-09-25', 'Thomas CASTAN', 0.00, 'None', '2017-10-26'),
	(9362, 210.00, 'Check', '2017-11-09', 'Thomas CASTAN', 126.00, 'Academy', '2017-11-10'),
	(9363, 210.00, 'Check', '2017-11-09', 'Thomas CASTAN', 126.00, 'Academy', '2017-11-10'),
	(9364, 41.58, 'Prelev', '2019-02-07', 'Thomas CASTAN', 24.95, 'Academy', '2019-02-07'),
	(9365, 41.58, 'Prelev', '2019-03-07', 'Thomas CASTAN', 24.95, 'Academy', '2019-03-07'),
	(9366, 41.58, 'Prelev', '2019-04-07', 'Thomas CASTAN', 24.95, 'Academy', '2019-04-07'),
	(9367, 41.58, 'Prelev', '2018-10-05', 'Frederic CHALOPIN', 24.95, 'Academy', '2018-10-05'),
	(9368, 41.58, 'Prelev', '2018-11-05', 'Frederic CHALOPIN', 24.95, 'Academy', '2018-11-05'),
	(9369, 41.58, 'Prelev', '2018-12-07', 'Frederic CHALOPIN', 24.95, 'Academy', '2018-12-07'),
	(9370, 41.58, 'Prelev', '2019-01-08', 'Frederic CHALOPIN', 24.95, 'Academy', '2019-01-08'),
	(9371, 41.58, 'Prelev', '2019-02-07', 'Frederic CHALOPIN', 24.95, 'Academy', '2019-02-07'),
	(9372, 41.58, 'Prelev', '2019-03-07', 'Frederic CHALOPIN', 24.95, 'Academy', '2019-03-07'),
	(9373, 41.58, 'Prelev', '2019-04-07', 'Frederic CHALOPIN', 24.95, 'Academy', '2019-04-07'),
	(9374, 41.58, 'Prelev', '2018-08-05', 'Mathieu CHANTALAT', 24.95, 'Academy', '2018-08-05'),
	(9375, 41.58, 'Prelev', '2018-09-05', 'Mathieu CHANTALAT', 24.95, 'Academy', '2018-09-05'),
	(9376, 41.58, 'Prelev', '2018-10-05', 'Mathieu CHANTALAT', 24.95, 'Academy', '2018-10-05'),
	(9377, 41.58, 'Prelev', '2018-11-05', 'Mathieu CHANTALAT', 24.95, 'Academy', '2018-11-05'),
	(9378, 41.58, 'Prelev', '2018-12-07', 'Mathieu CHANTALAT', 24.95, 'Academy', '2018-12-07'),
	(9379, 41.58, 'Prelev', '2019-01-08', 'Mathieu CHANTALAT', 24.95, 'Academy', '2019-01-08'),
	(9380, 41.58, 'Prelev', '2019-02-07', 'Mathieu CHANTALAT', 24.95, 'Academy', '2019-02-07'),
	(9381, 41.58, 'Prelev', '2019-03-07', 'Mathieu CHANTALAT', 24.95, 'Academy', '2019-03-07'),
	(9382, 41.58, 'Prelev', '2019-04-07', 'Mathieu CHANTALAT', 24.95, 'Academy', '2019-04-07'),
	(9383, 41.58, 'Prelev', '2018-10-05', 'Cyril CHARDONNET', 24.95, 'Academy', '2018-10-05'),
	(9384, 41.58, 'Prelev', '2018-11-05', 'Cyril CHARDONNET', 24.95, 'Academy', '2018-11-05'),
	(9385, 41.58, 'Prelev', '2018-12-07', 'Cyril CHARDONNET', 24.95, 'Academy', '2018-12-07'),
	(9386, 41.58, 'Prelev', '2019-01-08', 'Cyril CHARDONNET', 24.95, 'Academy', '2019-01-08'),
	(9387, 41.58, 'Prelev', '2019-02-07', 'Cyril CHARDONNET', 24.95, 'Academy', '2019-02-07'),
	(9388, 41.58, 'Prelev', '2019-03-07', 'Cyril CHARDONNET', 24.95, 'Academy', '2019-03-07'),
	(9389, 41.58, 'Prelev', '2019-04-07', 'Cyril CHARDONNET', 24.95, 'Academy', '2019-04-07'),
	(9390, 41.58, 'Prelev', '2018-12-07', 'Thomas CHARLES', 24.95, 'Academy', '2018-12-07'),
	(9391, 41.58, 'Prelev', '2019-01-08', 'Thomas CHARLES', 24.95, 'Academy', '2019-01-08'),
	(9392, 41.58, 'Prelev', '2019-02-07', 'Thomas CHARLES', 24.95, 'Academy', '2019-02-07'),
	(9393, 41.58, 'Prelev', '2019-03-07', 'Thomas CHARLES', 24.95, 'Academy', '2019-03-07'),
	(9394, 41.58, 'Prelev', '2019-04-07', 'Thomas CHARLES', 24.95, 'Academy', '2019-04-07'),
	(9395, 500.00, 'Check', '2017-09-25', 'Adrien CHEMINET', 300.00, 'Academy', '2017-10-04'),
	(9396, 41.58, 'Prelev', '2018-10-05', 'Adrien CHEMINET', 24.95, 'Academy', '2018-10-05'),
	(9397, 41.58, 'Prelev', '2018-11-05', 'Adrien CHEMINET', 24.95, 'Academy', '2018-11-05'),
	(9398, 41.58, 'Prelev', '2018-12-07', 'Adrien CHEMINET', 24.95, 'Academy', '2018-12-07'),
	(9399, 41.58, 'Prelev', '2019-01-08', 'Adrien CHEMINET', 24.95, 'Academy', '2019-01-08'),
	(9400, 41.58, 'Prelev', '2019-02-07', 'Adrien CHEMINET', 24.95, 'Academy', '2019-02-07'),
	(9401, 41.58, 'Prelev', '2019-03-07', 'Adrien CHEMINET', 24.95, 'Academy', '2019-03-07'),
	(9402, 41.58, 'Prelev', '2019-04-07', 'Adrien CHEMINET', 24.95, 'Academy', '2019-04-07'),
	(9403, 50.00, 'Cash', '2018-01-08', 'stephane creantor', 0.00, 'None', '2018-01-08'),
	(9404, 120.00, 'Check', '2018-07-03', 'Stephane CREANTOR', 72.00, 'Perso', '2018-07-08'),
	(9405, 41.58, 'Prelev', '2018-10-05', 'Stephane CREANTOR', 24.95, 'Academy', '2018-10-05'),
	(9406, 41.58, 'Prelev', '2018-11-05', 'Stephane CREANTOR', 24.95, 'Academy', '2018-11-05'),
	(9407, 41.58, 'Prelev', '2018-12-07', 'Stephane CREANTOR', 24.95, 'Academy', '2018-12-07'),
	(9408, 41.58, 'Prelev', '2019-01-08', 'Stephane CREANTOR', 24.95, 'Academy', '2019-01-08'),
	(9409, 41.58, 'Prelev', '2019-02-07', 'Stephane CREANTOR', 24.95, 'Academy', '2019-02-07'),
	(9410, 41.58, 'Prelev', '2019-03-07', 'Stephane CREANTOR', 24.95, 'Academy', '2019-03-07'),
	(9411, 41.58, 'Prelev', '2019-04-07', 'Stephane CREANTOR', 24.95, 'Academy', '2019-04-07'),
	(9412, 350.00, 'Check', '2017-07-11', 'Daniel CURVAT', 210.00, 'Academy', '2017-08-02'),
	(9413, 100.00, 'Check', '2018-07-04', 'Daniel CURVAT', 60.00, 'Academy', '2018-09-03'),
	(9414, 41.58, 'Prelev', '2018-11-05', 'Daniel CURVAT', 24.95, 'Academy', '2018-11-05'),
	(9415, 41.58, 'Prelev', '2018-12-07', 'Daniel CURVAT', 24.95, 'Academy', '2018-12-07'),
	(9416, 41.58, 'Prelev', '2019-01-08', 'Daniel CURVAT', 24.95, 'Academy', '2019-01-08'),
	(9417, 41.58, 'Prelev', '2019-02-07', 'Daniel CURVAT', 24.95, 'Academy', '2019-02-07'),
	(9418, 41.58, 'Prelev', '2019-03-07', 'Daniel CURVAT', 24.95, 'Academy', '2019-03-07'),
	(9419, 41.58, 'Prelev', '2019-04-07', 'Daniel CURVAT', 24.95, 'Academy', '2019-04-07'),
	(9420, 41.58, 'Prelev', '2018-12-07', 'Antoine CUZARD', 24.95, 'Academy', '2018-12-07'),
	(9421, 41.58, 'Prelev', '2019-01-08', 'Antoine CUZARD', 24.95, 'Academy', '2019-01-08'),
	(9422, 41.58, 'Prelev', '2019-02-07', 'Antoine CUZARD', 24.95, 'Academy', '2019-02-07'),
	(9423, 41.58, 'Prelev', '2019-03-07', 'Antoine CUZARD', 24.95, 'Academy', '2019-03-07'),
	(9424, 41.58, 'Prelev', '2019-04-07', 'Antoine CUZARD', 24.95, 'Academy', '2019-04-07'),
	(9425, 80.00, 'Check', '2017-11-09', 'Martin CZABADAJ', 48.00, 'Academy', '2017-11-10'),
	(9426, 420.00, 'Check', '2018-01-09', 'Martin CZABADAJ', 252.00, 'Academy', '2018-02-05'),
	(9427, 41.58, 'Prelev', '2018-11-05', 'Martin CZABADAJ', 24.95, 'Academy', '2018-11-05'),
	(9428, 41.58, 'Prelev', '2018-12-07', 'Martin CZABADAJ', 24.95, 'Academy', '2018-12-07'),
	(9429, 41.58, 'Prelev', '2019-01-08', 'Martin CZABADAJ', 24.95, 'Academy', '2019-01-08'),
	(9430, 41.58, 'Prelev', '2019-02-07', 'Martin CZABADAJ', 24.95, 'Academy', '2019-02-07'),
	(9431, 41.58, 'Prelev', '2019-03-07', 'Martin CZABADAJ', 24.95, 'Academy', '2019-03-07'),
	(9432, 41.58, 'Prelev', '2019-04-07', 'Martin CZABADAJ', 24.95, 'Academy', '2019-04-07'),
	(9433, 41.58, 'Prelev', '2018-10-05', 'Jeanne DANGUY', 24.95, 'Academy', '2018-10-05'),
	(9434, 41.58, 'Prelev', '2018-11-05', 'Jeanne DANGUY', 24.95, 'Academy', '2018-11-05'),
	(9435, 41.58, 'Prelev', '2018-12-07', 'Jeanne DANGUY', 24.95, 'Academy', '2018-12-07'),
	(9436, 41.58, 'Prelev', '2019-01-08', 'Jeanne DANGUY', 24.95, 'Academy', '2019-01-08'),
	(9437, 41.58, 'Prelev', '2019-02-07', 'Jeanne DANGUY', 24.95, 'Academy', '2019-02-07'),
	(9438, 41.58, 'Prelev', '2019-03-07', 'Jeanne DANGUY', 24.95, 'Academy', '2019-03-07'),
	(9439, 41.58, 'Prelev', '2019-04-07', 'Jeanne DANGUY', 24.95, 'Academy', '2019-04-07'),
	(9440, 41.58, 'Prelev', '2018-10-05', 'Mickael DAVOLI', 24.95, 'Academy', '2018-10-05'),
	(9441, 41.58, 'Prelev', '2018-11-05', 'Mickael DAVOLI', 24.95, 'Academy', '2018-11-05'),
	(9442, 41.58, 'Prelev', '2018-12-07', 'Mickael DAVOLI', 24.95, 'Academy', '2018-12-07'),
	(9443, 41.58, 'Prelev', '2019-01-08', 'Mickael DAVOLI', 24.95, 'Academy', '2019-01-08'),
	(9444, 41.58, 'Prelev', '2019-02-07', 'Mickael DAVOLI', 24.95, 'Academy', '2019-02-07'),
	(9445, 41.58, 'Prelev', '2019-03-07', 'Mickael DAVOLI', 24.95, 'Academy', '2019-03-07'),
	(9446, 41.58, 'Prelev', '2019-04-07', 'Mickael DAVOLI', 24.95, 'Academy', '2019-04-07'),
	(9447, 41.58, 'Prelev', '2019-02-07', 'Carole DIJOUX', 24.95, 'Academy', '2019-02-07'),
	(9448, 41.58, 'Prelev', '2019-03-07', 'Carole DIJOUX', 24.95, 'Academy', '2019-03-07'),
	(9449, 41.58, 'Prelev', '2019-04-07', 'Carole DIJOUX', 24.95, 'Academy', '2019-04-07'),
	(9450, 41.58, 'Prelev', '2018-11-05', 'Matthew DOERKSEN', 24.95, 'Academy', '2018-11-05'),
	(9451, 41.58, 'Prelev', '2018-12-07', 'Matthew DOERKSEN', 24.95, 'Academy', '2018-12-07'),
	(9452, 41.58, 'Prelev', '2019-01-08', 'Matthew DOERKSEN', 24.95, 'Academy', '2019-01-08'),
	(9453, 41.58, 'Prelev', '2019-02-07', 'Matthew DOERKSEN', 24.95, 'Academy', '2019-02-07'),
	(9454, 41.58, 'Prelev', '2019-03-07', 'Matthew DOERKSEN', 24.95, 'Academy', '2019-03-07'),
	(9455, 41.58, 'Prelev', '2019-04-07', 'Matthew DOERKSEN', 24.95, 'Academy', '2019-04-07'),
	(9456, 41.58, 'Prelev', '2019-04-07', 'Damien DOMITILE', 24.95, 'Academy', '2019-04-07'),
	(9457, 125.00, 'Check', '2017-11-30', 'David DONNINI', 75.00, 'Academy', '2017-12-04'),
	(9458, 125.00, 'Check', '2017-11-30', 'David DONNINI', 75.00, 'Academy', '2018-01-03'),
	(9459, 125.00, 'Check', '2017-11-30', 'David DONNINI', 75.00, 'Academy', '2018-02-05'),
	(9460, 125.00, 'Check', '2017-11-30', 'David DONNINI', 75.00, 'Academy', '2018-03-03'),
	(9461, 41.58, 'Prelev', '2019-01-08', 'David DONNINI', 24.95, 'Academy', '2019-01-08'),
	(9462, 41.58, 'Prelev', '2019-02-07', 'David DONNINI', 24.95, 'Academy', '2019-02-07'),
	(9463, 41.58, 'Prelev', '2019-03-07', 'David DONNINI', 24.95, 'Academy', '2019-03-07'),
	(9464, 41.58, 'Prelev', '2019-04-07', 'David DONNINI', 24.95, 'Academy', '2019-04-07'),
	(9465, 500.00, 'Check', '2017-09-07', 'Pierre DORE', 300.00, 'Academy', '2017-09-07'),
	(9466, 41.58, 'Prelev', '2018-10-05', 'Fabien DORE', 24.95, 'Academy', '2018-10-05'),
	(9467, 41.58, 'Prelev', '2018-11-05', 'Fabien DORE', 24.95, 'Academy', '2018-11-05'),
	(9468, 41.58, 'Prelev', '2018-12-07', 'Fabien DORE', 24.95, 'Academy', '2018-12-07'),
	(9469, 41.58, 'Prelev', '2019-01-08', 'Fabien DORE', 24.95, 'Academy', '2019-01-08'),
	(9470, 41.58, 'Prelev', '2019-02-07', 'Fabien DORE', 24.95, 'Academy', '2019-02-07'),
	(9471, 41.58, 'Prelev', '2019-03-07', 'Fabien DORE', 24.95, 'Academy', '2019-03-07'),
	(9472, 41.58, 'Prelev', '2019-04-07', 'Fabien DORE', 24.95, 'Academy', '2019-04-07'),
	(9473, 80.00, 'Cash', '2017-09-14', 'Eric DRIKES', 0.00, 'None', '2017-10-26'),
	(9474, 80.00, 'Cash', '2017-10-16', 'Eric DRIKES', 0.00, 'None', '2017-10-26'),
	(9475, 50.00, 'Cash', '2018-03-06', 'Eric DRIKES', 0.00, 'None', '2018-03-06'),
	(9476, 41.58, 'Prelev', '2018-11-05', 'Eric DRIKES', 24.95, 'Academy', '2018-11-05'),
	(9477, 41.58, 'Prelev', '2018-12-07', 'Eric DRIKES', 24.95, 'Academy', '2018-12-07'),
	(9478, 41.58, 'Prelev', '2019-01-08', 'Eric DRIKES', 24.95, 'Academy', '2019-01-08'),
	(9479, 41.58, 'Prelev', '2019-02-07', 'Eric DRIKES', 24.95, 'Academy', '2019-02-07'),
	(9480, 41.58, 'Prelev', '2019-03-07', 'Eric DRIKES', 24.95, 'Academy', '2019-03-07'),
	(9481, 41.58, 'Prelev', '2019-04-07', 'Eric DRIKES', 24.95, 'Academy', '2019-04-07'),
	(9482, 41.58, 'Prelev', '2019-03-07', 'Allan ELIVON', 24.95, 'Academy', '2019-03-07'),
	(9483, 41.58, 'Prelev', '2019-04-07', 'Allan ELIVON', 24.95, 'Academy', '2019-04-07'),
	(9484, 41.58, 'Prelev', '2019-04-07', 'Williams ETTIRADJANE', 24.95, 'Academy', '2019-04-07'),
	(9485, 100.00, 'Cash', '2018-11-09', 'Vincent FASOLI', 0.00, 'None', '2018-11-09'),
	(9486, 41.58, 'Prelev', '2018-12-07', 'Vincent FASOLI', 24.95, 'Academy', '2018-12-07'),
	(9487, 41.58, 'Prelev', '2019-01-08', 'Vincent FASOLI', 24.95, 'Academy', '2019-01-08'),
	(9488, 41.58, 'Prelev', '2019-02-07', 'Vincent FASOLI', 24.95, 'Academy', '2019-02-07'),
	(9489, 41.58, 'Prelev', '2019-03-07', 'Vincent FASOLI', 24.95, 'Academy', '2019-03-07'),
	(9490, 41.58, 'Prelev', '2019-04-07', 'Vincent FASOLI', 24.95, 'Academy', '2019-04-07'),
	(9491, 41.58, 'Prelev', '2018-11-05', 'Mickaël FELTEN', 24.95, 'Academy', '2018-11-05'),
	(9492, 41.58, 'Prelev', '2018-12-07', 'Mickaël FELTEN', 24.95, 'Academy', '2018-12-07'),
	(9493, 41.58, 'Prelev', '2019-01-08', 'Mickaël FELTEN', 24.95, 'Academy', '2019-01-08'),
	(9494, 41.58, 'Prelev', '2019-02-07', 'Mickaël FELTEN', 24.95, 'Academy', '2019-02-07'),
	(9495, 41.58, 'Prelev', '2019-03-07', 'Mickaël FELTEN', 24.95, 'Academy', '2019-03-07'),
	(9496, 41.58, 'Prelev', '2019-04-07', 'Mickaël FELTEN', 24.95, 'Academy', '2019-04-07'),
	(9497, 41.58, 'Prelev', '2018-08-05', 'Thomas FOURNIER', 24.95, 'Academy', '2018-08-05'),
	(9498, 41.58, 'Prelev', '2018-09-05', 'Thomas FOURNIER', 24.95, 'Academy', '2018-09-05'),
	(9499, 41.58, 'Prelev', '2018-10-05', 'Thomas FOURNIER', 24.95, 'Academy', '2018-10-05'),
	(9500, 41.58, 'Prelev', '2018-11-05', 'Thomas FOURNIER', 24.95, 'Academy', '2018-11-05'),
	(9501, 41.58, 'Prelev', '2018-12-07', 'Thomas FOURNIER', 24.95, 'Academy', '2018-12-07'),
	(9502, 41.58, 'Prelev', '2019-01-08', 'Thomas FOURNIER', 24.95, 'Academy', '2019-01-08'),
	(9503, 41.58, 'Prelev', '2019-02-07', 'Thomas FOURNIER', 24.95, 'Academy', '2019-02-07'),
	(9504, 41.58, 'Prelev', '2019-03-07', 'Thomas FOURNIER', 24.95, 'Academy', '2019-03-07'),
	(9505, 41.58, 'Prelev', '2019-04-07', 'Thomas FOURNIER', 24.95, 'Academy', '2019-04-07'),
	(9517, 80.00, 'Check', '2017-09-28', 'Julien GAZAVE', 48.00, 'Academy', '2017-10-04'),
	(9518, 80.00, 'Check', '2017-11-09', 'Julien GAZAVE', 48.00, 'Academy', '2017-11-10'),
	(9519, 100.00, 'Check', '2018-01-09', 'Julien GAZAVE', 60.00, 'Perso', '2018-02-01'),
	(9520, 140.00, 'Check', '2018-01-09', 'Julien GAZAVE', 84.00, 'Perso', '2018-03-31'),
	(9521, 100.00, 'Check', '2018-01-09', 'Julien GAZAVE', 60.00, 'Perso', '2018-03-03'),
	(9522, 41.58, 'Prelev', '2018-11-05', 'Julien GAZAVE', 24.95, 'Academy', '2018-11-05'),
	(9523, 41.58, 'Prelev', '2018-12-07', 'Julien GAZAVE', 24.95, 'Academy', '2018-12-07'),
	(9524, 41.58, 'Prelev', '2019-01-08', 'Julien GAZAVE', 24.95, 'Academy', '2019-01-08'),
	(9525, 41.58, 'Prelev', '2019-02-07', 'Julien GAZAVE', 24.95, 'Academy', '2019-02-07'),
	(9526, 41.58, 'Prelev', '2019-03-07', 'Julien GAZAVE', 24.95, 'Academy', '2019-03-07'),
	(9527, 41.58, 'Prelev', '2019-04-07', 'Julien GAZAVE', 24.95, 'Academy', '2019-04-07'),
	(9528, 41.58, 'Prelev', '2018-08-05', 'Marco GONCALVES', 24.95, 'Academy', '2018-08-05'),
	(9529, 41.58, 'Prelev', '2018-10-05', 'Marco GONCALVES', 24.95, 'Academy', '2018-10-05'),
	(9530, 41.58, 'Prelev', '2018-11-05', 'Marco GONCALVES', 24.95, 'Academy', '2018-11-05'),
	(9531, 41.58, 'Prelev', '2018-12-07', 'Marco GONCALVES', 24.95, 'Academy', '2018-12-07'),
	(9532, 41.58, 'Prelev', '2019-01-08', 'Marco GONCALVES', 24.95, 'Academy', '2019-01-08'),
	(9533, 41.58, 'Prelev', '2019-02-07', 'Marco GONCALVES', 24.95, 'Academy', '2019-02-07'),
	(9534, 41.58, 'Prelev', '2019-03-07', 'Marco GONCALVES', 24.95, 'Academy', '2019-03-07'),
	(9535, 41.58, 'Prelev', '2019-04-07', 'Marco GONCALVES', 24.95, 'Academy', '2019-04-07'),
	(9536, 41.58, 'Prelev', '2018-12-07', 'Dihere GOUMANE', 24.95, 'Academy', '2018-12-07'),
	(9537, 41.58, 'Prelev', '2019-01-08', 'Dihere GOUMANE', 24.95, 'Academy', '2019-01-08'),
	(9538, 41.58, 'Prelev', '2019-02-07', 'Dihere GOUMANE', 24.95, 'Academy', '2019-02-07'),
	(9539, 41.58, 'Prelev', '2019-03-07', 'Dihere GOUMANE', 24.95, 'Academy', '2019-03-07'),
	(9540, 41.58, 'Prelev', '2019-04-07', 'Dihere GOUMANE', 24.95, 'Academy', '2019-04-07'),
	(9541, 125.00, 'Check', '2018-01-09', 'raphael grellet', 75.00, 'Academy', '2018-02-05'),
	(9542, 41.58, 'Prelev', '2018-12-07', 'Raphael GRELLET', 24.95, 'Academy', '2018-12-07'),
	(9543, 41.58, 'Prelev', '2019-01-08', 'Raphael GRELLET', 24.95, 'Academy', '2019-01-08'),
	(9544, 41.58, 'Prelev', '2019-02-07', 'Raphael GRELLET', 24.95, 'Academy', '2019-02-07'),
	(9545, 41.58, 'Prelev', '2019-03-07', 'Raphael GRELLET', 24.95, 'Academy', '2019-03-07'),
	(9546, 41.58, 'Prelev', '2019-04-07', 'Raphael GRELLET', 24.95, 'Academy', '2019-04-07'),
	(9547, 500.00, 'Check', '2017-12-07', 'Roy HARRIS', 300.00, 'Academy', '2017-12-07'),
	(9548, 41.58, 'Prelev', '2019-02-07', 'Roy HARRIS', 24.95, 'Academy', '2019-02-07'),
	(9549, 41.58, 'Prelev', '2019-03-07', 'Roy HARRIS', 24.95, 'Academy', '2019-03-07'),
	(9550, 41.58, 'Prelev', '2019-04-07', 'Roy HARRIS', 24.95, 'Academy', '2019-04-07'),
	(9551, 250.00, 'Check', '2017-06-01', 'MOUSTAKIM HASSANI', 150.00, 'Academy', '2017-06-04'),
	(9552, 250.00, 'Check', '2017-12-07', 'Moustakima HASSANI', 150.00, 'Academy', '2017-12-07'),
	(9553, 41.58, 'Prelev', '2018-10-05', 'Moustakima HASSANI', 24.95, 'Academy', '2018-10-05'),
	(9554, 41.58, 'Prelev', '2018-11-05', 'Moustakima HASSANI', 24.95, 'Academy', '2018-11-05'),
	(9555, 41.58, 'Prelev', '2018-12-07', 'Moustakima HASSANI', 24.95, 'Academy', '2018-12-07'),
	(9556, 41.58, 'Prelev', '2019-01-08', 'Moustakima HASSANI', 24.95, 'Academy', '2019-01-08'),
	(9557, 41.58, 'Prelev', '2019-02-07', 'Moustakima HASSANI', 24.95, 'Academy', '2019-02-07'),
	(9558, 41.58, 'Prelev', '2019-03-07', 'Moustakima HASSANI', 24.95, 'Academy', '2019-03-07'),
	(9559, 41.58, 'Prelev', '2019-04-07', 'Moustakima HASSANI', 24.95, 'Academy', '2019-04-07'),
	(9560, 41.58, 'Prelev', '2018-10-05', 'Philippe HEYDARIAN', 24.95, 'Academy', '2018-10-05'),
	(9561, 41.58, 'Prelev', '2018-11-05', 'Philippe HEYDARIAN', 24.95, 'Academy', '2018-11-05'),
	(9562, 41.58, 'Prelev', '2018-12-07', 'Philippe HEYDARIAN', 24.95, 'Academy', '2018-12-07'),
	(9563, 41.58, 'Prelev', '2019-01-08', 'Philippe HEYDARIAN', 24.95, 'Academy', '2019-01-08'),
	(9564, 41.58, 'Prelev', '2019-02-07', 'Philippe HEYDARIAN', 24.95, 'Academy', '2019-02-07'),
	(9565, 41.58, 'Prelev', '2019-03-07', 'Philippe HEYDARIAN', 24.95, 'Academy', '2019-03-07'),
	(9566, 41.58, 'Prelev', '2019-04-07', 'Philippe HEYDARIAN', 24.95, 'Academy', '2019-04-07'),
	(9567, 40.00, 'Cash', '2017-12-07', 'inconnnu HORSKYY', 0.00, 'None', '2017-12-07'),
	(9568, 65.00, 'Cash', '2018-03-06', 'Genedy HORSKYY', 0.00, 'None', '2018-03-06'),
	(9569, 65.00, 'Cash', '2018-03-12', 'Hennaddig HORSKYY', 0.00, 'None', '2018-03-12'),
	(9570, 41.58, 'Prelev', '2018-10-05', 'Hennaddig HORSKYY', 24.95, 'Academy', '2018-10-05'),
	(9571, 41.58, 'Prelev', '2018-11-05', 'Hennaddig HORSKYY', 24.95, 'Academy', '2018-11-05'),
	(9572, 41.58, 'Prelev', '2018-12-07', 'Hennaddig HORSKYY', 24.95, 'Academy', '2018-12-07'),
	(9573, 41.58, 'Prelev', '2019-01-08', 'Hennaddig HORSKYY', 24.95, 'Academy', '2019-01-08'),
	(9574, 41.58, 'Prelev', '2019-02-07', 'Hennaddig HORSKYY', 24.95, 'Academy', '2019-02-07'),
	(9575, 41.58, 'Prelev', '2019-03-07', 'Hennaddig HORSKYY', 24.95, 'Academy', '2019-03-07'),
	(9576, 41.58, 'Prelev', '2019-04-07', 'Hennaddig HORSKYY', 24.95, 'Academy', '2019-04-07'),
	(9577, 41.58, 'Prelev', '2018-12-07', 'Claudia HULBERT', 24.95, 'Academy', '2018-12-07'),
	(9578, 41.58, 'Prelev', '2019-01-08', 'Claudia HULBERT', 24.95, 'Academy', '2019-01-08'),
	(9579, 41.58, 'Prelev', '2019-02-07', 'Claudia HULBERT', 24.95, 'Academy', '2019-02-07'),
	(9580, 41.58, 'Prelev', '2019-03-07', 'Claudia HULBERT', 24.95, 'Academy', '2019-03-07'),
	(9581, 41.58, 'Prelev', '2019-04-07', 'Claudia HULBERT', 24.95, 'Academy', '2019-04-07'),
	(9582, 41.58, 'Prelev', '2019-01-08', 'Julien JUTEAU', 24.95, 'Academy', '2019-01-08'),
	(9583, 41.58, 'Prelev', '2019-02-07', 'Julien JUTEAU', 24.95, 'Academy', '2019-02-07'),
	(9584, 41.58, 'Prelev', '2019-03-07', 'Julien JUTEAU', 24.95, 'Academy', '2019-03-07'),
	(9585, 41.58, 'Prelev', '2019-04-07', 'Julien JUTEAU', 24.95, 'Academy', '2019-04-07'),
	(9586, 500.00, 'Check', '2018-01-25', 'damien lahmi', 300.00, 'Academy', '2018-02-05'),
	(9587, 41.58, 'Prelev', '2019-03-07', 'Damien LAHMI', 24.95, 'Academy', '2019-03-07'),
	(9588, 41.58, 'Prelev', '2019-04-07', 'Damien LAHMI', 24.95, 'Academy', '2019-04-07'),
	(9589, 41.58, 'Prelev', '2018-11-05', 'Axel LARIDON', 24.95, 'Academy', '2018-11-05'),
	(9590, 41.58, 'Prelev', '2018-12-07', 'Axel LARIDON', 24.95, 'Academy', '2018-12-07'),
	(9591, 41.58, 'Prelev', '2019-01-08', 'Axel LARIDON', 24.95, 'Academy', '2019-01-08'),
	(9592, 41.58, 'Prelev', '2019-02-07', 'Axel LARIDON', 24.95, 'Academy', '2019-02-07'),
	(9593, 41.58, 'Prelev', '2019-03-07', 'Axel LARIDON', 24.95, 'Academy', '2019-03-07'),
	(9594, 41.58, 'Prelev', '2019-04-07', 'Axel LARIDON', 24.95, 'Academy', '2019-04-07'),
	(9595, 41.58, 'Prelev', '2018-11-05', 'Julien LAVERDURE', 24.95, 'Academy', '2018-11-05'),
	(9596, 41.58, 'Prelev', '2018-12-07', 'Julien LAVERDURE', 24.95, 'Academy', '2018-12-07'),
	(9597, 41.58, 'Prelev', '2019-01-08', 'Julien LAVERDURE', 24.95, 'Academy', '2019-01-08'),
	(9598, 41.58, 'Prelev', '2019-02-07', 'Julien LAVERDURE', 24.95, 'Academy', '2019-02-07'),
	(9599, 41.58, 'Prelev', '2019-03-07', 'Julien LAVERDURE', 24.95, 'Academy', '2019-03-07'),
	(9600, 41.58, 'Prelev', '2019-04-07', 'Julien LAVERDURE', 24.95, 'Academy', '2019-04-07'),
	(9611, 100.00, 'Cash', '2017-09-18', 'Jonas LEBLANC', 0.00, 'None', '2017-10-26'),
	(9612, 20.79, 'Prelev', '2018-12-07', 'Jonas LEBLANC', 12.47, 'Academy', '2018-12-07'),
	(9613, 20.79, 'Prelev', '2019-01-08', 'Jonas LEBLANC', 12.47, 'Academy', '2019-01-08'),
	(9614, 20.79, 'Prelev', '2019-02-07', 'Jonas LEBLANC', 12.47, 'Academy', '2019-02-07'),
	(9615, 20.79, 'Prelev', '2019-03-07', 'Jonas LEBLANC', 12.47, 'Academy', '2019-03-07'),
	(9616, 20.79, 'Prelev', '2019-04-07', 'Jonas LEBLANC', 12.47, 'Academy', '2019-04-07'),
	(9617, 41.58, 'Prelev', '2018-10-05', 'Rémi LESÉNÉCHAL', 24.95, 'Academy', '2018-10-05'),
	(9618, 41.58, 'Prelev', '2018-11-05', 'Rémi LESÉNÉCHAL', 24.95, 'Academy', '2018-11-05'),
	(9619, 41.58, 'Prelev', '2018-12-07', 'Rémi LESÉNÉCHAL', 24.95, 'Academy', '2018-12-07'),
	(9620, 41.58, 'Prelev', '2019-01-08', 'Rémi LESÉNÉCHAL', 24.95, 'Academy', '2019-01-08'),
	(9621, 41.58, 'Prelev', '2019-02-07', 'Rémi LESÉNÉCHAL', 24.95, 'Academy', '2019-02-07'),
	(9622, 41.58, 'Prelev', '2019-03-07', 'Rémi LESÉNÉCHAL', 24.95, 'Academy', '2019-03-07'),
	(9623, 41.58, 'Prelev', '2019-04-07', 'Rémi LESÉNÉCHAL', 24.95, 'Academy', '2019-04-07'),
	(9624, 41.58, 'Prelev', '2018-12-07', 'Gerard LINCERTIN', 24.95, 'Academy', '2018-12-07'),
	(9625, 41.58, 'Prelev', '2019-01-08', 'Gerard LINCERTIN', 24.95, 'Academy', '2019-01-08'),
	(9626, 41.58, 'Prelev', '2019-02-07', 'Gerard LINCERTIN', 24.95, 'Academy', '2019-02-07'),
	(9627, 41.58, 'Prelev', '2019-03-07', 'Gerard LINCERTIN', 24.95, 'Academy', '2019-03-07'),
	(9628, 41.58, 'Prelev', '2019-04-07', 'Gerard LINCERTIN', 24.95, 'Academy', '2019-04-07'),
	(9629, 41.58, 'Prelev', '2018-10-05', 'Julien LUCAS', 24.95, 'Academy', '2018-10-05'),
	(9630, 41.58, 'Prelev', '2018-11-05', 'Julien LUCAS', 24.95, 'Academy', '2018-11-05'),
	(9631, 41.58, 'Prelev', '2018-12-07', 'Julien LUCAS', 24.95, 'Academy', '2018-12-07'),
	(9632, 41.58, 'Prelev', '2019-01-08', 'Julien LUCAS', 24.95, 'Academy', '2019-01-08'),
	(9633, 41.58, 'Prelev', '2019-02-07', 'Julien LUCAS', 24.95, 'Academy', '2019-02-07'),
	(9634, 41.58, 'Prelev', '2019-03-07', 'Julien LUCAS', 24.95, 'Academy', '2019-03-07'),
	(9635, 41.58, 'Prelev', '2019-04-07', 'Julien LUCAS', 24.95, 'Academy', '2019-04-07'),
	(9636, 41.58, 'Prelev', '2019-03-07', 'Steevens MAGDALEON', 24.95, 'Academy', '2019-03-07'),
	(9637, 41.58, 'Prelev', '2019-04-07', 'Steevens MAGDALEON', 24.95, 'Academy', '2019-04-07'),
	(9638, 40.00, 'Check', '2018-05-18', 'paul MAHON', 24.00, 'Academy', '2018-06-04'),
	(9639, 41.58, 'Prelev', '2018-06-05', 'Paul MAHON', 24.95, 'Academy', '2018-06-05'),
	(9640, 41.58, 'Prelev', '2018-07-05', 'Paul MAHON', 24.95, 'Academy', '2018-07-05'),
	(9641, 41.58, 'Prelev', '2018-08-05', 'Paul MAHON', 24.95, 'Academy', '2018-08-05'),
	(9642, 41.58, 'Prelev', '2018-09-05', 'Paul MAHON', 24.95, 'Academy', '2018-09-05'),
	(9643, 41.58, 'Prelev', '2018-10-05', 'Paul MAHON', 24.95, 'Academy', '2018-10-05'),
	(9644, 41.58, 'Prelev', '2018-11-05', 'Paul MAHON', 24.95, 'Academy', '2018-11-05'),
	(9645, 41.58, 'Prelev', '2018-12-07', 'Paul MAHON', 24.95, 'Academy', '2018-12-07'),
	(9646, 41.58, 'Prelev', '2019-01-08', 'Paul MAHON', 24.95, 'Academy', '2019-01-08'),
	(9647, 41.58, 'Prelev', '2019-02-07', 'Paul MAHON', 24.95, 'Academy', '2019-02-07'),
	(9648, 41.58, 'Prelev', '2019-03-07', 'Paul MAHON', 24.95, 'Academy', '2019-03-07'),
	(9649, 41.58, 'Prelev', '2019-04-07', 'Paul MAHON', 24.95, 'Academy', '2019-04-07'),
	(9650, 200.00, 'Check', '2017-09-18', 'Yann MALARD', 120.00, 'Academy', '2017-09-19'),
	(9651, 150.00, 'Check', '2017-09-18', 'Yann MALARD', 90.00, 'Academy', '2017-10-04'),
	(9652, 150.00, 'Check', '2017-09-18', 'Yann MALARD', 90.00, 'Academy', '2017-11-04'),
	(9653, 41.58, 'Prelev', '2019-02-07', 'Yann MALARD', 24.95, 'Academy', '2019-02-07'),
	(9654, 41.58, 'Prelev', '2019-03-07', 'Yann MALARD', 24.95, 'Academy', '2019-03-07'),
	(9655, 41.58, 'Prelev', '2019-04-07', 'Yann MALARD', 24.95, 'Academy', '2019-04-07'),
	(9656, 80.00, 'Check', '2017-05-10', 'Kevin MALGERARD', 48.00, 'Academy', '2017-05-11'),
	(9657, 80.00, 'Check', '2017-11-30', 'Jennifer MALGERARD', 48.00, 'Academy', '2017-12-04'),
	(9658, 125.00, 'Check', '2018-03-06', 'Kevin MALGERARD', 75.00, 'Perso', '2018-03-31'),
	(9659, 41.58, 'Prelev', '2018-06-05', 'Kevin MALGERARD', 24.95, 'Academy', '2018-06-05'),
	(9660, 41.58, 'Prelev', '2018-07-05', 'Kevin MALGERARD', 24.95, 'Academy', '2018-07-05'),
	(9661, 41.58, 'Prelev', '2018-08-05', 'Kevin MALGERARD', 24.95, 'Academy', '2018-08-05'),
	(9662, 41.58, 'Prelev', '2018-09-05', 'Kevin MALGERARD', 24.95, 'Academy', '2018-09-05'),
	(9663, 41.58, 'Prelev', '2018-10-05', 'Kevin MALGERARD', 24.95, 'Academy', '2018-10-05'),
	(9664, 41.58, 'Prelev', '2018-11-05', 'Kevin MALGERARD', 24.95, 'Academy', '2018-11-05'),
	(9665, 41.58, 'Prelev', '2018-12-07', 'Kevin MALGERARD', 24.95, 'Academy', '2018-12-07'),
	(9666, 41.58, 'Prelev', '2019-01-08', 'Kevin MALGERARD', 24.95, 'Academy', '2019-01-08'),
	(9667, 41.58, 'Prelev', '2019-02-07', 'Kevin MALGERARD', 24.95, 'Academy', '2019-02-07'),
	(9668, 41.58, 'Prelev', '2019-03-07', 'Kevin MALGERARD', 24.95, 'Academy', '2019-03-07'),
	(9669, 41.58, 'Prelev', '2019-04-07', 'Kevin MALGERARD', 24.95, 'Academy', '2019-04-07'),
	(9670, 41.58, 'Prelev', '2018-06-05', 'Brian MANGOENPAWIRO', 24.95, 'Academy', '2018-06-05'),
	(9671, 41.58, 'Prelev', '2018-07-05', 'Brian MANGOENPAWIRO', 24.95, 'Academy', '2018-07-05'),
	(9672, 41.58, 'Prelev', '2018-08-05', 'Brian MANGOENPAWIRO', 24.95, 'Academy', '2018-08-05'),
	(9673, 41.58, 'Prelev', '2018-09-05', 'Brian MANGOENPAWIRO', 24.95, 'Academy', '2018-09-05'),
	(9674, 41.58, 'Prelev', '2018-10-05', 'Brian MANGOENPAWIRO', 24.95, 'Academy', '2018-10-05'),
	(9675, 41.58, 'Prelev', '2018-11-05', 'Brian MANGOENPAWIRO', 24.95, 'Academy', '2018-11-05'),
	(9676, 41.58, 'Prelev', '2018-12-07', 'Brian MANGOENPAWIRO', 24.95, 'Academy', '2018-12-07'),
	(9677, 41.58, 'Prelev', '2019-01-08', 'Brian MANGOENPAWIRO', 24.95, 'Academy', '2019-01-08'),
	(9678, 41.58, 'Prelev', '2019-02-07', 'Brian MANGOENPAWIRO', 24.95, 'Academy', '2019-02-07'),
	(9679, 41.58, 'Prelev', '2019-03-07', 'Brian MANGOENPAWIRO', 24.95, 'Academy', '2019-03-07'),
	(9680, 41.58, 'Prelev', '2019-04-07', 'Brian MANGOENPAWIRO', 24.95, 'Academy', '2019-04-07'),
	(9681, 29.70, 'Prelev', '2018-11-05', 'Cedric MAUFROY', 17.82, 'Academy', '2018-11-05'),
	(9682, 29.70, 'Prelev', '2018-12-07', 'Cedric MAUFROY', 17.82, 'Academy', '2018-12-07'),
	(9683, 29.70, 'Prelev', '2019-01-08', 'Cedric MAUFROY', 17.82, 'Academy', '2019-01-08'),
	(9684, 29.70, 'Prelev', '2019-02-07', 'Cedric MAUFROY', 17.82, 'Academy', '2019-02-07'),
	(9685, 29.70, 'Prelev', '2019-03-07', 'Cedric MAUFROY', 17.82, 'Academy', '2019-03-07'),
	(9686, 29.70, 'Prelev', '2019-04-07', 'Cedric MAUFROY', 17.82, 'Academy', '2019-04-07'),
	(9687, 100.00, 'Check', '2017-05-10', 'Joan MESINELE', 60.00, 'Academy', '2017-10-04'),
	(9688, 100.00, 'Check', '2017-05-10', 'Joan MESINELE', 60.00, 'Academy', '2017-09-05'),
	(9689, 100.00, 'Check', '2017-05-10', 'Joan MESINELE', 60.00, 'Academy', '2017-08-02'),
	(9690, 100.00, 'Check', '2017-05-10', 'Joan MESINELE', 60.00, 'Academy', '2017-07-05'),
	(9691, 100.00, 'Check', '2017-05-10', 'Joan MESINELE', 60.00, 'Academy', '2017-06-04'),
	(9692, 41.58, 'Prelev', '2018-10-05', 'Joan MESINELE', 24.95, 'Academy', '2018-10-05'),
	(9693, 41.58, 'Prelev', '2018-11-05', 'Joan MESINELE', 24.95, 'Academy', '2018-11-05'),
	(9694, 41.58, 'Prelev', '2018-12-07', 'Joan MESINELE', 24.95, 'Academy', '2018-12-07'),
	(9695, 41.58, 'Prelev', '2019-01-08', 'Joan MESINELE', 24.95, 'Academy', '2019-01-08'),
	(9696, 41.58, 'Prelev', '2019-02-07', 'Joan MESINELE', 24.95, 'Academy', '2019-02-07'),
	(9697, 41.58, 'Prelev', '2019-03-07', 'Joan MESINELE', 24.95, 'Academy', '2019-03-07'),
	(9698, 41.58, 'Prelev', '2019-04-07', 'Joan MESINELE', 24.95, 'Academy', '2019-04-07'),
	(9704, 29.70, 'Prelev', '2018-10-05', 'Damien MILLAN', 17.82, 'Academy', '2018-10-05'),
	(9705, 29.70, 'Prelev', '2018-11-05', 'Damien MILLAN', 17.82, 'Academy', '2018-11-05'),
	(9706, 29.70, 'Prelev', '2018-12-07', 'Damien MILLAN', 17.82, 'Academy', '2018-12-07'),
	(9707, 29.70, 'Prelev', '2019-01-08', 'Damien MILLAN', 17.82, 'Academy', '2019-01-08'),
	(9708, 29.70, 'Prelev', '2019-02-07', 'Damien MILLAN', 17.82, 'Academy', '2019-02-07'),
	(9709, 29.70, 'Prelev', '2019-03-07', 'Damien MILLAN', 17.82, 'Academy', '2019-03-07'),
	(9710, 29.70, 'Prelev', '2019-04-07', 'Damien MILLAN', 17.82, 'Academy', '2019-04-07'),
	(9711, 41.58, 'Prelev', '2019-01-08', 'Greg MOREL', 24.95, 'Academy', '2019-01-08'),
	(9712, 41.58, 'Prelev', '2019-02-07', 'Greg MOREL', 24.95, 'Academy', '2019-02-07'),
	(9713, 41.58, 'Prelev', '2019-03-07', 'Greg MOREL', 24.95, 'Academy', '2019-03-07'),
	(9714, 41.58, 'Prelev', '2019-04-07', 'Greg MOREL', 24.95, 'Academy', '2019-04-07'),
	(9715, 41.58, 'Prelev', '2018-10-05', 'Pierre MURATET', 24.95, 'Academy', '2018-10-05'),
	(9716, 41.58, 'Prelev', '2018-11-05', 'Pierre MURATET', 24.95, 'Academy', '2018-11-05'),
	(9717, 41.58, 'Prelev', '2018-12-07', 'Pierre MURATET', 24.95, 'Academy', '2018-12-07'),
	(9718, 41.58, 'Prelev', '2019-01-08', 'Pierre MURATET', 24.95, 'Academy', '2019-01-08'),
	(9719, 41.58, 'Prelev', '2019-02-07', 'Pierre MURATET', 24.95, 'Academy', '2019-02-07'),
	(9720, 41.58, 'Prelev', '2019-03-07', 'Pierre MURATET', 24.95, 'Academy', '2019-03-07'),
	(9721, 41.58, 'Prelev', '2019-04-07', 'Pierre MURATET', 24.95, 'Academy', '2019-04-07'),
	(9722, 41.58, 'Prelev', '2018-07-05', 'Joris NADEAU', 24.95, 'Academy', '2018-07-05'),
	(9723, 41.58, 'Prelev', '2018-08-05', 'Joris NADEAU', 24.95, 'Academy', '2018-08-05'),
	(9724, 41.58, 'Prelev', '2018-09-05', 'Joris NADEAU', 24.95, 'Academy', '2018-09-05'),
	(9725, 41.58, 'Prelev', '2018-10-05', 'Joris NADEAU', 24.95, 'Academy', '2018-10-05'),
	(9726, 41.58, 'Prelev', '2018-11-05', 'Joris NADEAU', 24.95, 'Academy', '2018-11-05'),
	(9727, 41.58, 'Prelev', '2018-12-07', 'Joris NADEAU', 24.95, 'Academy', '2018-12-07'),
	(9728, 41.58, 'Prelev', '2019-01-08', 'Joris NADEAU', 24.95, 'Academy', '2019-01-08'),
	(9729, 41.58, 'Prelev', '2019-02-07', 'Joris NADEAU', 24.95, 'Academy', '2019-02-07'),
	(9730, 41.58, 'Prelev', '2019-03-07', 'Joris NADEAU', 24.95, 'Academy', '2019-03-07'),
	(9731, 41.58, 'Prelev', '2019-04-07', 'Joris NADEAU', 24.95, 'Academy', '2019-04-07'),
	(9732, 100.00, 'Transfert', '2018-01-03', 'Farid NAÏR', 60.00, 'Academy', '2018-01-03'),
	(9733, 41.58, 'Prelev', '2018-06-05', 'Farid NAÏR', 24.95, 'Academy', '2018-06-05'),
	(9734, 41.58, 'Prelev', '2018-07-05', 'Farid NAÏR', 24.95, 'Academy', '2018-07-05'),
	(9735, 41.58, 'Prelev', '2018-08-05', 'Farid NAÏR', 24.95, 'Academy', '2018-08-05'),
	(9736, 41.58, 'Prelev', '2018-09-05', 'Farid NAÏR', 24.95, 'Academy', '2018-09-05'),
	(9737, 41.58, 'Prelev', '2018-10-05', 'Farid NAÏR', 24.95, 'Academy', '2018-10-05'),
	(9738, 41.58, 'Prelev', '2018-11-05', 'Farid NAÏR', 24.95, 'Academy', '2018-11-05'),
	(9739, 41.58, 'Prelev', '2018-12-07', 'Farid NAÏR', 24.95, 'Academy', '2018-12-07'),
	(9740, 41.58, 'Prelev', '2019-01-08', 'Farid NAÏR', 24.95, 'Academy', '2019-01-08'),
	(9741, 41.58, 'Prelev', '2019-02-07', 'Farid NAÏR', 24.95, 'Academy', '2019-02-07'),
	(9742, 41.58, 'Prelev', '2019-03-07', 'Farid NAÏR', 24.95, 'Academy', '2019-03-07'),
	(9743, 41.58, 'Prelev', '2019-04-07', 'Farid NAÏR', 24.95, 'Academy', '2019-04-07'),
	(9744, 41.58, 'Prelev', '2019-02-07', 'Nolls NSONDE', 24.95, 'Academy', '2019-02-07'),
	(9745, 41.58, 'Prelev', '2019-03-07', 'Nolls NSONDE', 24.95, 'Academy', '2019-03-07'),
	(9746, 41.58, 'Prelev', '2019-04-07', 'Nolls NSONDE', 24.95, 'Academy', '2019-04-07'),
	(9747, 125.00, 'Check', '2017-09-25', 'Alban OUAHAB', 75.00, 'Academy', '2018-01-03'),
	(9748, 125.00, 'Check', '2017-09-25', 'Alban OUAHAB', 75.00, 'Academy', '2017-12-04'),
	(9749, 125.00, 'Check', '2017-09-25', 'Alban OUAHAB', 75.00, 'Academy', '2017-11-04'),
	(9750, 125.00, 'Check', '2017-09-25', 'Alban OUAHAB', 75.00, 'Academy', '2017-10-04'),
	(9751, 41.58, 'Prelev', '2018-11-05', 'Alban OUAHAB', 24.95, 'Academy', '2018-11-05'),
	(9752, 41.58, 'Prelev', '2018-12-07', 'Alban OUAHAB', 24.95, 'Academy', '2018-12-07'),
	(9753, 41.58, 'Prelev', '2019-01-08', 'Alban OUAHAB', 24.95, 'Academy', '2019-01-08'),
	(9754, 41.58, 'Prelev', '2019-02-07', 'Alban OUAHAB', 24.95, 'Academy', '2019-02-07'),
	(9755, 41.58, 'Prelev', '2019-03-07', 'Alban OUAHAB', 24.95, 'Academy', '2019-03-07'),
	(9756, 41.58, 'Prelev', '2019-04-07', 'Alban OUAHAB', 24.95, 'Academy', '2019-04-07'),
	(9757, 80.00, 'Check', '2017-09-14', 'Celine PERREARD', 48.00, 'Academy', '2017-09-15'),
	(9758, 220.00, 'Check', '2017-11-30', 'Celine PERREARD', 132.00, 'Academy', '2017-12-04'),
	(9759, 200.00, 'Check', '2017-11-30', 'Celine PERREARD', 120.00, 'Perso', '2018-01-03'),
	(9760, 41.58, 'Prelev', '2018-11-05', 'Celine PERREARD', 24.95, 'Academy', '2018-11-05'),
	(9761, 41.58, 'Prelev', '2018-12-07', 'Celine PERREARD', 24.95, 'Academy', '2018-12-07'),
	(9762, 41.58, 'Prelev', '2019-01-08', 'Celine PERREARD', 24.95, 'Academy', '2019-01-08'),
	(9763, 41.58, 'Prelev', '2019-02-07', 'Celine PERREARD', 24.95, 'Academy', '2019-02-07'),
	(9764, 41.58, 'Prelev', '2019-03-07', 'Celine PERREARD', 24.95, 'Academy', '2019-03-07'),
	(9765, 41.58, 'Prelev', '2019-04-07', 'Celine PERREARD', 24.95, 'Academy', '2019-04-07'),
	(9766, 41.58, 'Prelev', '2018-09-05', 'Alexis PETITJEAN', 24.95, 'Academy', '2018-09-05'),
	(9767, 41.58, 'Prelev', '2018-10-05', 'Alexis PETITJEAN', 24.95, 'Academy', '2018-10-05'),
	(9768, 41.58, 'Prelev', '2018-11-05', 'Alexis PETITJEAN', 24.95, 'Academy', '2018-11-05'),
	(9769, 41.58, 'Prelev', '2018-12-07', 'Alexis PETITJEAN', 24.95, 'Academy', '2018-12-07'),
	(9770, 41.58, 'Prelev', '2019-01-08', 'Alexis PETITJEAN', 24.95, 'Academy', '2019-01-08'),
	(9771, 41.58, 'Prelev', '2019-02-07', 'Alexis PETITJEAN', 24.95, 'Academy', '2019-02-07'),
	(9772, 41.58, 'Prelev', '2019-03-07', 'Alexis PETITJEAN', 24.95, 'Academy', '2019-03-07'),
	(9773, 41.58, 'Prelev', '2019-04-07', 'Alexis PETITJEAN', 24.95, 'Academy', '2019-04-07'),
	(9774, 41.58, 'Prelev', '2019-01-08', 'Jules Hervé PINDY', 24.95, 'Academy', '2019-01-08'),
	(9775, 41.58, 'Prelev', '2019-02-07', 'Jules Hervé PINDY', 24.95, 'Academy', '2019-02-07'),
	(9776, 41.58, 'Prelev', '2019-03-07', 'Jules Hervé PINDY', 24.95, 'Academy', '2019-03-07'),
	(9777, 41.58, 'Prelev', '2019-04-07', 'Jules Hervé PINDY', 24.95, 'Academy', '2019-04-07'),
	(9778, 41.58, 'Prelev', '2018-10-05', 'Christian PINVILLE', 24.95, 'Academy', '2018-10-05'),
	(9779, 41.58, 'Prelev', '2018-11-05', 'Christian PINVILLE', 24.95, 'Academy', '2018-11-05'),
	(9780, 41.58, 'Prelev', '2018-12-07', 'Christian PINVILLE', 24.95, 'Academy', '2018-12-07'),
	(9781, 41.58, 'Prelev', '2019-01-08', 'Christian PINVILLE', 24.95, 'Academy', '2019-01-08'),
	(9782, 41.58, 'Prelev', '2019-02-07', 'Christian PINVILLE', 24.95, 'Academy', '2019-02-07'),
	(9783, 41.58, 'Prelev', '2019-03-07', 'Christian PINVILLE', 24.95, 'Academy', '2019-03-07'),
	(9784, 41.58, 'Prelev', '2019-04-07', 'Christian PINVILLE', 24.95, 'Academy', '2019-04-07'),
	(9791, 41.58, 'Prelev', '2019-04-07', 'Florian POZZOLI', 24.95, 'Academy', '2019-04-07'),
	(9792, 100.00, 'Check', '2017-09-05', 'Yim DARINA', 60.00, 'Academy', '2017-10-04'),
	(9793, 100.00, 'Check', '2017-09-05', 'Yim DARINA', 60.00, 'Academy', '2017-09-06'),
	(9794, 80.00, 'Check', '2017-05-10', 'Yim DARINA', 48.00, 'Academy', '2017-05-11'),
	(9795, 41.58, 'Prelev', '2018-07-05', 'Ricardo RIBEIRO', 24.95, 'Academy', '2018-07-05'),
	(9796, 41.58, 'Prelev', '2018-08-05', 'Ricardo RIBEIRO', 24.95, 'Academy', '2018-08-05'),
	(9797, 41.58, 'Prelev', '2018-09-05', 'Ricardo RIBEIRO', 24.95, 'Academy', '2018-09-05'),
	(9798, 41.58, 'Prelev', '2018-10-05', 'Ricardo RIBEIRO', 24.95, 'Academy', '2018-10-05'),
	(9799, 41.58, 'Prelev', '2018-11-05', 'Ricardo RIBEIRO', 24.95, 'Academy', '2018-11-05'),
	(9800, 41.58, 'Prelev', '2018-12-07', 'Ricardo RIBEIRO', 24.95, 'Academy', '2018-12-07'),
	(9801, 41.58, 'Prelev', '2019-01-08', 'Ricardo RIBEIRO', 24.95, 'Academy', '2019-01-08'),
	(9802, 41.58, 'Prelev', '2019-02-07', 'Ricardo RIBEIRO', 24.95, 'Academy', '2019-02-07'),
	(9803, 41.58, 'Prelev', '2019-03-07', 'Ricardo RIBEIRO', 24.95, 'Academy', '2019-03-07'),
	(9804, 41.58, 'Prelev', '2019-04-07', 'Ricardo RIBEIRO', 24.95, 'Academy', '2019-04-07'),
	(9805, 41.58, 'Prelev', '2018-10-05', 'Damien ROQUES', 24.95, 'Academy', '2018-10-05'),
	(9806, 41.58, 'Prelev', '2018-11-05', 'Damien ROQUES', 24.95, 'Academy', '2018-11-05'),
	(9807, 41.58, 'Prelev', '2018-12-07', 'Damien ROQUES', 24.95, 'Academy', '2018-12-07'),
	(9808, 41.58, 'Prelev', '2019-01-08', 'Damien ROQUES', 24.95, 'Academy', '2019-01-08'),
	(9809, 41.58, 'Prelev', '2019-02-07', 'Damien ROQUES', 24.95, 'Academy', '2019-02-07'),
	(9810, 41.58, 'Prelev', '2019-03-07', 'Damien ROQUES', 24.95, 'Academy', '2019-03-07'),
	(9811, 41.58, 'Prelev', '2019-04-07', 'Damien ROQUES', 24.95, 'Academy', '2019-04-07'),
	(9812, 41.58, 'Prelev', '2018-11-05', 'Aly SALAMÉ', 24.95, 'Academy', '2018-11-05'),
	(9813, 29.70, 'Prelev', '2018-12-07', 'Aly SALAMÉ', 17.82, 'Academy', '2018-12-07'),
	(9814, 29.70, 'Prelev', '2019-01-08', 'Aly SALAMÉ', 17.82, 'Academy', '2019-01-08'),
	(9815, 29.70, 'Prelev', '2019-02-07', 'Aly SALAMÉ', 17.82, 'Academy', '2019-02-07'),
	(9816, 29.70, 'Prelev', '2019-03-07', 'Aly SALAMÉ', 17.82, 'Academy', '2019-03-07'),
	(9817, 29.70, 'Prelev', '2019-04-07', 'Aly SALAMÉ', 17.82, 'Academy', '2019-04-07'),
	(9818, 41.58, 'Prelev', '2019-02-07', 'Ahmed SEKOURI', 24.95, 'Academy', '2019-02-07'),
	(9819, 41.58, 'Prelev', '2019-03-07', 'Ahmed SEKOURI', 24.95, 'Academy', '2019-03-07'),
	(9820, 41.58, 'Prelev', '2019-04-07', 'Ahmed SEKOURI', 24.95, 'Academy', '2019-04-07'),
	(9821, 41.58, 'Prelev', '2019-02-07', 'Cesar TEMINE', 24.95, 'Academy', '2019-02-07'),
	(9822, 41.58, 'Prelev', '2019-03-07', 'Cesar TEMINE', 24.95, 'Academy', '2019-03-07'),
	(9823, 41.58, 'Prelev', '2019-04-07', 'Cesar TEMINE', 24.95, 'Academy', '2019-04-07'),
	(9824, 41.58, 'Prelev', '2018-10-05', 'Mikael THOMAS', 24.95, 'Academy', '2018-10-05'),
	(9825, 41.58, 'Prelev', '2018-11-05', 'Mikael THOMAS', 24.95, 'Academy', '2018-11-05'),
	(9826, 41.58, 'Prelev', '2018-12-07', 'Mikael THOMAS', 24.95, 'Academy', '2018-12-07'),
	(9827, 41.58, 'Prelev', '2019-01-08', 'Mikael THOMAS', 24.95, 'Academy', '2019-01-08'),
	(9828, 41.58, 'Prelev', '2019-02-07', 'Mikael THOMAS', 24.95, 'Academy', '2019-02-07'),
	(9829, 41.58, 'Prelev', '2019-03-07', 'Mikael THOMAS', 24.95, 'Academy', '2019-03-07'),
	(9830, 41.58, 'Prelev', '2019-04-07', 'Mikael THOMAS', 24.95, 'Academy', '2019-04-07'),
	(9831, 100.00, 'Check', '2017-09-21', 'Emmanuel PEREIRA VIEIRA', 60.00, 'Perso', '2018-02-01'),
	(9832, 100.00, 'Check', '2017-09-21', 'Emmanuel PEREIRA VIEIRA', 60.00, 'Academy', '2018-01-03'),
	(9833, 100.00, 'Check', '2017-09-21', 'Emmanuel PEREIRA VIEIRA', 60.00, 'Academy', '2017-12-04'),
	(9834, 100.00, 'Check', '2017-09-21', 'Emmanuel PEREIRA VIEIRA', 60.00, 'Academy', '2017-11-04'),
	(9835, 100.00, 'Check', '2017-09-21', 'Emmanuel PEREIRA VIEIRA', 60.00, 'Academy', '2017-10-04'),
	(9836, 41.58, 'Prelev', '2018-10-05', 'Emanuel VIEIRA', 24.95, 'Academy', '2018-10-05'),
	(9837, 41.58, 'Prelev', '2018-11-05', 'Emanuel VIEIRA', 24.95, 'Academy', '2018-11-05'),
	(9838, 41.58, 'Prelev', '2018-12-07', 'Emanuel VIEIRA', 24.95, 'Academy', '2018-12-07'),
	(9839, 41.58, 'Prelev', '2019-01-08', 'Emanuel VIEIRA', 24.95, 'Academy', '2019-01-08'),
	(9840, 41.58, 'Prelev', '2019-02-07', 'Emanuel VIEIRA', 24.95, 'Academy', '2019-02-07'),
	(9841, 41.58, 'Prelev', '2019-03-07', 'Emanuel VIEIRA', 24.95, 'Academy', '2019-03-07'),
	(9842, 41.58, 'Prelev', '2019-04-07', 'Emanuel VIEIRA', 24.95, 'Academy', '2019-04-07'),
	(9843, 41.58, 'Prelev', '2019-01-08', 'Nicolas VIEL', 24.95, 'Academy', '2019-01-08'),
	(9844, 41.58, 'Prelev', '2019-02-07', 'Nicolas VIEL', 24.95, 'Academy', '2019-02-07'),
	(9845, 41.58, 'Prelev', '2019-03-07', 'Nicolas VIEL', 24.95, 'Academy', '2019-03-07'),
	(9846, 41.58, 'Prelev', '2019-04-07', 'Nicolas VIEL', 24.95, 'Academy', '2019-04-07'),
	(9847, 500.00, 'Check', '2017-05-10', 'Alexandre WALLOIS', 300.00, 'Academy', '2017-05-11'),
	(9848, 41.58, 'Prelev', '2018-06-05', 'Alexandre WALLOIS', 24.95, 'Academy', '2018-06-05'),
	(9849, 41.58, 'Prelev', '2018-07-05', 'Alexandre WALLOIS', 24.95, 'Academy', '2018-07-05'),
	(9850, 41.58, 'Prelev', '2018-08-05', 'Alexandre WALLOIS', 24.95, 'Academy', '2018-08-05'),
	(9851, 41.58, 'Prelev', '2018-09-05', 'Alexandre WALLOIS', 24.95, 'Academy', '2018-09-05'),
	(9852, 41.58, 'Prelev', '2018-10-05', 'Alexandre WALLOIS', 24.95, 'Academy', '2018-10-05'),
	(9853, 41.58, 'Prelev', '2018-11-05', 'Alexandre WALLOIS', 24.95, 'Academy', '2018-11-05'),
	(9854, 41.58, 'Prelev', '2018-12-07', 'Alexandre WALLOIS', 24.95, 'Academy', '2018-12-07'),
	(9855, 41.58, 'Prelev', '2019-01-08', 'Alexandre WALLOIS', 24.95, 'Academy', '2019-01-08'),
	(9856, 41.58, 'Prelev', '2019-02-07', 'Alexandre WALLOIS', 24.95, 'Academy', '2019-02-07'),
	(9857, 41.58, 'Prelev', '2019-03-07', 'Alexandre WALLOIS', 24.95, 'Academy', '2019-03-07'),
	(9858, 41.58, 'Prelev', '2019-04-07', 'Alexandre WALLOIS', 24.95, 'Academy', '2019-04-07'),
	(9859, 100.00, 'Check', '2017-09-25', 'Paul-François YGORRA', 60.00, 'Academy', '2018-04-03'),
	(9860, 100.00, 'Check', '2017-09-25', 'Paul-François YGORRA', 60.00, 'Academy', '2018-06-04'),
	(9861, 100.00, 'Check', '2017-09-25', 'Paul-François YGORRA', 60.00, 'Academy', '2018-03-03'),
	(9862, 100.00, 'Check', '2017-09-25', 'Paul-François YGORRA', 60.00, 'Academy', '2018-02-05'),
	(9863, 100.00, 'Check', '2017-09-25', 'Paul-François YGORRA', 60.00, 'Academy', '2017-12-04'),
	(9864, 50.00, 'Check', '2017-05-10', 'Paul-François YGORRA', 30.00, 'Academy', '2017-09-05'),
	(9865, 50.00, 'Check', '2017-05-10', 'Paul-François YGORRA', 30.00, 'Academy', '2017-06-04'),
	(9866, 60.00, 'Check', '2017-05-10', 'Paul-François YGORRA', 36.00, 'Academy', '2017-08-02'),
	(9867, 60.00, 'Check', '2017-05-10', 'Paul-François YGORRA', 36.00, 'Academy', '2017-07-05'),
	(9868, 41.58, 'Prelev', '2018-10-05', 'Paul-François YGORRA', 24.95, 'Academy', '2018-10-05'),
	(9869, 41.58, 'Prelev', '2018-11-05', 'Paul-François YGORRA', 24.95, 'Academy', '2018-11-05'),
	(9870, 41.58, 'Prelev', '2018-12-07', 'Paul-François YGORRA', 24.95, 'Academy', '2018-12-07'),
	(9871, 41.58, 'Prelev', '2019-01-08', 'Paul-François YGORRA', 24.95, 'Academy', '2019-01-08'),
	(9872, 41.58, 'Prelev', '2019-02-07', 'Paul-François YGORRA', 24.95, 'Academy', '2019-02-07'),
	(9873, 41.58, 'Prelev', '2019-03-07', 'Paul-François YGORRA', 24.95, 'Academy', '2019-03-07'),
	(9874, 41.58, 'Prelev', '2019-04-07', 'Paul-François YGORRA', 24.95, 'Academy', '2019-04-07'),
	(9875, 150.00, 'Check', '2017-12-04', 'Roméo YOMBOU', 0.00, 'Academy', '2017-12-04'),
	(9876, 41.58, 'Prelev', '2019-04-07', 'Roméo YOMBO-NGUITONGO', 24.95, 'Academy', '2019-04-07'),
	(9880, 400.00, 'Check', '2018-01-04', 'Francis KRAUSE', 240.00, 'Academy', '2018-02-05'),
	(9881, 500.00, 'Check', '2018-03-06', 'kamel chaouche', 300.00, 'Perso', '2018-03-06'),
	(9883, 40.00, 'Cash', '2018-07-03', 'Giusepe VIZZINI', 0.00, 'None', '2018-07-03'),
	(9884, 125.00, 'Cash', '2018-10-04', 'Giusepe VIZZINI', 0.00, 'None', '2018-10-04'),
	(9891, 100.00, 'Check', '2018-01-24', 'michel gueldry', 60.00, 'Perso', '2018-06-03'),
	(9892, 100.00, 'Check', '2018-01-24', 'michel gueldry', 60.00, 'Perso', '2018-05-03'),
	(9893, 100.00, 'Check', '2018-01-24', 'michel gueldry', 60.00, 'Perso', '2018-03-31'),
	(9894, 150.00, 'Check', '2018-01-24', 'michel gueldry', 90.00, 'Perso', '2018-03-03'),
	(9895, 150.00, 'Check', '2018-01-24', 'michel gueldry', 90.00, 'Perso', '2018-02-01'),
	(9896, 80.00, 'Transfert', '2019-04-08', 'Michel GUELDRY', 48.00, 'None', '2019-04-08'),
	(9901, 300.00, 'Check', '2019-04-09', 'Quentin dissard', 180.00, 'Perso', '2019-04-10'),
	(9902, 200.00, 'Check', '2018-03-22', 'Romain VILLA', 120.00, 'Academy', '2018-07-03'),
	(9903, 150.00, 'Check', '2018-03-22', 'Romain VILLA', 90.00, 'Academy', '2018-04-03'),
	(9904, 350.00, 'Check', '2019-04-09', 'Romain VILLA', 210.00, 'Perso', '2019-04-10'),
	(9905, 41.58, 'Prelev', '2018-12-07', 'Eddy MICHELET', 24.95, 'Academy', '2018-12-07'),
	(9906, 41.58, 'Prelev', '2019-01-08', 'Eddy MICHELET', 24.95, 'Academy', '2019-01-08'),
	(9907, 41.58, 'Prelev', '2019-02-07', 'Eddy MICHELET', 24.95, 'Academy', '2019-02-07'),
	(9908, 41.58, 'Prelev', '2019-03-07', 'Eddy MICHELET', 24.95, 'Academy', '2019-03-07'),
	(9909, 500.00, 'Transfert', '2018-09-14', 'Xavier ROBERT', 300.00, 'None', '2018-09-14'),
	(9910, 41.58, 'Prelev', '2018-11-05', 'David ALLIEL', 24.95, 'Academy', '2018-11-05'),
	(9911, 41.58, 'Prelev', '2018-12-07', 'David ALLIEL', 24.95, 'Academy', '2018-12-07'),
	(9912, 41.58, 'Prelev', '2019-01-08', 'David ALLIEL', 24.95, 'Academy', '2019-01-08'),
	(9913, 41.58, 'Prelev', '2019-02-07', 'David ALLIEL', 24.95, 'Academy', '2019-02-07'),
	(9914, 41.58, 'Prelev', '2019-03-07', 'David ALLIEL', 24.95, 'Academy', '2019-03-07'),
	(9915, 41.58, 'Prelev', '2019-04-07', 'David ALLIEL', 24.95, 'Academy', '2019-04-07'),
	(9916, 41.58, 'Prelev', '2018-11-05', 'Olivier PLAZAS', 24.95, 'Academy', '2018-11-05'),
	(9917, 41.58, 'Prelev', '2018-12-07', 'Olivier PLAZAS', 24.95, 'Academy', '2018-12-07'),
	(9918, 41.58, 'Prelev', '2019-01-08', 'Olivier PLAZAS', 24.95, 'Academy', '2019-01-08'),
	(9919, 41.58, 'Prelev', '2019-02-07', 'Olivier PLAZAS', 24.95, 'Academy', '2019-02-07'),
	(9920, 41.58, 'Prelev', '2019-03-07', 'Olivier PLAZAS', 24.95, 'Academy', '2019-03-07'),
	(9921, 41.58, 'Prelev', '2019-04-07', 'Olivier PLAZAS', 24.95, 'Academy', '2019-04-07'),
	(9922, 100.00, 'Check', '2017-09-05', 'Cedric LE FRANC', 60.00, 'Academy', '2018-01-03'),
	(9923, 100.00, 'Check', '2017-09-05', 'Cedric LE FRANC', 60.00, 'Academy', '2017-12-04'),
	(9924, 100.00, 'Check', '2017-09-05', 'Cedric LE FRANC', 60.00, 'Academy', '2017-11-04'),
	(9925, 100.00, 'Check', '2017-09-05', 'Cedric LE FRANC', 60.00, 'Academy', '2017-10-04'),
	(9926, 100.00, 'Check', '2017-09-05', 'Cedric LE FRANC', 60.00, 'Academy', '2017-09-06'),
	(9927, 200.00, 'Check', '2018-03-06', 'Cedric LE FRANC', 120.00, 'Academy', '2018-07-03'),
	(9928, 100.00, 'Check', '2018-03-06', 'Cedric LE FRANC', 60.00, 'Academy', '2018-04-03'),
	(9929, 100.00, 'Check', '2018-03-06', 'Cedric LE FRANC', 60.00, 'Academy', '2018-05-03'),
	(9930, 100.00, 'Check', '2018-03-06', 'Cedric LE FRANC', 60.00, 'Academy', '2018-06-04'),
	(9931, 41.58, 'Prelev', '2019-04-07', 'Cedric LE FRANC', 24.95, 'Academy', '2019-04-07'),
	(9932, 50.00, 'Cash', '2019-03-06', 'Chekene Diarra', 0.00, 'None', '2019-03-06'),
	(9933, 133.34, 'Check', '2019-03-06', 'Chekene Diarra', 80.00, 'Academy', '2019-04-10'),
	(9934, 133.34, 'Check', '2019-03-06', 'Chekene Diarra', 80.00, 'None', '2019-03-06'),
	(9935, 133.34, 'Check', '2019-03-06', 'Chekene Diarra', 80.00, 'None', '2019-03-06'),
	(9937, 100.00, 'Check', '2019-04-10', 'gwenael gobard', 60.00, 'Academy', '2019-04-10'),
	(9938, 41.58, 'Prelev', '2018-07-05', 'Noureddine AJDID', 24.95, 'Academy', '2018-07-05'),
	(9939, 41.58, 'Prelev', '2018-08-05', 'Noureddine AJDID', 24.95, 'Academy', '2018-08-05'),
	(9940, 41.58, 'Prelev', '2018-09-05', 'Noureddine AJDID', 24.95, 'Academy', '2018-09-05'),
	(9941, 41.58, 'Prelev', '2018-10-05', 'Noureddine AJDID', 24.95, 'Academy', '2018-10-05'),
	(9942, 41.58, 'Prelev', '2018-11-05', 'Noureddine AJDID', 24.95, 'Academy', '2018-11-05'),
	(9943, 41.58, 'Prelev', '2018-12-07', 'Noureddine AJDID', 24.95, 'Academy', '2018-12-07'),
	(9944, 41.58, 'Prelev', '2019-01-08', 'Noureddine AJDID', 24.95, 'Academy', '2019-01-08'),
	(9945, 41.58, 'Prelev', '2019-02-07', 'Noureddine AJDID', 24.95, 'Academy', '2019-02-07'),
	(9946, 41.58, 'Prelev', '2019-03-07', 'Noureddine AJDID', 24.95, 'Academy', '2019-03-07'),
	(9947, 41.58, 'Prelev', '2019-04-07', 'Noureddine AJDID', 24.95, 'Academy', '2019-04-07'),
	(9948, 125.00, 'Check', '2017-09-14', 'David Gauthier', 75.00, 'Academy', '2017-10-04'),
	(9949, 125.00, 'Check', '2017-09-14', 'David Gauthier', 75.00, 'Academy', '2017-11-04'),
	(9950, 125.00, 'Check', '2017-09-14', 'David Gauthier', 75.00, 'Academy', '2017-12-04'),
	(9951, 125.00, 'Check', '2017-09-14', 'David Gauthier', 75.00, 'Academy', '2018-01-03'),
	(9952, 41.58, 'Prelev', '2018-10-05', 'David GAUTHIER', 24.95, 'Academy', '2018-10-05'),
	(9953, 41.58, 'Prelev', '2018-11-05', 'David GAUTHIER', 24.95, 'Academy', '2018-11-05'),
	(9954, 41.58, 'Prelev', '2018-12-07', 'David GAUTHIER', 24.95, 'Academy', '2018-12-07'),
	(9955, 41.58, 'Prelev', '2019-01-08', 'David GAUTHIER', 24.95, 'Academy', '2019-01-08'),
	(9956, 41.58, 'Prelev', '2019-02-07', 'David GAUTHIER', 24.95, 'Academy', '2019-02-07'),
	(9957, 41.58, 'Prelev', '2019-03-07', 'David GAUTHIER', 24.95, 'Academy', '2019-03-07'),
	(9958, 41.58, 'Prelev', '2019-04-07', 'David GAUTHIER', 24.95, 'Academy', '2019-04-07'),
	(9959, 40.00, 'Cash', '2019-03-21', 'Solo Gatame', 0.00, 'None', '2019-03-21');
/*!40000 ALTER TABLE `PAYMENTS` ENABLE KEYS */;

-- Export de la structure de la table CERCLE. PLANS
DROP TABLE IF EXISTS `PLANS`;
CREATE TABLE IF NOT EXISTS `PLANS` (
  `ID` int(11) NOT NULL AUTO_INCREMENT,
  `Label` varchar(50) DEFAULT NULL,
  `Amount` int(11) DEFAULT NULL,
  `DebtPercentage` int(11) DEFAULT NULL,
  `Type` enum('Abonnement','Private') DEFAULT NULL,
  PRIMARY KEY (`ID`)
) ENGINE=InnoDB AUTO_INCREMENT=17 DEFAULT CHARSET=latin1;

-- Export de données de la table CERCLE.PLANS : ~16 rows (environ)
DELETE FROM `PLANS`;
/*!40000 ALTER TABLE `PLANS` DISABLE KEYS */;
INSERT INTO `PLANS` (`ID`, `Label`, `Amount`, `DebtPercentage`, `Type`) VALUES
	(1, 'Adulte', 42, 60, 'Abonnement'),
	(2, 'Mixte (ou libre)', 30, 60, 'Abonnement'),
	(3, 'Enfant', 26, 60, 'Abonnement'),
	(4, '1 par mois (6 mois)', 45, 0, 'Private'),
	(5, '1 toutes les 2 semaines (6 mois)', 90, 0, 'Private'),
	(6, '1 par semaine (6 mois)', 170, 0, 'Private'),
	(7, '1 par mois (12 mois)', 45, 0, 'Private'),
	(8, '1 toutes les 2 semaines (12 mois)', 80, 0, 'Private'),
	(9, '1 par semaine (12 mois)', 150, 0, 'Private'),
	(10, '2 par semaine (6 mois)', 320, 0, 'Private'),
	(11, '2 par semaine (12 mois)', 280, 0, 'Private'),
	(12, 'Mixte secondaire', 21, 60, 'Abonnement'),
	(13, 'NK1 1 toutes les 2 semaines (6 mois)', 90, 0, 'Private'),
	(14, 'NEW 1 par mois (6 mois)', 60, 0, 'Private'),
	(15, 'NK1 1 toutes les 2 semaines (12 mois)', 80, 0, 'Private'),
	(16, 'NK1 1 tous les mois (6 mois)', 50, 0, 'Private');
/*!40000 ALTER TABLE `PLANS` ENABLE KEYS */;

-- Export de la structure de la table CERCLE. PRIVATES
DROP TABLE IF EXISTS `PRIVATES`;
CREATE TABLE IF NOT EXISTS `PRIVATES` (
  `ID` int(11) NOT NULL AUTO_INCREMENT,
  `MemberID` int(11) NOT NULL,
  `Amount` decimal(10,2) NOT NULL,
  `Date` date NOT NULL,
  `bookedLessons` int(11) NOT NULL,
  `doneLessons` int(11) NOT NULL,
  `Description` text,
  PRIMARY KEY (`ID`),
  KEY `FK_MEMBERS` (`MemberID`),
  CONSTRAINT `FK_MEMBERS` FOREIGN KEY (`MemberID`) REFERENCES `MEMBERS` (`ID`)
) ENGINE=InnoDB AUTO_INCREMENT=138 DEFAULT CHARSET=utf8;

-- Export de données de la table CERCLE.PRIVATES : ~36 rows (environ)
DELETE FROM `PRIVATES`;
/*!40000 ALTER TABLE `PRIVATES` DISABLE KEYS */;
INSERT INTO `PRIVATES` (`ID`, `MemberID`, `Amount`, `Date`, `bookedLessons`, `doneLessons`, `Description`) VALUES
	(1, 143, 250.00, '2017-11-20', 5, 4, '3) Passages de worm, defense de berimbolo, defense de leg weave\r\n4) revision defense worm, defense berimbolo, passage lasso'),
	(10, 23, 250.00, '2018-02-13', 5, 2, '2) Garde bras col, triangle omoplate, sweep en tomoinage, recompo en lasso'),
	(11, 188, 30.00, '2018-02-19', 1, 1, '19/02/18: Défense sur QG, lasso et single leg'),
	(12, 145, 120.00, '2018-02-20', 2, 2, '20/02: Single leg debout, sorties de demi garde flat, controle en monté. sparrings\r\n26/10: misc'),
	(16, 63, 300.00, '2018-05-11', 6, 6, '01/10/18: Lasso\r\n11/05/18: Details sur passage knee slide, sur crazy dog pass\r\n11/05/18: 18/05 détails sur la garde a la rico, prise de dos a la leite, precision sur col manche\r\n11/05/18: 09/06 details leg weave, crazy dog, leg drag\r\n11/05/18: quoi faire pour passer lasso restante en croix, estima lock, sweep en lasso a la galvao\r\n11/05/18: Lasso meregali, lasso dlr misc'),
	(24, 207, 500.00, '2018-07-05', 10, 10, '1) croix et monté, dessous et dessus\r\n2) revision puis garde fermé dessous et dessus\r\n3) revision, defense de gezagatame soumissions cle de cheville jambe toe hold, guillotine\r\n4) demi garde, dos?\r\n'),
	(25, 146, 250.00, '2019-03-21', 6, 5, '04/04/19: Attaques dans le dos: etranglement avec kim et retention si il sort un pied\r\n29/03/19: sorties de monté\r\n25/03/19: lasso: sweep a genoux, sweep une jambe levée\r\n21/03/19: revision collar sleeve, base et triangle debout et au sol\r\n06/07/18: Collar sleeve base, jugi omoplata sweep, jugi behring -> lasso sur QG\r\n'),
	(26, 187, 120.00, '2018-07-11', 2, 2, '12/07/18: passage en QG, leg weave, knee slide, stack pass\r\n11/07/18: Demi garde inversé retention, worm'),
	(29, 2, 250.00, '2019-01-12', 5, 3, '28/01/19: Misc, dlr X, passage knee slide\r\n01/10/18: Passages de garde: knee slide leg weave, torreando\r\n16/07/18: clé de bras à la roger, overhook, cle de bras en attrapant jambes, col manche, exo simples de retention\r\n\r\n'),
	(30, 209, 60.00, '2018-07-17', 1, 1, '17/07/18: worm'),
	(31, 213, 60.00, '2018-08-21', 1, 1, 'Spider guard sweep de base\r\ntriangle\r\nomoplata\r\nballon sweep'),
	(35, 237, 100.00, '2018-09-22', 2, 2, ''),
	(40, 25, 250.00, '2018-10-18', 5, 5, '18/10/18: Ensemble de cours pour valider la ceinture noire'),
	(41, 271, 60.00, '2018-10-24', 1, 1, 'Kimura\r\nhip bump'),
	(42, 69, 222.75, '2019-03-19', 12, 6, '26/10: Petit bilan des differentes pistes\r\n09/11: single X full X\r\n18/12: Single X setup et on commence a parler de la full X\r\n21/02: affutage berimbolo, review de la mantis\r\n19/03: Knee slide et leg weave\r\n02/04: Revision knee slide et 1 passage de 50/50'),
	(49, 247, 60.00, '2018-11-13', 1, 1, 'revision garde fermée'),
	(54, 44, 1650.00, '2019-03-12', 41, 26, '09/04/19: Remise en question suite à competition: Col manche et sortie de overhook en garde fermée\r\n12/03: Sortie de monté: upa et hip escape\r\n05/03: Monté: Controle et triple attaque\r\n26/02: Sortie de croix (3 de bases) revisions lasso\r\n19/02: Revisions attaques dos, controle monté, garde fermé\r\n12/02: Revisions attaques base en garde fermée: jugi triangle kimura hip bump\r\n29/01: jugi en monté\r\n21/01: Révision garde lasso\r\n17/12: Garde lasso, toutes attaques\r\n10/12: Dos?\r\n03/12: Bases de la lasso, retention, omoplata, sweep au sol jambe gauche et droite\r\n10/04/18: 15 cours misc'),
	(65, 39, 50.00, '2018-12-28', 1, 1, '28/12 misc'),
	(79, 182, 540.00, '2019-03-19', 12, 9, '04/12: Bases de la col manche\r\n18/12: Col manche, et debut de knee lside\r\n08/01: Résumé options en col manche, et meme chose en lasso\r\n22/01: garde fermée: overhook et arm cross attaques\r\n18/02: Révision col manche, suivis possible sur passage QG\r\n25/02: Revision des sweeps en col manche. Over under, crazy dog misc\r\n11/03: overview demi garde leite et rapide de la demi inversée (controle et sweeep)\r\n18/03: Revision demi garde, reverse half leg lock sweep, single leg langhi\r\n01/04: Revision col manche, lasso et demi garde en vue de Bagnolet'),
	(86, 311, 70.00, '2019-01-25', 1, 1, '1) 09/04/19: knee slide, leg weave, passage de demi'),
	(105, 128, 70.00, '2019-02-18', 1, 1, 'Steeve du krav maga.\r\nPas envie de le declarer du coup je le met sous mon nom'),
	(106, 224, 118.80, '2019-02-19', 6, 1, '19/02/19: misc et parcours global garde lasso'),
	(109, 203, 684.00, '2019-03-05', 54, 15, '15) 16/04/19: Single X, base et sweep, X guard sweep base et ciseau\r\n14) 09/04/19: Pposture en garde fermée, over under, misc\r\n02/04/19: Revision de son jeu global en vue de la compet de bagnolet\r\n26/03/19: Worm attaques et passages, squid\r\n19/03/19: misc par rapport à son jeu\r\n12/03/19: misc post competition. Posture pour se lever ds la garde\r\n05/03/19: Misc pre competition\r\n01/03/19: Full review mantis\r\n19/02/19: misc et parcours global garde mantis\r\n12/02/19: Sweep half inversé MG clé de jambe, misc demi -> envisager garde assise\r\n05/02/19: Col manche bases, recomposition triangle etc\r\n29/01/19: side control, prise de dos sur tortue\r\n21/01/19: ABSENCE - Maladie\r\n15/01/19: ABSENCE - Lisbonne\r\n09/01/19: knee slide, leg weave, misc\r\n01/01/19: Abonnement +52 cours\r\n23/08/18: Bases de la deep\r\n03/07/18: ouverture garde fermée, passage papillon, defense col manche, defense dlr X'),
	(110, 244, 555.20, '2019-03-05', 28, 9, '11/04: ABSENCE - Blessure\r\n29/03: ABSENCE - Blessure\r\n15/03: ABSENCE - Blessure\r\n11/03: quoi faire qd l\'adv fait lacher les grips, attaques en tortue\r\n15/02: lasso contre adv a genou: triangle omoplata sweep base john wayne sweep\r\n01/02: ABSENCE - Langhi\r\n18/01: ABSENCE - Lisbonne\r\n03/01: revision col manche, lasso, garde fermée\r\n7/12 Misc \r\n21/12: Entretien tel\r\n1/11: Col manche,Recomposition,triangle omoplata,tomo inage\r\n24/11: misc\r\n09/10: Garde fermée: jugi, triangle, kimura, hip bump croix: controle, kimura, americana\r\n26/10: revision triangle, overhook triangle, overhook choke,prise de dos a partir de la garde fermée'),
	(111, 260, 1668.00, '2019-03-05', 104, 36, '36) 16/04/19: Exo de recomposition garde, 2 passages de dlr X\r\n35) 09/04/19: Double under, over under, clé de jambe\r\n34) 08/04/19: Revision sorties de dos, triple attaque en dlr X\r\n33) 05/04/19: stack pass avec genou qui ecrase le bras, interieur et exterieur, stack vers leg drag -> prise de dos si il tourne\r\n32) 02/04/19: Revision attaques de dos, intro deep dlr sweep devant et derriere\r\n31) 28/03/19: Revisions et passages de lasso, main, coude et passage spider lasso\r\n25/03/19: Lasso revisions retention, sweep un genoux, sweep debout sauf meregali\r\n21/03/19: Lasso: revisions sweep a genoux, 3 sweep quand il leve un genou\r\n18/03/19: Revision spider. Bases lasso: la placer, retention et 2 sweeps a genoux.\r\n14/03/19: Spider collar revision. Passages de garde spider stack et leg drag\r\n12/03/19: Spider collar: Quoi faire quand le mec enjambe: Prise de dos et sweep\r\n26/02/19 ABSENCE - annulé par lui ski\r\n25/02/19 ABSENCE - annulé par lui ski\r\n24/02/19 ABSENCE - annulé par lui ski\r\n23/02/19 ABSENCE - annulé par lui ski\r\n22/02/19: Spider: sweep de base, sweep dlr si il leve une jambe, \r\n18/02/19: Spider collar arm drag, spider collar triangle, spider collar x guard\r\n15/02/19: Spider collar sweep revision, spider collar arm drag\r\n12/02/19: Revision, suivi des defenses sur passage en qg, debut spider collar, sweep leandro lo\r\n07/02/19: Collar drag, sweep double hook a la mag, ankle pick\r\n05/02/19: Revision col manche\r\n01/02/18 ABSENCE - Langhi\r\n31/01/19: Passages en demi garde normal et inversée\r\n24/01/19: Révision globale\r\n22/01/19: ouverture de garde fermée: classique et genou\r\n15/01/19 ABSENCE - Lisbonne\r\n09/01/19: overhook, poing gorge, triangle, straight arm bar, omoplata\r\n05/01/19: Révision passage de col manche, initiation deep half, sweep en single leg\r\n28/12/18: Passages de col manche\r\n27/12/18 ABSENCE - annulé par lui cf msg\r\n21/12/18: attaques en demi: recomposition base, pontage, hook sweep recomposition\r\n20/12/18: Passages de demi garde: crazy dog, et passage de base flat\r\n14/12/18: Revision d\'un peu tout\r\n06/12/18: revision garde fermée, sortie de croix\r\n03/12/18: Col manche recomposition, sweep tripod, sweep dlr balloon\r\n29/11/18: bases col manche\r\n27/11/18: defense dos, 2 sorties\r\n24/11/18: passage qg, knee slide\r\n22/11/18: Sorties dos\r\n16/11/18: Dos: Bases et etranglements, stretch\r\n15/11/18: Sorties de monté\r\n08/11/18: Montés: base au dessus\r\n07/11/18: bases en dessous'),
	(112, 294, 316.80, '2019-03-05', 26, 5, '05/04/19: Sortie de croix, les 3 classiques: hip escape, relevé mg et sortie fabio G\r\n22/03/19 ABSENCE - annulé maladie enfant mail\r\n08/03/19: Spider vers spider col -> sweep leandro lo\r\n22/02/19: Spider: sweep de base, sweep si il leve la jambe dlr profonde, jugi si il lache pas le pantalon\r\n07/02/19:  ABSENCE -  annulé par lui cf mail\r\n25/01/19: revisions collar sleeve, lasso galvao, lasso delariva\r\n11/01/19: Collar sleeve bases et triangle omoplata debout et au sol'),
	(113, 243, 1041.00, '2019-03-05', 56, 25, '25) 12/04/19: Sorties de dos un crochet, double attaque dlr X gauche et droite\r\n05/04/19: stack pass: knee slide, long step, stack\r\n29/03/19: Passages de lasso, sortie main, passage langhi\r\n22/03/19: lasso bases et 2 sweeps à genoux et 3 sweeps 1 jambe levée\r\n08/03/19: Spider vers spider col -> sweep leandro lo. Sweep et prise de dos si il va a gauche\r\n01/03/19: Spider: sweep classique, sweep deep dlr,sweep basique debout pousse genoux\r\n22/02/19: Sortie de croix: basique, gurgel, mg\r\n15/02/19: Passages de col manche, basic + langhi. Strectch stack pass\r\n08/02/19: col manche, revision, triangle quand il passe la main, omoplata en kickant la jambe, suivi sur omoplata si il tourne\r\n01/02/19: ABSENCE - Langhi\r\n25/01/19: babybolo 1 et 2, sit up guard bras croisé, suivi si il va en qg\r\n18/01/19: ABSENCE - Lisbonne\r\n11/01/19: garde fermé: overhook attaques et passages\r\n05/01/19: retention a la braulio, torreano et ses variantes\r\n28/12/18: Passages de col manche\r\n21/12/18: Passage de demi gard, crazy dog, passage flat standard, knee slide, inverted half\r\n14/12/18 col manche\r\n07/12/18 misc\r\n30/11/18: base tour eiffel -> col manche bases et triangle\r\n24/11/18: sortie de dos\r\n16/11/18: Dos: Bases et etranglements, stretch\r\n09/11/18: defenses de monté: upa et langouste\r\n01/11/18:Monté,cross choke,americana -> jugi,triple attaque en poussant le bras,prise de dos, etranglement, jugi\r\n25/10/18;Sortie de croix basique,sortie remise a genoux,sortie switch hanche gurgel\r\n18/10/18;switch de hanche quand il pousse,Passage en monté genou et pied,sortie de croix\r\n11/10/18; torreano,americana,kimura,kimura bras tendu\r\n04/10/18; garde fermée:dessous, jugi, triangle, kimura, hip bump,dessus,se lever ouvrir'),
	(114, 257, 436.00, '2019-03-05', 27, 6, '04/04 ABSENCE - Annulation car mal au dos\r\n21/03 ABSENCE - Annulation car formation\r\n07/03 ABSENCE - mais prévenu 3h avant du coup je pense pas le compter...\r\n21/02 ABSENCE - annulation par mail le 19/02\r\n15/02 annulation dernière minute de sa part, je le compte\r\n24/01: Sorties de monté: Upa, hip escape et reprise en demi\r\n10/01: Bases en monté: cross choke et triple attaque\r\n28/12: Revision. Croix (americana, kimura, jugi genou ventre, 2 passages en monté) Sorties (reprise garde, remise genou)\r\n18/12: Revision, ouvertures garde fermé (2 de bases), defenses de dos\r\n29/11 Attaques et retention dans le dos. Garde fermée: jugi, triangle et kimura'),
	(115, 142, 1255.20, '2019-03-05', 39, 23, '23) 11/04/19: misc, knee slide et long step\r\n14/03/19: Bases de la spider guard: Sweep base et clé de bras langhi\r\n28/03/19: Bases de la lasso\r\n07/03/19 ABSENCE - Guada\r\n28/02/19 ABSENCE - Guada\r\n14/02/19: attaques en croix, paper choke, passages en monté\r\n31/01/19: Revision étranglements et misc\r\n17/01/19 ABSENCE - Lisbonne\r\n10/01/19: Passages de demi garde en mettant la pression epaule\r\n20/12/18: passages de demi garde: Crazy dog, passage de flat\r\n06/12/18: Sorties du dos\r\n22/11/18: Revision monté, attaques dos\r\n01/11/18: bases en monté et triple attaque\r\n16/10/18: 13 cours MISC'),
	(116, 263, 436.00, '2019-03-05', 27, 10, '10) 11/04/19: Back escapes: Sortie estima, sortie rico, sortie finfou, sortie debout\r\n28/03/19: Passages de lasso, sortie main, coude vers le haut, passage spider lasso, passage mendes\r\n14/03/19: Passages de garde spider stack et leg drag et spider lasso a la lepri\r\n28/02/19: ABSENCE - salle blindée en vacances\r\n14/02/19: Sortie de croix, recomposition, sortie gurgel, se rassoir, sortie braulio\r\n31/01/19: Passages de lasso\r\n24/01/19: Attaques en lasso\r\n10/01/19: Passages de collar and sleeve\r\n20/12/18: collar sleeve: triangle au sol, tripod sweep\r\n06/12/18: bases du collar sleeve, triangle omoplata, balloon sweep\r\n16/11/18: QG knee slide crazy dog long step leg weave'),
	(117, 144, 1691.00, '2019-03-05', 73, 36, '36) 11/04/19: Setup single X et Xg, switch sweep de base en X et ciseau\r\n07/03: intro waiter sweep, mantis\r\n28/03: revision principes demi suite defaite djairo -> debut single X\r\n04/04/19: Initiation single X et X guard\r\n\r\n15/11: Sortie de monté\r\n19/11; Misc\r\n\r\n06/12: Sorties de dos\r\n21/12: Passage de demi garde\r\n28/12: Demi garde dessus, misc\r\n\r\n03/01: overhook et garde fermée\r\n24/01: retention garde, sortie tortue\r\n01/02: Passages demi garde a la MG\r\n\r\n14/02: Attaques en croix\r\n21/02: misc et defenses en croix\r\n\r\n#CONGELATION#\r\n 1) 17/01 Lisbonne\r\n 2) 07/02 Blessure poignet\r\n 3) 28/02 staph au menton\r\n 4) dentiste fille\r\n 5) 21/03 prevenu dernier moment NON COMPTE\r\n\r\n\r\n31/08: Over under affinage, misc\r\n1) On a surtout discuté, lister les drills a faire pour la prochaine fois\r\n2) Attaques en close guard: empecher le gars de se lever, prendre overhook, etranglement, clé de bras, sweep, reverse half guard: retention et hook sweep\r\n3) revision du over hook, jugi à la roger\r\n4) revision du over hook, jugi à la roger\r\n5) revision de tout son jeu la veille de la compet\r\n\r\n27/02: Rappel sur overhook etranglement, omoplata clé de bras. Passage de la deep au over under à creuser la procahine fois. \r\n-> Augmenter les drills aussi....\r\n\r\n1) Over under, drills\r\n2) Over under drills et bull dog pass\r\n3) 30/04 questions diverses et variées\r\n4) 03/05 drill over under, crazy dog pass\r\n5) 07/05 drill over under, crazy dog pass\r\n'),
	(121, 256, 401.40, '2019-03-05', 14, 7, '05/04/19: Dos: Etranglements, ouverture pour crochet, bascule + Monté double sortie:Pontage et hip escape\r\n22/03/19: ABSENCE -  compté car prevenu au dernier moment\r\n08/03/19: Monté Controle et triple attaque\r\n22/02/19: Sorties de croix: Basique gurgel, MG\r\n08/02/19: Reponses à question, col manche bases et triangle quand il passe la main\r\n01/02/19: ABSENCE -  langhi\r\n11/01/19: ouverture de garde fermée, passage double under\r\n21/12/19: Garde fermée: jugi, triangle, kimura, hip bump'),
	(122, 130, 850.00, '2019-03-19', 17, 17, '19/03: revision 50/50, passages et attaques\r\n22/03: revision 50/50, 4 passages de lasso\r\n25/02: Revision passage de garde: knee slide leg weave, crazy dog pass\r\n21/01 Revision knee slide et leg weave\r\n22/01 knee slide, leg weave, passages 50/50\r\n11/12: Revision passages 50/50, squid\r\n27/11: passages de 50/50\r\n30/11: Passages de 50/50, passage spider lasso\r\n29/10: Concept des PDG de base en QG\r\n29/10: Pdg leg weave, knee slide, stack pass\r\n29/10: 100% leg weave\r\n29/10: passages de garde\r\n18/10: Concept de la collar sleeve. Notion de systeme\r\n18/10: attaque en worm, lapeloplata\r\n18/10: revision des attaques en worm: lasso, reverse dlw, lapeloplata etc Suivi berimbolo\r\n18/10: revision des attaques en worm, Passage de grade\r\n18/10: misc'),
	(132, 287, 267.30, '2019-04-05', 3, 3, '#PRELEVEMENT#'),
	(136, 54, 50.00, '2019-04-09', 1, 1, '09/04/19: Petit Bilan de compétence pour la bleue'),
	(137, 331, 150.00, '2019-04-11', 4, 4, '1) 11/04/19: Pack de 4 cours, dette de 75 pour steph');
/*!40000 ALTER TABLE `PRIVATES` ENABLE KEYS */;

-- Export de la structure de la table CERCLE. REFUNDS
DROP TABLE IF EXISTS `REFUNDS`;
CREATE TABLE IF NOT EXISTS `REFUNDS` (
  `ID` int(11) NOT NULL AUTO_INCREMENT,
  `Label` varchar(200) NOT NULL,
  `Amount` decimal(10,2) NOT NULL,
  `Date` date NOT NULL,
  `Comment` varchar(200) DEFAULT NULL,
  PRIMARY KEY (`ID`)
) ENGINE=InnoDB AUTO_INCREMENT=26 DEFAULT CHARSET=utf8;

-- Export de données de la table CERCLE.REFUNDS : ~25 rows (environ)
DELETE FROM `REFUNDS`;
/*!40000 ALTER TABLE `REFUNDS` DISABLE KEYS */;
INSERT INTO `REFUNDS` (`ID`, `Label`, `Amount`, `Date`, `Comment`) VALUES
	(1, 'Pot stage', 75.00, '2017-06-10', NULL),
	(2, 'Location', 4625.00, '2017-08-15', NULL),
	(3, 'Paiement Etienne Gregoire', 90.00, '2017-10-16', ''),
	(4, 'Paiement Etienne Gregoire', 150.00, '2017-11-10', NULL),
	(5, 'Location', 10000.00, '2017-11-15', ''),
	(6, 'Paiement Etienne Gregoire', 90.00, '2017-12-01', ''),
	(7, 'Paiement Etienne Gregoire', 120.00, '2017-12-24', ''),
	(8, 'Location', 10000.00, '2018-01-30', ''),
	(9, 'Paiement Etienne Gregoire', 90.00, '2018-02-16', ''),
	(10, 'Paiement Etienne Gregoire', 90.00, '2018-03-10', ''),
	(11, 'Location', 10000.00, '2018-03-23', ''),
	(12, 'Paiement Etienne Gregoire', 90.00, '2018-04-12', ''),
	(13, 'Paiement Etienne Gregoire', 120.00, '2018-05-11', ''),
	(14, 'Paiement etienne gregoire mai juin', 210.00, '2018-06-16', '7 cours sur mai et juin'),
	(15, 'location', 1500.00, '2018-08-08', ''),
	(16, 'paiement etienne gregoire', 120.00, '2018-10-11', 'sept'),
	(17, 'Location', 7000.00, '2018-10-24', ''),
	(18, 'Paiement Etienne Gregoire', 90.00, '2018-11-03', ''),
	(19, 'Paiement Etienne Gregoire', 60.00, '2018-11-30', ''),
	(20, 'Location', 12000.00, '2018-12-28', ''),
	(21, 'Paiement Etienne Gregoire', 120.00, '2019-01-04', ''),
	(22, 'Paiement Etienne Gregoire', 60.00, '2019-02-15', ''),
	(23, 'Paiement Etienne Gregoire', 90.00, '2019-03-04', ''),
	(24, 'Location (prog kettlebell)', 4500.00, '2019-03-29', ''),
	(25, 'Paiement Etienne Gregoire', 150.00, '2019-04-02', '');
/*!40000 ALTER TABLE `REFUNDS` ENABLE KEYS */;

-- Export de la structure de la table CERCLE. SEMINARS
DROP TABLE IF EXISTS `SEMINARS`;
CREATE TABLE IF NOT EXISTS `SEMINARS` (
  `ID` int(11) NOT NULL AUTO_INCREMENT,
  `Theme` varchar(200) NOT NULL,
  `Date` date NOT NULL,
  `WebMEMBERS` int(11) NOT NULL,
  `LocalMEMBERS` int(11) NOT NULL,
  `Amount` decimal(10,2) NOT NULL,
  `Debt` decimal(10,2) NOT NULL,
  `Comment` varchar(200) DEFAULT NULL,
  PRIMARY KEY (`ID`)
) ENGINE=InnoDB AUTO_INCREMENT=10 DEFAULT CHARSET=utf8;

-- Export de données de la table CERCLE.SEMINARS : ~7 rows (environ)
DELETE FROM `SEMINARS`;
/*!40000 ALTER TABLE `SEMINARS` DISABLE KEYS */;
INSERT INTO `SEMINARS` (`ID`, `Theme`, `Date`, `WebMEMBERS`, `LocalMEMBERS`, `Amount`, `Debt`, `Comment`) VALUES
	(1, 'Spider guard', '2017-06-10', 14, 21, 1000.00, 200.00, NULL),
	(2, 'Basics', '2017-09-10', 23, 31, 1357.00, 271.00, NULL),
	(3, 'Passages de gardes', '2017-12-02', 10, 13, 570.00, 114.00, '4 du gkd, 11 du cercle (3 passages ) , 8 ext -> 45% du cercle '),
	(4, 'Fondamentaux', '2018-02-11', 36, 31, 1696.00, 339.00, '34 du cercle (6 passages, tous venus... ), 7 du gkd, 26 ext -> 50% de gens du cercle'),
	(5, 'Basics + Submissions', '2018-06-16', 24, 17, 1056.24, 211.25, ''),
	(6, 'basics', '2018-09-01', 29, 6, 1100.00, 220.00, ''),
	(7, 'Self defense', '2018-10-20', 27, 6, 825.00, 165.00, ''),
	(8, 'Lasso gard', '2018-12-01', 19, 20, 1130.00, 226.00, ''),
	(9, 'Guard bases', '2019-04-07', 37, 9, 1183.37, 236.67, '');
/*!40000 ALTER TABLE `SEMINARS` ENABLE KEYS */;

-- Export de la structure de la table CERCLE. SETTINGS
DROP TABLE IF EXISTS `SETTINGS`;
CREATE TABLE IF NOT EXISTS `SETTINGS` (
  `KeySettings` varchar(50) NOT NULL DEFAULT '    ',
  `Value` varchar(50) DEFAULT NULL,
  PRIMARY KEY (`KeySettings`)
) ENGINE=InnoDB DEFAULT CHARSET=utf8;

-- Export de données de la table CERCLE.SETTINGS : ~0 rows (environ)
DELETE FROM `SETTINGS`;
/*!40000 ALTER TABLE `SETTINGS` DISABLE KEYS */;
INSERT INTO `SETTINGS` (`KeySettings`, `Value`) VALUES
	('LastConnectDate', '17/04/2019 15:51:28');
/*!40000 ALTER TABLE `SETTINGS` ENABLE KEYS */;

/*!40101 SET SQL_MODE=IFNULL(@OLD_SQL_MODE, '') */;
/*!40014 SET FOREIGN_KEY_CHECKS=IF(@OLD_FOREIGN_KEY_CHECKS IS NULL, 1, @OLD_FOREIGN_KEY_CHECKS) */;
/*!40101 SET CHARACTER_SET_CLIENT=@OLD_CHARACTER_SET_CLIENT */;
