-- --------------------------------------------------------
-- Hôte :                        35.205.127.92
-- Version du serveur:           5.7.14-google-log - (Google)
-- SE du serveur:                Linux
-- HeidiSQL Version:             9.5.0.5196
-- --------------------------------------------------------

/*!40101 SET @OLD_CHARACTER_SET_CLIENT=@@CHARACTER_SET_CLIENT */;
/*!40101 SET NAMES utf8 */;
/*!50503 SET NAMES utf8mb4 */;
/*!40014 SET @OLD_FOREIGN_KEY_CHECKS=@@FOREIGN_KEY_CHECKS, FOREIGN_KEY_CHECKS=0 */;
/*!40101 SET @OLD_SQL_MODE=@@SQL_MODE, SQL_MODE='NO_AUTO_VALUE_ON_ZERO' */;


-- Export de la structure de la base pour cercle
DROP DATABASE IF EXISTS `cercle`;
CREATE DATABASE IF NOT EXISTS `cercle` /*!40100 DEFAULT CHARACTER SET utf8 */;
USE `cercle`;

-- Export de la structure de la table cercle. COACHSPAYMENTS
DROP TABLE IF EXISTS `COACHSPAYMENTS`;
CREATE TABLE IF NOT EXISTS `COACHSPAYMENTS` (
  `ID` int(11) NOT NULL AUTO_INCREMENT,
  `MemberID` int(11) NOT NULL,
  `Month` varchar(200) DEFAULT NULL,
  `Lessons` int(11) DEFAULT NULL,
  `Pay` int(11) DEFAULT NULL,
  `Amount` int(11) DEFAULT NULL,
  `Date` date DEFAULT NULL,
  `Comment` varchar(200) DEFAULT NULL,
  PRIMARY KEY (`ID`),
  KEY `FK_MEMBER` (`MemberID`),
  CONSTRAINT `FK_MEMBER` FOREIGN KEY (`MemberID`) REFERENCES `MEMBERS` (`ID`)
) ENGINE=InnoDB AUTO_INCREMENT=19 DEFAULT CHARSET=utf8;

-- Export de données de la table cercle.COACHSPAYMENTS : ~17 rows (environ)
DELETE FROM `COACHSPAYMENTS`;
/*!40000 ALTER TABLE `COACHSPAYMENTS` DISABLE KEYS */;
INSERT INTO `COACHSPAYMENTS` (`ID`, `MemberID`, `Month`, `Lessons`, `Pay`, `Amount`, `Date`, `Comment`) VALUES
	(1, 130, 'Septembre', 4, 25, 100, '2017-10-11', NULL),
	(2, 129, 'Septembre', 11, 25, 275, '2017-10-01', NULL),
	(3, 131, 'Septembre', 3, 30, 90, '2017-10-20', NULL),
	(4, 129, 'Octobre', 12, 25, 300, '2017-11-01', NULL),
	(5, 130, 'Octobre', 3, 25, 75, '2017-11-07', NULL),
	(6, 132, 'Octobre', 9, 25, 225, '2017-11-07', NULL),
	(7, 131, 'Octobre', 5, 30, 150, '2017-11-11', NULL),
	(8, 131, 'Novembre', 3, 30, 90, '2017-12-01', NULL),
	(9, 132, 'Novembre', 8, 25, 200, '2017-12-02', NULL),
	(10, 130, 'Novembre', 2, 25, 50, '2017-12-05', NULL),
	(11, 130, 'Decembre', 3, 25, 75, '2017-12-21', NULL),
	(12, 132, 'Decembre', 6, 25, 150, '2017-12-21', NULL),
	(13, 129, 'Decembre', 4, 25, 100, '2017-12-21', NULL),
	(14, 131, 'Decembre', 4, 30, 120, '2017-12-24', NULL),
	(15, 132, 'Janvier', 5, 25, 125, '2018-02-06', NULL),
	(16, 130, 'Janvier', 5, 25, 125, '2018-02-08', NULL),
	(17, 129, 'Janvier', 12, 25, 300, '2018-02-11', NULL),
	(18, 131, 'Janvier', 3, 30, 90, '2018-02-16', NULL);
/*!40000 ALTER TABLE `COACHSPAYMENTS` ENABLE KEYS */;

-- Export de la structure de la table cercle. DOJO
DROP TABLE IF EXISTS `DOJO`;
CREATE TABLE IF NOT EXISTS `DOJO` (
  `ID` int(11) NOT NULL AUTO_INCREMENT,
  `Name` varchar(20) NOT NULL,
  `Surface` int(11) DEFAULT NULL,
  PRIMARY KEY (`ID`)
) ENGINE=InnoDB AUTO_INCREMENT=4 DEFAULT CHARSET=utf8;

-- Export de données de la table cercle.DOJO : ~3 rows (environ)
DELETE FROM `DOJO`;
/*!40000 ALTER TABLE `DOJO` DISABLE KEYS */;
INSERT INTO `DOJO` (`ID`, `Name`, `Surface`) VALUES
	(1, 'Petite Salle du bas', 30),
	(2, 'Principale', 80),
	(3, 'Salle du haut', 50);
/*!40000 ALTER TABLE `DOJO` ENABLE KEYS */;

-- Export de la structure de la table cercle. MEMBERS
DROP TABLE IF EXISTS `MEMBERS`;
CREATE TABLE IF NOT EXISTS `MEMBERS` (
  `ID` int(11) NOT NULL AUTO_INCREMENT,
  `Firstname` varchar(200) NOT NULL,
  `Lastname` varchar(200) NOT NULL,
  `Enddate` date DEFAULT NULL,
  `CreationDate` date DEFAULT NULL,
  `Belt` enum('white','blue','purple','brown','black') NOT NULL,
  `Gender` enum('M','F') NOT NULL,
  `Child` tinyint(4) NOT NULL,
  `Alert` tinyint(4) NOT NULL,
  `FullYear` tinyint(4) NOT NULL,
  `Comment` text CHARACTER SET latin1,
  `Job` varchar(200) DEFAULT NULL,
  `Mail` varchar(200) DEFAULT NULL,
  `Phone` varchar(200) DEFAULT NULL,
  `Address` varchar(200) DEFAULT NULL,
  `Facebook` varchar(200) DEFAULT NULL,
  `Internal` tinyint(4) DEFAULT NULL,
  `Coach` tinyint(4) DEFAULT NULL,
  PRIMARY KEY (`ID`),
  UNIQUE KEY `uq_MEMBERS` (`Firstname`,`Lastname`)
) ENGINE=InnoDB AUTO_INCREMENT=189 DEFAULT CHARSET=utf8;

-- Export de données de la table cercle.MEMBERS : ~163 rows (environ)
DELETE FROM `MEMBERS`;
/*!40000 ALTER TABLE `MEMBERS` DISABLE KEYS */;
INSERT INTO `MEMBERS` (`ID`, `Firstname`, `Lastname`, `Enddate`, `CreationDate`, `Belt`, `Gender`, `Child`, `Alert`, `FullYear`, `Comment`, `Job`, `Mail`, `Phone`, `Address`, `Facebook`, `Internal`, `Coach`) VALUES
	(1, 'David', 'GAUTHIER', '2018-09-12', '2017-09-14', 'purple', 'M', 0, 0, 1, '', 'prof d\'EPS', '', '', '', '', 1, 0),
	(2, 'Raphael', 'ARIE', '2018-10-05', '2017-09-05', 'blue', 'M', 0, 0, 1, '', '', '', '', '', '', 1, 0),
	(3, 'Zacharie', 'ATTALI', '2018-10-17', '2017-10-17', 'white', 'M', 0, 0, 1, 'Vient de débuter', '', NULL, NULL, NULL, NULL, 1, 0),
	(4, 'Eddy', 'BARCLAY', '2018-09-12', '2017-09-18', 'white', 'M', 0, 0, 1, 'En attente de 2 cheques que j\'ai donné à Kelly -> Récupérés le 09/11/2017 -> anciens cheques déchirés le 19/12', '', '', '', '', '', 1, 0),
	(6, 'Frederique', 'BARDEY', '2018-09-26', '2017-10-02', 'white', 'M', 0, 0, 1, 'référencé en remy au cercle?', '', NULL, NULL, NULL, NULL, 1, 0),
	(7, 'John', 'BARFF', '2017-10-05', '2017-09-05', 'white', 'M', 0, 0, 0, '', '', '', '', '', '', 1, 0),
	(8, 'Didier', 'BARRAUD', '2018-09-15', '2017-09-15', 'black', 'M', 0, 0, 1, 'Son fils est aussi inscrit mais on lui a fait cadeau du paiement', '', '', '', '', '', 1, 0),
	(9, 'Lionel', 'BENICHOU', '2018-09-28', '2017-09-28', 'white', 'M', 1, 0, 1, '', '', NULL, NULL, NULL, NULL, 1, 0),
	(10, 'Sebastien', 'BIDAULT', '2018-09-11', '2017-09-12', 'white', 'M', 0, 0, 1, '', '', '', '', '', '', 1, 0),
	(11, 'Farid', 'BOUHAZEM', '2018-09-12', '2017-05-10', 'brown', 'M', 0, 0, 1, '', '', '', '', '', '', 1, 0),
	(12, 'Julien', 'BOURGEOIS', '2018-09-15', '2017-09-15', 'white', 'M', 0, 0, 1, '', '', '', '', '', '', 1, 0),
	(13, 'Gauthier', 'BRYSBAERT', '2018-09-11', '2017-06-01', 'white', 'M', 0, 0, 1, '', 'Scientist à polytechnique apparement', NULL, NULL, NULL, NULL, 1, 0),
	(15, 'Sacha', 'BUKASSA', '2017-10-29', '2017-09-14', 'white', 'M', 1, 0, 1, 'A demandé le remboursement....Puis se l\'est fait remboursé, je lui ai rendu un cheque', '', NULL, NULL, NULL, NULL, 1, 0),
	(16, 'Corentin', 'CAHEN', '2018-10-04', '2017-10-05', 'white', 'M', 0, 0, 1, '', '', NULL, NULL, NULL, NULL, 1, 0),
	(17, 'Sarah', 'CASSESE', '2018-09-25', '2017-09-25', 'blue', 'F', 1, 0, 1, '', '', NULL, NULL, NULL, NULL, 1, 0),
	(18, 'Thomas', 'CASTAN', '2018-09-25', '2017-09-25', 'white', 'M', 0, 0, 1, 'Collèque de sylvain', 'Dans le service/evenementiel', NULL, NULL, NULL, NULL, 1, 0),
	(19, 'Pierre', 'CHAMBON', '2018-09-26', '2017-10-05', 'white', 'M', 0, 0, 1, '2 disciplines j\'imagine?', '', NULL, NULL, NULL, NULL, 1, 0),
	(20, 'Bagdad', 'CHECKRI', '2018-09-04', '2017-09-05', 'brown', 'M', 0, 0, 1, '', '', '', '', '', '', 1, 0),
	(21, 'Adrien', 'CHEMINET', '2018-09-20', '2017-09-25', 'white', 'M', 0, 0, 1, '', '', NULL, NULL, NULL, NULL, 1, 0),
	(22, 'Cyril', 'CHIMKIEVITCH', '2018-09-14', '2017-09-14', 'white', 'M', 0, 0, 1, 'C\'est quoi son abonnement?', '', '', '', '', '', 1, 0),
	(23, 'Aime', 'CONTI', '2018-10-10', '2017-10-10', 'black', 'M', 0, 0, 1, 'potentielemnt interessé par des cours particuliers', 'Dans les assurances', NULL, NULL, NULL, NULL, 1, 0),
	(24, 'Ricardo', 'RIBEIRO', '2017-11-04', '2017-05-10', 'white', 'M', 0, 0, 1, 'blessé au genou le 3/11. Redonne les cheques ou pas?', 'cuisinier', NULL, NULL, NULL, NULL, 1, 0),
	(25, 'Olivier', 'DAURARIO', '2018-10-10', '2017-09-28', 'brown', 'M', 0, 0, 1, '', '', NULL, NULL, NULL, NULL, 1, 0),
	(26, 'Christian', 'DEGUIS', '2018-09-05', '2017-09-05', 'white', 'M', 0, 0, 1, 'C\'est quoi ce taro? enfant?', '', '', '', '', '', 1, 0),
	(27, 'Mamadou?', 'DJOULFAYAN', '2018-10-16', '2017-10-20', 'white', 'M', 0, 0, 1, '', '', NULL, NULL, NULL, NULL, 1, 0),
	(28, 'Fabien', 'DORE', '2018-09-04', '2017-09-07', 'purple', 'M', 0, 0, 1, '', '', '', '', '', '', 1, 0),
	(29, 'Raphael', 'DOS SANTOS', '2018-11-09', '2017-09-05', 'blue', 'M', 0, 0, 1, '', '', NULL, NULL, NULL, NULL, 1, 0),
	(31, 'Eric', 'DRIKES', '2018-09-04', '2017-09-14', 'white', 'M', 0, 0, 1, '', '', NULL, NULL, NULL, NULL, 1, 0),
	(32, 'Mickael', 'FERREIRA', '2018-09-12', '2017-09-21', 'white', 'M', 0, 0, 1, '', '', NULL, NULL, NULL, NULL, 1, 0),
	(33, 'Brice', 'FIGARO', '2018-10-04', '2017-10-05', 'purple', 'M', 0, 0, 1, '900 au cercle et 80 chez moi???', '', '', '', '', '', 1, 0),
	(34, 'Marc antoine', 'FIGHIERA', '2018-09-08', '2017-09-12', 'blue', 'M', 0, 0, 1, '', 'graphiste je crois', NULL, NULL, NULL, NULL, 1, 0),
	(36, 'Florian', 'FONTRIER', '2018-09-15', '2017-09-15', 'white', 'M', 0, 0, 1, '', '', NULL, NULL, NULL, NULL, 1, 0),
	(37, 'Jean Paul', 'FOURNET', '2018-09-26', '2017-09-28', 'white', 'M', 0, 0, 1, '', '', NULL, NULL, NULL, NULL, 1, 0),
	(38, 'Simon', 'FRANQUET', '2018-09-12', '2017-07-11', 'white', 'M', 0, 0, 1, '', '', NULL, NULL, NULL, NULL, 1, 0),
	(39, 'Bayle', 'GAO', '2018-10-04', '2017-09-25', 'purple', 'M', 0, 0, 1, '', 'ingenieur robotique', NULL, NULL, NULL, NULL, 1, 0),
	(42, 'Julien', 'GAZAVE', '2018-12-09', '2017-09-28', 'white', 'M', 0, 0, 1, '', '', '', '', '', '', 1, 0),
	(43, 'Yoann', 'GOLESTIN', '2018-09-07', '2017-09-07', 'white', 'M', 0, 0, 1, 'avait donné 5 cheques de 100. S\'est blessé au ligament du coup j\'ai déchiré les 2 derniers cheques et je l\'ai remboursé de 175 E.', '', '', '', '', '', 1, 0),
	(44, 'Matias', 'GOURDON', '2018-07-01', '2017-07-18', 'white', 'M', 0, 0, 1, '', '', NULL, NULL, NULL, NULL, 1, 0),
	(45, 'Raphael', 'GRESSIN', '2018-10-05', '2017-10-05', 'white', 'M', 1, 0, 1, NULL, NULL, NULL, NULL, NULL, NULL, 1, 0),
	(46, 'Jules', 'GRUBO', '2018-10-12', '2017-10-10', 'white', 'M', 0, 0, 1, '', '', NULL, NULL, NULL, NULL, 1, 0),
	(47, 'Olivier', 'HASSID', '2018-09-20', '2017-09-21', 'white', 'M', 1, 0, 1, 'Le oliver ceinture marron?', '', NULL, NULL, NULL, NULL, 1, 0),
	(48, 'Dominique', 'JACQUES', '2018-10-10', '2017-10-05', 'white', 'M', 0, 0, 1, '', '', NULL, NULL, NULL, NULL, 1, 0),
	(49, 'Sylvain', 'JOLIY', '2018-09-11', '2017-09-12', 'white', 'M', 0, 0, 1, '', '', NULL, NULL, NULL, NULL, 1, 0),
	(50, 'Nabil', 'KADID', '2018-10-04', '2017-10-05', 'white', 'M', 0, 0, 1, '', '', NULL, NULL, NULL, NULL, 1, 0),
	(51, 'Olivier', 'KAZ', '2017-11-20', '2017-10-20', 'white', 'M', 0, 0, 1, '', '', '', '', '', '', 1, 0),
	(52, 'Artyom', 'KORMESHOV', '2018-09-20', '2017-06-08', 'white', 'M', 0, 0, 1, '', '', NULL, NULL, NULL, NULL, 1, 0),
	(53, 'Vincent', 'LACERENZA', '2018-09-20', '2017-09-25', 'blue', 'M', 0, 0, 1, '', '', '', '', '', '', 1, 0),
	(54, 'Cedric', 'LE FRANC', '2018-04-04', '2017-09-05', 'white', 'M', 0, 0, 1, '', '', '', '', '', '', 1, 0),
	(55, 'Jonas', 'LEBLANC', '2018-11-04', '2017-09-18', 'white', 'M', 0, 0, 1, '2 disciplines', '', '', '', '', '', 1, 0),
	(56, 'Yohann', 'LES ENFANT', '2018-09-01', '2017-09-07', 'white', 'M', 0, 0, 1, '', '', NULL, NULL, NULL, NULL, 1, 0),
	(57, 'Gregory', 'LETELLIER', '2018-09-26', '2017-09-27', 'white', 'M', 0, 0, 1, '', '', NULL, NULL, NULL, NULL, 1, 0),
	(58, 'Anne', 'LETESSIER', '2018-09-04', '2017-09-18', 'white', 'F', 1, 0, 1, '', '', NULL, NULL, NULL, NULL, 1, 0),
	(59, 'Thomas', 'MACHADO', '2018-09-04', '2017-09-07', 'white', 'M', 0, 0, 1, '', '', NULL, NULL, NULL, NULL, 1, 0),
	(61, 'Charles', 'MACQUART MOULIN', '2018-10-10', '2017-09-28', 'white', 'M', 0, 0, 1, 'Blessé pour le mois de novembre, pb aux cotes, s\'entraine surtout les matins', '', '', '', '', '', 1, 0),
	(62, 'Yann', 'MALARD', '2018-09-12', '2017-09-18', 'purple', 'M', 0, 0, 1, '', 'notaire', NULL, NULL, NULL, NULL, 1, 0),
	(63, 'Marco', 'MARZILLI', '2018-09-20', '2017-09-19', 'brown', 'M', 0, 0, 1, '', 'gérant de restos', NULL, NULL, NULL, NULL, 1, 0),
	(64, 'Didier', 'MAUS', '2018-10-15', '2017-10-16', 'purple', 'M', 0, 0, 1, '', 'Policier je crois', NULL, NULL, NULL, NULL, 1, 0),
	(65, 'Franck', 'NGUYEN', '2018-09-07', '2017-09-07', 'purple', 'M', 0, 0, 1, '', '', NULL, NULL, NULL, NULL, 1, 0),
	(66, 'Stephane', 'NGUYEN', '2018-07-11', '2017-07-11', 'blue', 'M', 0, 0, 1, 'Veut faire la compet ibjjf je crois, en attente de licence', '', '', '', '', '', 1, 0),
	(67, 'Nicolas', 'NZAMBA', '2018-09-28', '2017-09-28', 'white', 'M', 0, 0, 1, '', '', NULL, NULL, NULL, NULL, 1, 0),
	(68, 'Noel', 'ONIZKO', '2017-10-14', '2017-09-14', 'white', 'M', 0, 0, 1, '', '', NULL, NULL, NULL, NULL, 1, 0),
	(69, 'Alban', 'OUAHAB', '2018-09-20', '2017-09-25', 'blue', 'M', 0, 0, 1, '', 'étudiant / recherche commerce?', '', '', '', '', 1, 0),
	(70, 'Samuel', 'PELLET', '2018-09-21', '2017-09-21', 'white', 'M', 0, 0, 1, 'C\'est quoi son abonnement? enfant?', '', '', '', '', '', 1, 0),
	(73, 'Emmanuel', 'PEREIRA VIEIRA', '2018-09-21', '2017-09-21', 'white', 'M', 0, 0, 1, '', 'livreur dans les librairies', '', '', '', '', 1, 0),
	(74, 'Celine', 'PERREARD', '2018-09-14', '2017-09-14', 'white', 'F', 0, 0, 1, '', '', '', '', '', '', 1, 0),
	(75, 'Jeremy', 'PICOSTE', '2018-10-10', '2017-10-16', 'black', 'M', 0, 0, 1, 'tarif réduit du cercle', '', NULL, NULL, NULL, NULL, 1, 0),
	(76, 'Mirjana', 'POLJAKOVIC', '2018-10-04', '2017-10-05', 'white', 'M', 0, 0, 1, 'Qui est ce derrière??', '', '', '', '', '', 1, 0),
	(77, 'François David', 'PUCHEU LASHORES', '2018-09-20', '2017-09-25', 'purple', 'M', 0, 0, 1, '', 'Dans le pétrole?', NULL, NULL, NULL, NULL, 1, 0),
	(78, 'Vincent', 'PUYDOYEUX', '2018-10-16', '2017-10-20', 'white', 'M', 0, 0, 1, '', '', NULL, NULL, NULL, NULL, 1, 0),
	(79, 'Djamel', 'SAHRAOUI', '2018-09-20', '2017-09-25', 'white', 'M', 0, 0, 1, '', '', '', '', '', '', 1, 0),
	(80, 'Mehdi', 'SAIDI', '2018-09-20', '2017-09-21', 'white', 'M', 0, 0, 1, '', '', NULL, NULL, NULL, NULL, 1, 0),
	(81, 'Nelson', 'SILVA', '2018-09-11', '2017-09-14', 'white', 'M', 0, 0, 1, 'brown belt?', '', NULL, NULL, NULL, NULL, 1, 0),
	(82, 'Andrei', 'STRUTGNSHGG', '2017-10-14', '2017-09-14', 'white', 'M', 0, 0, 1, 'C\'est quoi son abo a 250 ?', '', NULL, NULL, NULL, NULL, 1, 0),
	(83, 'Sylvain', 'TARIN', '2018-10-10', '2017-10-05', 'purple', 'M', 0, 0, 1, '', '', NULL, NULL, NULL, NULL, 1, 0),
	(84, 'Vincent', 'TERRONI', '2018-09-21', '2017-09-21', 'white', 'M', 1, 0, 1, '', '', NULL, NULL, NULL, NULL, 1, 0),
	(85, 'Adrien', 'TIREL', '2018-10-20', '2017-10-20', 'white', 'M', 0, 0, 1, 'A demandé pour des CP', '', '', '', '', '', 1, 0),
	(86, 'Christophe', 'TROEL', '2018-09-15', '2017-05-10', 'white', 'M', 0, 0, 1, '', '', NULL, NULL, NULL, NULL, 1, 0),
	(87, 'Alexis', 'TRUJILLO', '2018-09-20', '2017-10-02', 'white', 'M', 0, 0, 1, '', '', NULL, NULL, NULL, NULL, 1, 0),
	(88, 'Arthur', 'TSIMI', '2018-09-12', '2017-09-21', 'white', 'M', 0, 0, 1, '', '', NULL, NULL, NULL, NULL, 1, 0),
	(89, 'Yohan', 'VERGNE', '2018-09-08', '2017-09-08', 'blue', 'M', 0, 0, 1, '', '', '', '', '', '', 1, 0),
	(90, 'Guillaume', 'VIGNE', '2018-10-04', '2017-10-16', 'purple', 'M', 0, 0, 1, '', '', '', '', '', '', 1, 0),
	(91, 'Paul-François', 'YGORRA', '2018-09-20', '2017-05-10', 'blue', 'M', 0, 0, 1, '', '', '', '', '', '', 1, 0),
	(92, 'Nissim', 'ZERBIB', '2018-09-15', '2017-09-18', 'white', 'M', 0, 0, 1, '', '', NULL, NULL, NULL, NULL, 1, 0),
	(99, 'Neo', 'ALZIEU', '2018-09-19', '2017-09-19', 'white', 'M', 0, 0, 1, 'C\'est quoi son abo? un enfant?', '', '', '', '', '', 1, 0),
	(100, 'Frederique', 'AMBROISE', '2018-06-01', '2017-06-28', 'white', 'M', 0, 0, 1, 'Grand martiniquais, inscrit a 2 disciplines, vient de l\'hapkido', '', NULL, NULL, NULL, NULL, 1, 0),
	(101, 'Jean-Marc', 'BLOMBOU', '2018-06-08', '2017-06-08', 'blue', 'M', 0, 0, 1, 'A repris ses derniers cheques et doit en rendre 2 autres...', '', '', '', '', '', 1, 0),
	(102, 'Amandine', 'BOUVAT', '2018-05-10', '2017-05-10', 'white', 'F', 0, 0, 1, 'C\'est qui elle?', '', NULL, NULL, NULL, NULL, 1, 0),
	(103, 'Manuel', 'BRUN', '2018-05-10', '2017-05-10', 'white', 'M', 0, 0, 1, 'C\'est quoi son abo? enfant', '', '', '', '', '', 1, 0),
	(104, 'Aurianne', 'CHARMET', '2017-06-04', '2017-05-10', 'white', 'M', 0, 0, 1, '', '', NULL, NULL, NULL, NULL, 1, 0),
	(105, 'Daniel', 'CURVAT', '2018-06-05', '2017-07-11', 'white', 'M', 0, 0, 1, '', '', NULL, NULL, NULL, NULL, 1, 0),
	(106, 'Jerome', 'DIVAC', '2018-02-04', '2017-05-10', 'blue', 'M', 0, 0, 1, '', '', NULL, NULL, NULL, NULL, 1, 0),
	(107, 'Jorge', 'DO PINHAL', '2018-05-04', '2017-07-18', 'blue', 'M', 0, 0, 1, '', '', NULL, NULL, NULL, NULL, 1, 0),
	(108, 'Gwenael', 'HUET', '2018-05-10', '2017-05-10', 'blue', 'M', 0, 0, 1, '', '', NULL, NULL, NULL, NULL, 1, 0),
	(109, 'Guillaume', 'LE MAUT', '2018-06-01', '2017-06-01', 'white', 'M', 1, 0, 1, 'Enfant?', '', '', '', '', '', 1, 0),
	(110, 'Kevin', 'MALGERARD', '2017-06-10', '2017-05-10', 'white', 'M', 0, 0, 1, '', '', NULL, NULL, NULL, NULL, 1, 0),
	(111, 'Joan', 'MESINELE', '2018-05-10', '2017-05-10', 'white', 'M', 0, 0, 1, '', '', NULL, NULL, NULL, NULL, 1, 0),
	(112, 'Moustakima', 'HASSANI', '2018-06-04', '2017-06-01', 'brown', 'M', 0, 0, 1, '', '', NULL, NULL, NULL, NULL, 1, 0),
	(113, 'Samuel', 'OLIVIER', '2018-03-02', '2017-06-01', 'white', 'M', 0, 0, 1, '', '', NULL, NULL, NULL, NULL, 1, 0),
	(114, 'David', 'THOMAS', '2017-07-01', '2017-06-01', 'white', 'M', 0, 0, 1, '', '', NULL, NULL, NULL, NULL, 1, 0),
	(115, 'Moussa', 'TIMERA', '2018-05-04', '2017-05-10', 'purple', 'M', 0, 0, 1, '', '', '', '', '', '', 1, 0),
	(116, 'Alexandre', 'WALLOIS', '2018-04-04', '2017-05-10', 'white', 'M', 0, 0, 1, '', '', NULL, NULL, NULL, NULL, 1, 0),
	(120, 'Simon', 'THULEAU', '2018-11-09', '2017-11-09', 'white', 'M', 0, 0, 1, 'Cheque de 500 puis remboursement en cours de 290E. Ca revient a un paiement de 210E.....', '', '', '', '', '', 1, 0),
	(121, 'Thomas', 'BISSON', '2018-11-09', '2017-11-09', 'white', 'M', 0, 0, 1, 'Je connais un Franck plutot, beau fils de philou?', '', '', '', '', '', 1, 0),
	(122, 'Sofien', 'ZAMITTI', '2017-12-09', '2017-11-09', 'white', 'M', 0, 0, 1, '', '', '', '', '', '', 1, 0),
	(123, 'Alessandro', 'ZANNI', '2018-11-09', '2017-11-09', 'brown', 'M', 0, 0, 1, 'C\'est quoi sa 2eme discipline à lui?', 'informaticien dans la sécurité', NULL, NULL, NULL, NULL, 1, 0),
	(124, 'Hichem', 'ARFAOUI', '2018-11-09', '2017-11-09', 'white', 'M', 0, 0, 1, 'C\'est quoi ça comme taro 350 en cheque? 2 disciplines j\'imagine', '', NULL, NULL, NULL, NULL, 1, 0),
	(125, 'Olivier', 'ROINEL', '2018-11-09', '2017-11-09', 'white', 'M', 0, 0, 1, '', '', '', '', '', '', 1, 0),
	(126, 'Martin', 'CZABADAJ', '2018-11-09', '2017-11-09', 'blue', 'M', 0, 0, 1, '', '', '', '', '', '', 1, 0),
	(127, 'Denis', 'DAVIDKOV', '2017-12-09', '2017-11-09', 'white', 'M', 0, 0, 1, 'Pourquoi j\'ai reçu ce montant et pas 30 E?', '', '', '', '', '', 1, 0),
	(128, 'Thibaut', 'OLIVIER', '2019-12-11', '2017-05-01', 'black', 'M', 0, 0, 1, 'Moi', 'Jiu-Jitsu headcoach', 'thibautolivier77@gmail.com', '0675403464', '44 rue faidherbe 78800 HOUILLES', 'https://www.facebook.com/thibautolivier77', 1, 1),
	(129, 'François', 'MOLESLAS', '2020-11-11', '2017-05-01', 'black', 'M', 0, 0, 1, '', '', '', '', '', '', 1, 1),
	(130, 'Stéphane', 'HENNEQUIN', '2020-11-11', '2017-05-01', 'black', 'M', 0, 0, 1, '', '', NULL, NULL, NULL, NULL, 1, 1),
	(131, 'Etienne', 'GREGOIRE', '2019-12-01', '2017-05-01', 'black', 'M', 0, 0, 1, '', '', '', '', '', '', 1, 1),
	(132, 'Matthieu', 'DELALANDRE', '2019-12-11', '2017-05-01', 'black', 'M', 0, 0, 1, '', '', NULL, NULL, NULL, NULL, 1, 1),
	(136, 'Jean-Baptiste', 'QUINQUENEL', '2018-11-15', '2017-11-15', 'white', 'M', 0, 0, 1, '2 disciplines j\'imagine', '', NULL, NULL, NULL, NULL, 1, 0),
	(137, 'Julien', 'FARAUT', '2018-11-15', '2017-11-15', 'white', 'M', 0, 0, 1, '', '', '', '', '', '', 1, 0),
	(138, 'Michel-Ange', 'MATOUBA', '2018-11-15', '2017-11-15', 'white', 'M', 0, 0, 1, 'Enfant?', '', '', '', '', '', 1, 0),
	(139, 'Akhmed', 'SALAMOV', '2018-09-18', '2017-12-18', 'blue', 'M', 0, 1, 1, 'Son reste de  paiement (250) a été récupéré par la boxe', '', '', '', '', '', 1, 0),
	(142, 'Sylvain', 'DESHORS', '2018-05-01', '2017-12-19', 'white', 'M', 0, 0, 1, 'Prend des CP', 'Chez veolia', '', '', '', '', 1, 0),
	(143, 'Brice', 'DONADELLI', '2017-11-20', '2017-05-01', 'brown', 'M', 0, 0, 1, '', '', NULL, NULL, NULL, NULL, 0, 0),
	(144, 'Marco', 'GONCALVES', '2017-11-20', '2017-05-01', 'white', 'M', 0, 0, 1, '', '', NULL, NULL, NULL, NULL, 0, 0),
	(145, 'Clara', 'CABRERIZO', '2017-11-20', '2017-05-01', 'white', 'F', 0, 0, 1, '', '', NULL, NULL, NULL, NULL, 0, 0),
	(146, 'nicolas', 'DUVAUCHELLE', '2018-11-21', '2017-11-21', 'white', 'M', 0, 0, 1, '', 'Acteur', NULL, NULL, NULL, NULL, 1, 0),
	(147, 'Sebastien', 'LOPES', '2018-11-21', '2017-11-21', 'black', 'M', 0, 0, 1, '', '', '', '', '', '', 1, 0),
	(148, 'Denis', 'CEOLIN', '2018-11-30', '2017-11-30', 'blue', 'M', 0, 0, 1, '', 'Chercheur en chimie', '', '', '', '', 1, 0),
	(149, 'Yohann', 'LY', '2018-11-30', '2017-11-30', 'purple', 'M', 0, 0, 1, '', '', NULL, NULL, NULL, NULL, 1, 0),
	(150, 'Thibaud', 'DENINGER', '2018-11-30', '2017-11-30', 'blue', 'M', 0, 0, 1, '', 'Policier', NULL, NULL, NULL, NULL, 1, 0),
	(151, 'Jennifer', 'MALGERARD', '2017-12-30', '2017-11-30', 'white', 'F', 0, 0, 1, '', '', '', '', '', '', 1, 0),
	(152, 'Nicolas', 'MALARD', '2018-11-30', '2017-11-30', 'white', 'M', 0, 0, 1, 'Frere de Yann la ceinture violette', '', NULL, NULL, NULL, NULL, 1, 0),
	(153, 'David', 'DONNINI', '2018-11-30', '2017-11-30', 'white', 'M', 0, 0, 1, '', '', '', '', '', '', 1, 0),
	(154, 'Juan', 'NERINA', '2018-11-30', '2017-11-30', 'blue', 'M', 0, 0, 1, '', '', '', '', '', '', 1, 0),
	(155, 'Roméo', 'YOMBOU', '2018-08-31', '2017-12-04', 'blue', 'M', 0, 0, 1, 'Seulement le libre, !! non déclaré !! Comment le faire figurer.....?????', '', '', '', '', '', 1, 0),
	(156, 'Inconnnu', 'HORSKYY', '2018-01-07', '2017-12-07', 'white', 'M', 0, 0, 1, 'Ceinture blanche russe prof dans sa tete?', '', '', '', '', '', 1, 0),
	(157, 'Dominique', 'BOYER', '2018-12-07', '2017-12-07', 'white', 'M', 0, 0, 1, 'aikidoka avec une sceance par semaine', '', '', '', '', '', 1, 0),
	(158, 'Zou', 'THIEN DU CHABERT', '2018-12-07', '2017-12-07', 'purple', 'M', 0, 0, 1, '', '', '', '', '', '', 1, 0),
	(159, 'Roy', 'HARRIS', '2018-12-07', '2017-12-07', 'brown', 'M', 0, 0, 1, '', '', '', '', '', '', 1, 0),
	(160, 'Hernan', 'VASQUEZ MORA', '2018-12-07', '2017-12-07', 'black', 'M', 0, 0, 1, '', 'policier', '', '', '', '', 1, 0),
	(162, 'David', 'ANKRI', '2019-04-25', '2017-12-12', 'brown', 'M', 0, 0, 1, 'Juif integriste', 'Vendeur de cuir', '', '', '', '', 1, 0),
	(163, 'Matthieu', 'LHOSPITALIER', '2018-03-08', '2017-12-19', 'white', 'M', 0, 0, 0, '', '', '', '', '', '', 1, 0),
	(164, 'Aissa', 'EDDAMI', '2018-12-19', '2017-12-19', 'white', 'M', 0, 0, 1, 'pote de bagdad', '', '', '', '', '', 1, 0),
	(165, 'Lothaire', 'EPEE', '2018-12-19', '2017-12-19', 'purple', 'M', 0, 0, 1, '', '', '', '', '', '', 1, 0),
	(166, 'Dioumé', 'SANGARÉ', '2018-12-28', '2017-12-28', 'brown', 'M', 0, 0, 1, 'club d\'origine le maccabi', 'finance?', '', '', '', 'https://www.facebook.com/dioum.sangare', 1, 0),
	(167, 'Farid', 'NAÏR', '2018-02-03', '2018-01-03', 'purple', 'M', 0, 0, 1, 'reste 200 à payer, tarif de 300 négocié car eleve au carreau aussi', '', '', '', '', '', 1, 0),
	(168, 'Francis', 'KRAUSE', '2019-01-04', '2018-01-04', 'white', 'M', 0, 0, 1, '', '', '', '', '', '', 1, 0),
	(169, 'Stephane', 'CREANTOR', '2018-07-08', '2018-01-08', 'purple', 'M', 0, 0, 1, 'grand martiniquais', '', '', '', '', '', 1, 0),
	(170, 'Sully', 'CHANTEUR', '2019-01-08', '2018-01-08', 'white', 'M', 0, 0, 1, 'Cours du matin', '', '', '', '', '', 1, 0),
	(171, 'Raphael', 'GRELLET', '2019-01-09', '2018-01-09', 'white', 'M', 0, 0, 1, '', '', '', '', '', '', 1, 0),
	(172, 'Kamal', 'YDIR', '2019-01-01', '2018-01-09', 'brown', 'M', 0, 0, 1, '', '', '', '', '', '', 1, 0),
	(173, 'Malik', 'N\'DIAW', '2019-01-09', '2018-01-09', 'white', 'M', 0, 0, 1, '', '', '', '', '', '', 1, 0),
	(174, 'Rachel', 'LOKIEC', '2018-01-24', '2018-01-24', 'white', 'M', 1, 0, 1, 'Je ne connais pas le nom de l\'enfant derrière', '', '', '', '', '', 1, 0),
	(175, 'Michel', 'GUELDRY', '2019-01-24', '2018-01-24', 'blue', 'M', 0, 0, 1, 'Vient surtout le matin, pkoi 600', '', '', '', '', '', 1, 0),
	(176, 'Mike', 'LATKA', '2019-01-25', '2018-01-25', 'white', 'M', 0, 0, 1, '', '', '', '', '', '', 1, 0),
	(177, 'Herve', 'GAILLARD', '2019-01-25', '2018-01-25', 'white', 'M', 0, 0, 1, '', '', '', '', '', '', 1, 0),
	(178, 'Frederic', 'CARPENTIER', '2019-01-25', '2018-01-25', 'white', 'M', 0, 0, 0, '', '', '', '', '', '', 1, 0),
	(179, 'Sebastien', 'BOTTEY', '2019-01-25', '2018-01-25', 'white', 'M', 0, 0, 1, '', '', '', '', '', '', 1, 0),
	(180, 'Damien', 'LAHMI', '2019-01-25', '2018-01-25', 'blue', 'M', 0, 0, 1, 'Bleu??', '', '', '', '', '', 1, 0),
	(181, 'Ahmed', 'ALLA', '2019-02-08', '2018-02-08', 'white', 'M', 0, 0, 0, '', '', '', '', '', '', 1, 0),
	(182, 'Tiziano', 'PEDINIELLI', '2019-02-08', '2018-02-08', 'blue', 'M', 0, 0, 1, '', '', '', '', '', '', 1, 0),
	(183, 'Sidney', 'CHAWATY', '2019-02-08', '2018-02-08', 'white', 'M', 0, 0, 1, '', '', '', '', '', '', 1, 0),
	(184, 'Charles-Edouard', 'DI GIAMPIETRO', '2019-02-08', '2018-02-08', 'blue', 'M', 0, 0, 0, '', '', '', '', '', '', 1, 0),
	(186, 'David', 'ARGIRAKIS', '2019-02-10', '2018-02-10', 'black', 'M', 0, 0, 1, '', '', '', '', '', '', 1, 0),
	(187, 'Abdelkrim', 'AMROUCHE', '2019-02-11', '2018-02-11', 'black', 'M', 0, 0, 1, '', '', '', '', '', 'https://www.facebook.com/jakarim.gracie', 1, 0),
	(188, 'Sélim', 'BEN CHEIKH', '2019-02-19', '2018-02-19', 'blue', 'M', 0, 0, 0, '', '', '', '', '', '', 0, 0);
/*!40000 ALTER TABLE `MEMBERS` ENABLE KEYS */;

-- Export de la structure de la table cercle. MEMBERS_PAYMENTS
DROP TABLE IF EXISTS `MEMBERS_PAYMENTS`;
CREATE TABLE IF NOT EXISTS `MEMBERS_PAYMENTS` (
  `MemberID` int(11) NOT NULL,
  `PaymentID` int(11) NOT NULL,
  PRIMARY KEY (`MemberID`,`PaymentID`),
  KEY `FKPayment` (`PaymentID`),
  CONSTRAINT `FKMember` FOREIGN KEY (`MemberID`) REFERENCES `MEMBERS` (`ID`),
  CONSTRAINT `FKPayment` FOREIGN KEY (`PaymentID`) REFERENCES `PAYMENTS` (`ID`)
) ENGINE=InnoDB DEFAULT CHARSET=utf8;

-- Export de données de la table cercle.MEMBERS_PAYMENTS : ~314 rows (environ)
DELETE FROM `MEMBERS_PAYMENTS`;
/*!40000 ALTER TABLE `MEMBERS_PAYMENTS` DISABLE KEYS */;
INSERT INTO `MEMBERS_PAYMENTS` (`MemberID`, `PaymentID`) VALUES
	(45, 684),
	(16, 789),
	(17, 790),
	(19, 793),
	(21, 796),
	(105, 799),
	(106, 802),
	(31, 807),
	(31, 808),
	(36, 816),
	(38, 819),
	(38, 820),
	(44, 833),
	(44, 834),
	(108, 839),
	(48, 840),
	(49, 841),
	(52, 847),
	(52, 848),
	(56, 858),
	(57, 859),
	(58, 860),
	(111, 871),
	(111, 872),
	(111, 873),
	(111, 874),
	(111, 875),
	(65, 877),
	(113, 883),
	(113, 884),
	(80, 915),
	(83, 920),
	(87, 931),
	(88, 932),
	(116, 939),
	(9, 955),
	(102, 956),
	(102, 957),
	(102, 958),
	(102, 959),
	(102, 960),
	(78, 971),
	(27, 972),
	(46, 982),
	(86, 1001),
	(86, 1002),
	(86, 1003),
	(86, 1004),
	(75, 1012),
	(92, 1014),
	(92, 1015),
	(37, 1024),
	(37, 1025),
	(32, 1028),
	(32, 1029),
	(81, 1056),
	(81, 1057),
	(81, 1058),
	(114, 1068),
	(15, 1078),
	(15, 1079),
	(15, 1080),
	(104, 1082),
	(110, 1083),
	(124, 1115),
	(6, 1159),
	(6, 1160),
	(6, 1161),
	(18, 1175),
	(18, 1176),
	(18, 1177),
	(23, 1178),
	(107, 1181),
	(39, 1188),
	(39, 1189),
	(47, 1194),
	(62, 1196),
	(62, 1197),
	(62, 1198),
	(63, 1199),
	(64, 1200),
	(77, 1205),
	(123, 1210),
	(123, 1211),
	(25, 1236),
	(13, 1240),
	(13, 1241),
	(84, 1242),
	(84, 1243),
	(84, 1244),
	(34, 1245),
	(34, 1246),
	(34, 1247),
	(34, 1248),
	(67, 1254),
	(67, 1255),
	(67, 1256),
	(3, 1257),
	(3, 1258),
	(50, 1313),
	(50, 1314),
	(50, 1315),
	(50, 1316),
	(59, 1317),
	(59, 1318),
	(59, 1319),
	(136, 1325),
	(146, 1331),
	(149, 1334),
	(152, 1337),
	(150, 1364),
	(29, 1365),
	(29, 1366),
	(112, 1369),
	(112, 1370),
	(82, 1381),
	(24, 1382),
	(24, 1383),
	(24, 1384),
	(68, 1385),
	(100, 1396),
	(120, 1414),
	(43, 1438),
	(33, 1442),
	(33, 1443),
	(55, 1444),
	(166, 1470),
	(167, 1471),
	(125, 1476),
	(125, 1477),
	(142, 1478),
	(74, 1479),
	(74, 1480),
	(74, 1481),
	(139, 1482),
	(139, 1483),
	(147, 1503),
	(147, 1504),
	(137, 1505),
	(137, 1506),
	(69, 1516),
	(69, 1517),
	(69, 1518),
	(69, 1519),
	(1, 1520),
	(1, 1521),
	(1, 1522),
	(1, 1523),
	(121, 1588),
	(121, 1589),
	(164, 1604),
	(2, 1605),
	(2, 1606),
	(8, 1607),
	(159, 1608),
	(101, 1614),
	(101, 1615),
	(101, 1616),
	(101, 1617),
	(176, 1618),
	(176, 1619),
	(176, 1620),
	(20, 1629),
	(20, 1630),
	(73, 1631),
	(73, 1632),
	(73, 1633),
	(73, 1634),
	(73, 1635),
	(79, 1636),
	(79, 1637),
	(79, 1638),
	(79, 1639),
	(79, 1640),
	(42, 1646),
	(42, 1647),
	(42, 1648),
	(42, 1649),
	(42, 1650),
	(157, 1651),
	(157, 1652),
	(157, 1653),
	(157, 1654),
	(174, 1655),
	(160, 1656),
	(160, 1657),
	(154, 1658),
	(154, 1659),
	(154, 1660),
	(12, 1661),
	(12, 1662),
	(12, 1663),
	(12, 1664),
	(12, 1665),
	(177, 1678),
	(177, 1679),
	(177, 1680),
	(179, 1681),
	(179, 1682),
	(171, 1683),
	(171, 1684),
	(171, 1685),
	(171, 1686),
	(170, 1692),
	(170, 1693),
	(170, 1694),
	(170, 1695),
	(168, 1696),
	(172, 1697),
	(172, 1698),
	(148, 1700),
	(4, 1701),
	(4, 1702),
	(4, 1703),
	(90, 1704),
	(90, 1705),
	(90, 1706),
	(90, 1707),
	(90, 1708),
	(10, 1709),
	(10, 1710),
	(10, 1711),
	(10, 1712),
	(10, 1713),
	(138, 1723),
	(138, 1724),
	(138, 1725),
	(153, 1726),
	(153, 1727),
	(153, 1728),
	(153, 1729),
	(85, 1730),
	(85, 1731),
	(85, 1732),
	(85, 1733),
	(165, 1734),
	(165, 1735),
	(165, 1736),
	(182, 1745),
	(183, 1752),
	(183, 1753),
	(183, 1754),
	(127, 1758),
	(51, 1759),
	(156, 1760),
	(151, 1761),
	(173, 1762),
	(173, 1763),
	(122, 1764),
	(61, 1765),
	(126, 1766),
	(126, 1767),
	(109, 1770),
	(162, 1776),
	(162, 1777),
	(162, 1778),
	(162, 1779),
	(158, 1782),
	(158, 1783),
	(158, 1784),
	(53, 1798),
	(53, 1799),
	(53, 1800),
	(89, 1801),
	(11, 1802),
	(11, 1803),
	(11, 1804),
	(11, 1805),
	(11, 1806),
	(11, 1807),
	(11, 1808),
	(11, 1809),
	(11, 1810),
	(66, 1811),
	(66, 1812),
	(91, 1813),
	(91, 1814),
	(91, 1815),
	(91, 1816),
	(91, 1817),
	(91, 1818),
	(91, 1819),
	(91, 1820),
	(91, 1821),
	(169, 1822),
	(28, 1823),
	(54, 1825),
	(54, 1826),
	(54, 1827),
	(54, 1828),
	(54, 1829),
	(115, 1830),
	(178, 1832),
	(184, 1833),
	(163, 1834),
	(163, 1835),
	(7, 1836),
	(181, 1843),
	(70, 1844),
	(70, 1845),
	(70, 1846),
	(180, 1847),
	(175, 1848),
	(175, 1849),
	(175, 1850),
	(175, 1851),
	(175, 1852),
	(155, 1853),
	(26, 1854),
	(99, 1855),
	(103, 1856),
	(22, 1857),
	(76, 1859),
	(187, 1860);
/*!40000 ALTER TABLE `MEMBERS_PAYMENTS` ENABLE KEYS */;

-- Export de la structure de la table cercle. MEMBERS_STATUS
DROP TABLE IF EXISTS `MEMBERS_STATUS`;
CREATE TABLE IF NOT EXISTS `MEMBERS_STATUS` (
  `MemberID` int(11) DEFAULT NULL,
  `Active` tinyint(4) DEFAULT NULL,
  `Date` date DEFAULT NULL,
  `Current` tinyint(4) DEFAULT NULL,
  KEY `FK_MEMBERS2` (`MemberID`),
  CONSTRAINT `FK_MEMBERS2` FOREIGN KEY (`MemberID`) REFERENCES `MEMBERS` (`ID`)
) ENGINE=InnoDB DEFAULT CHARSET=utf8;

-- Export de données de la table cercle.MEMBERS_STATUS : ~170 rows (environ)
DELETE FROM `MEMBERS_STATUS`;
/*!40000 ALTER TABLE `MEMBERS_STATUS` DISABLE KEYS */;
INSERT INTO `MEMBERS_STATUS` (`MemberID`, `Active`, `Date`, `Current`) VALUES
	(21, 1, '2017-09-25', 1),
	(85, 1, '2017-10-20', 1),
	(181, 1, '2018-02-08', 1),
	(23, 1, '2017-10-10', 1),
	(164, 1, '2017-12-19', 1),
	(139, 1, '2017-12-18', 1),
	(69, 1, '2017-09-25', 1),
	(123, 1, '2017-11-09', 1),
	(116, 1, '2017-05-10', 1),
	(87, 1, '2017-10-02', 1),
	(102, 1, '2017-05-10', 1),
	(82, 0, '2017-09-14', 1),
	(58, 1, '2017-09-18', 1),
	(88, 1, '2017-09-21', 1),
	(52, 1, '2017-06-08', 1),
	(104, 0, '2017-05-10', 1),
	(20, 1, '2017-09-05', 1),
	(39, 1, '2017-09-25', 1),
	(143, 0, '2017-05-01', 1),
	(33, 1, '2017-10-05', 1),
	(54, 1, '2017-09-05', 1),
	(74, 1, '2017-09-14', 1),
	(61, 1, '2017-09-28', 1),
	(184, 1, '2018-02-08', 1),
	(26, 1, '2017-09-05', 1),
	(86, 1, '2017-05-10', 1),
	(145, 0, '2017-05-01', 1),
	(16, 1, '2017-10-05', 1),
	(22, 1, '2017-09-14', 1),
	(180, 1, '2018-01-25', 1),
	(105, 1, '2017-07-11', 1),
	(162, 1, '2017-12-12', 0),
	(153, 1, '2017-11-30', 1),
	(1, 1, '2017-09-14', 1),
	(114, 0, '2017-06-01', 1),
	(148, 1, '2017-11-30', 1),
	(127, 1, '2017-12-09', 0),
	(8, 1, '2017-09-15', 1),
	(64, 1, '2017-10-16', 1),
	(166, 1, '2017-12-28', 1),
	(79, 1, '2017-09-25', 1),
	(157, 1, '2017-12-07', 1),
	(48, 1, '2017-10-05', 1),
	(4, 1, '2017-09-18', 1),
	(73, 1, '2017-09-21', 1),
	(31, 1, '2017-09-14', 1),
	(131, 1, '2017-05-01', 1),
	(28, 1, '2017-09-07', 1),
	(11, 1, '2017-05-10', 1),
	(167, 1, '2018-01-03', 1),
	(36, 1, '2017-09-15', 1),
	(168, 1, '2018-01-04', 1),
	(65, 1, '2017-09-07', 1),
	(129, 1, '2017-05-01', 1),
	(77, 1, '2017-09-25', 1),
	(178, 1, '2018-01-25', 1),
	(100, 1, '2017-06-28', 1),
	(6, 1, '2017-10-02', 1),
	(13, 1, '2017-06-01', 1),
	(57, 1, '2017-09-27', 1),
	(109, 1, '2017-06-01', 1),
	(90, 1, '2017-10-16', 1),
	(108, 1, '2017-05-10', 1),
	(160, 1, '2017-12-07', 1),
	(177, 1, '2018-01-25', 1),
	(124, 1, '2017-11-09', 1),
	(156, 1, '2018-01-07', 0),
	(37, 1, '2017-09-28', 1),
	(136, 1, '2017-11-15', 1),
	(101, 1, '2017-06-08', 1),
	(151, 1, '2017-12-30', 0),
	(75, 1, '2017-10-16', 1),
	(106, 1, '2017-05-10', 1),
	(111, 1, '2017-05-10', 1),
	(7, 0, '2017-09-05', 1),
	(55, 1, '2017-09-18', 1),
	(107, 1, '2017-07-18', 1),
	(154, 1, '2017-11-30', 1),
	(46, 1, '2017-10-10', 1),
	(12, 1, '2017-09-15', 1),
	(137, 1, '2017-11-15', 1),
	(42, 1, '2017-09-28', 1),
	(172, 1, '2018-01-09', 1),
	(110, 0, '2017-05-10', 1),
	(9, 1, '2017-09-28', 1),
	(165, 1, '2017-12-19', 1),
	(173, 1, '2018-01-09', 1),
	(27, 1, '2017-10-20', 1),
	(103, 1, '2017-05-10', 1),
	(34, 1, '2017-09-12', 1),
	(144, 0, '2017-05-01', 1),
	(63, 1, '2017-09-19', 1),
	(126, 1, '2017-11-09', 1),
	(44, 1, '2017-07-18', 1),
	(132, 1, '2017-05-01', 1),
	(163, 1, '2017-12-19', 1),
	(80, 1, '2017-09-21', 1),
	(175, 1, '2018-01-24', 1),
	(138, 1, '2017-11-15', 1),
	(32, 1, '2017-09-21', 1),
	(176, 1, '2018-01-25', 1),
	(76, 1, '2017-10-05', 1),
	(115, 1, '2017-05-10', 1),
	(112, 1, '2017-06-01', 1),
	(50, 1, '2017-10-05', 1),
	(81, 1, '2017-09-14', 1),
	(99, 1, '2017-09-19', 1),
	(146, 1, '2017-11-21', 1),
	(152, 1, '2017-11-30', 1),
	(67, 1, '2017-09-28', 1),
	(92, 1, '2017-09-18', 1),
	(68, 0, '2017-09-14', 1),
	(25, 1, '2017-09-28', 1),
	(47, 1, '2017-09-21', 1),
	(51, 1, '2017-11-20', 0),
	(125, 1, '2017-11-09', 1),
	(91, 1, '2017-05-10', 1),
	(19, 1, '2017-10-05', 1),
	(174, 1, '2018-01-24', 1),
	(2, 1, '2017-09-05', 1),
	(29, 1, '2017-09-05', 1),
	(171, 1, '2018-01-09', 1),
	(45, 1, '2017-10-05', 1),
	(24, 0, '2017-05-10', 1),
	(155, 1, '2017-12-04', 1),
	(159, 1, '2017-12-07', 1),
	(15, 0, '2017-09-14', 1),
	(113, 1, '2017-06-01', 1),
	(70, 1, '2017-09-21', 1),
	(17, 1, '2017-09-25', 1),
	(10, 1, '2017-09-12', 1),
	(179, 1, '2018-01-25', 1),
	(147, 1, '2017-11-21', 1),
	(183, 1, '2018-02-08', 1),
	(38, 1, '2017-07-11', 1),
	(120, 1, '2017-11-09', 1),
	(122, 1, '2017-12-09', 0),
	(169, 1, '2018-01-08', 1),
	(130, 1, '2017-05-01', 1),
	(66, 1, '2017-07-11', 1),
	(170, 1, '2018-01-08', 1),
	(142, 1, '2017-12-19', 1),
	(49, 1, '2017-09-12', 1),
	(83, 1, '2017-10-05', 1),
	(150, 1, '2017-11-30', 1),
	(128, 1, '2017-05-01', 1),
	(121, 1, '2017-11-09', 1),
	(18, 1, '2017-09-25', 1),
	(59, 1, '2017-09-07', 1),
	(182, 1, '2018-02-08', 1),
	(53, 1, '2017-09-25', 1),
	(78, 1, '2017-10-20', 1),
	(84, 1, '2017-09-21', 1),
	(62, 1, '2017-09-18', 1),
	(43, 1, '2017-09-07', 1),
	(89, 1, '2017-09-08', 1),
	(56, 1, '2017-09-07', 1),
	(149, 1, '2017-11-30', 1),
	(3, 1, '2017-10-17', 1),
	(158, 1, '2017-12-07', 1),
	(127, 0, '2017-11-09', 1),
	(51, 0, '2017-10-20', 1),
	(156, 0, '2017-12-07', 1),
	(151, 0, '2017-11-30', 1),
	(122, 0, '2017-11-09', 1),
	(162, 0, '2018-02-10', 0),
	(162, 1, '2018-02-10', 1),
	(186, 1, '2018-02-10', 1),
	(187, 1, '2018-02-11', 1),
	(188, 1, '2018-02-19', 0),
	(188, 0, '2018-02-19', 1);
/*!40000 ALTER TABLE `MEMBERS_STATUS` ENABLE KEYS */;

-- Export de la structure de la table cercle. METRICS
DROP TABLE IF EXISTS `METRICS`;
CREATE TABLE IF NOT EXISTS `METRICS` (
  `ID` int(11) NOT NULL AUTO_INCREMENT,
  `Name` varchar(50) NOT NULL DEFAULT '0',
  `Value` int(11) NOT NULL DEFAULT '0',
  `Date` date DEFAULT NULL,
  PRIMARY KEY (`ID`)
) ENGINE=InnoDB AUTO_INCREMENT=213 DEFAULT CHARSET=utf8;

-- Export de données de la table cercle.METRICS : ~42 rows (environ)
DELETE FROM `METRICS`;
/*!40000 ALTER TABLE `METRICS` DISABLE KEYS */;
INSERT INTO `METRICS` (`ID`, `Name`, `Value`, `Date`) VALUES
	(1, 'activeStudents', 131, '2017-12-27'),
	(2, 'activeWhiteStudents', 86, '2017-12-27'),
	(3, 'activeBlueStudents', 16, '2017-12-27'),
	(4, 'activePurpleStudents', 13, '2017-12-27'),
	(5, 'activeBrownStudents', 6, '2017-12-27'),
	(6, 'activeBlackStudents', 10, '2017-12-27'),
	(7, 'activeStudents', 132, '2017-12-28'),
	(8, 'activeBrownStudents', 7, '2017-12-28'),
	(9, 'activeStudents', 133, '2018-01-03'),
	(10, 'activePurpleStudents', 14, '2018-01-03'),
	(11, 'activeWhiteStudents', 85, '2018-01-04'),
	(12, 'activeBlueStudents', 17, '2018-01-04'),
	(13, 'activeStudents', 134, '2018-01-04'),
	(166, 'activeWhiteStudents', 86, '2018-01-04'),
	(167, 'activeStudents', 136, '2018-01-08'),
	(168, 'activeWhiteStudents', 87, '2018-01-08'),
	(169, 'activeBlueStudents', 18, '2018-01-08'),
	(170, 'activeStudents', 139, '2018-01-09'),
	(171, 'activeWhiteStudents', 89, '2018-01-09'),
	(172, 'activeBrownStudents', 8, '2018-01-09'),
	(173, 'activeStudents', 141, '2018-01-24'),
	(174, 'activeWhiteStudents', 90, '2018-01-24'),
	(175, 'activeBlueStudents', 19, '2018-01-24'),
	(176, 'activeStudents', 146, '2018-01-25'),
	(177, 'activeWhiteStudents', 94, '2018-01-25'),
	(178, 'activeBlueStudents', 20, '2018-01-25'),
	(179, 'activePurpleStudents', 13, '2018-01-30'),
	(180, 'activeBrownStudents', 9, '2018-01-30'),
	(181, 'activeStudents', 150, '2018-02-08'),
	(182, 'activeWhiteStudents', 96, '2018-02-08'),
	(183, 'activeBlueStudents', 22, '2018-02-08'),
	(191, 'activeWhiteStudents', 91, '2018-02-10'),
	(195, 'activeBrownStudents', 9, '2018-02-10'),
	(196, 'activeStudents', 146, '2018-02-10'),
	(197, 'activeBlackStudents', 11, '2018-02-10'),
	(198, 'activeStudents', 147, '2018-02-11'),
	(199, 'activeBlackStudents', 12, '2018-02-11'),
	(200, 'activeWhiteStudents', 86, '2018-02-12'),
	(201, 'activeBlueStudents', 26, '2018-02-12'),
	(202, 'activeBrownStudents', 10, '2018-02-12'),
	(203, 'activeBlueStudents', 23, '2018-02-12'),
	(204, 'activePurpleStudents', 16, '2018-02-12'),
	(205, 'activeStudents', 146, '2018-02-13'),
	(206, 'activeWhiteStudents', 85, '2018-02-13');
/*!40000 ALTER TABLE `METRICS` ENABLE KEYS */;

-- Export de la structure de la table cercle. PAYMENTS
DROP TABLE IF EXISTS `PAYMENTS`;
CREATE TABLE IF NOT EXISTS `PAYMENTS` (
  `ID` int(11) NOT NULL AUTO_INCREMENT,
  `Amount` int(11) DEFAULT NULL,
  `Type` enum('Cash','Check','Transfert') DEFAULT NULL,
  `ReceptionDate` date DEFAULT NULL,
  `Name` varchar(200) DEFAULT NULL,
  `Debt` int(11) DEFAULT NULL,
  `Bank` enum('None','Academy','Perso') NOT NULL DEFAULT 'None',
  `DepotDate` date DEFAULT NULL,
  PRIMARY KEY (`ID`)
) ENGINE=InnoDB AUTO_INCREMENT=1861 DEFAULT CHARSET=utf8;

-- Export de données de la table cercle.PAYMENTS : ~314 rows (environ)
DELETE FROM `PAYMENTS`;
/*!40000 ALTER TABLE `PAYMENTS` DISABLE KEYS */;
INSERT INTO `PAYMENTS` (`ID`, `Amount`, `Type`, `ReceptionDate`, `Name`, `Debt`, `Bank`, `DepotDate`) VALUES
	(684, 280, 'Check', '2017-10-05', 'Raphael GRESSIN', 168, 'Academy', '2017-10-06'),
	(789, 500, 'Check', '2017-10-05', 'Corentin CAHEN', 300, 'Academy', '2017-10-06'),
	(790, 280, 'Check', '2017-09-25', 'Sarah CASSESE', 168, 'Academy', '2017-10-04'),
	(793, 350, 'Check', '2017-10-05', 'Pierre CHAMBON', 210, 'Academy', '2017-10-06'),
	(796, 500, 'Check', '2017-09-25', 'Adrien CHEMINET', 300, 'Academy', '2017-10-04'),
	(799, 350, 'Check', '2017-07-11', 'Daniel CURVAT', 210, 'Academy', '2017-08-02'),
	(802, 500, 'Check', '2017-05-10', 'Jerome DIVAC', 300, 'Academy', '2017-05-11'),
	(807, 80, 'Cash', '2017-09-14', 'Eric DRIKES', 0, 'None', '2017-10-26'),
	(808, 80, 'Cash', '2017-10-16', 'Eric DRIKES', 0, 'None', '2017-10-26'),
	(816, 500, 'Check', '2017-09-15', 'Florian FONTRIER', 300, 'Academy', '2017-09-16'),
	(819, 700, 'Check', '2017-09-14', 'Simon FRANQUET', 420, 'Academy', '2017-09-15'),
	(820, 80, 'Check', '2017-07-11', 'Simon FRANQUET', 48, 'Academy', '2017-08-02'),
	(833, 170, 'Cash', '2017-09-07', 'Matias GOURDON', 0, 'None', '2017-10-26'),
	(834, 80, 'Cash', '2017-07-18', 'Matias GOURDON', 48, 'None', '2017-10-26'),
	(839, 500, 'Check', '2017-05-10', 'Gwenael HUET', 300, 'Academy', '2017-05-11'),
	(840, 500, 'Check', '2017-10-05', 'Dominique JACQUES', 300, 'Academy', '2017-10-06'),
	(841, 500, 'Check', '2017-09-12', 'Sylvain JOLIY', 300, 'Academy', '2017-09-13'),
	(847, 500, 'Check', '2017-09-27', 'Artyom KORMESHOV', 300, 'Academy', '2017-10-04'),
	(848, 100, 'Check', '2017-06-08', 'Artyom KORMESHOV', 60, 'Academy', '2017-07-05'),
	(858, 450, 'Check', '2017-09-07', 'Yohann LES ENFANT', 270, 'Academy', '2017-09-07'),
	(859, 500, 'Check', '2017-09-27', 'Gregory LETELLIER', 300, 'Academy', '2017-10-04'),
	(860, 280, 'Check', '2017-09-18', 'Anne LETESSIER', 168, 'Academy', '2017-09-19'),
	(871, 100, 'Check', '2017-05-10', 'Joan MESINELE', 60, 'Academy', '2017-10-04'),
	(872, 100, 'Check', '2017-05-10', 'Joan MESINELE', 60, 'Academy', '2017-09-05'),
	(873, 100, 'Check', '2017-05-10', 'Joan MESINELE', 60, 'Academy', '2017-08-02'),
	(874, 100, 'Check', '2017-05-10', 'Joan MESINELE', 60, 'Academy', '2017-07-05'),
	(875, 100, 'Check', '2017-05-10', 'Joan MESINELE', 60, 'Academy', '2017-06-04'),
	(877, 500, 'Check', '2017-09-07', 'Franck NGUYEN', 300, 'Academy', '2017-09-07'),
	(883, 210, 'Check', '2017-06-01', 'Samuel OLIVIER', 126, 'Academy', '2017-07-05'),
	(884, 210, 'Check', '2017-06-01', 'Samuel OLIVIER', 126, 'Academy', '2017-06-04'),
	(915, 200, 'Cash', '2017-09-21', 'Mehdi SAIDI', 0, 'None', '2017-10-26'),
	(920, 200, 'Cash', '2017-10-05', 'Sylvain TARIN', 0, 'None', '2017-10-26'),
	(931, 380, 'Check', '2017-10-02', 'Alexis TRUJILLO', 228, 'Academy', '2017-10-04'),
	(932, 350, 'Check', '2017-09-21', 'Arthur TSIMI', 210, 'Academy', '2017-10-04'),
	(939, 500, 'Check', '2017-05-10', 'Alexandre WALLOIS', 300, 'Academy', '2017-05-11'),
	(955, 280, 'Check', '2017-09-28', 'Lionel BENICHOU', 168, 'Academy', '2017-10-04'),
	(956, 100, 'Check', '2017-05-10', 'Amandine BOUVAT', 60, 'Academy', '2017-05-11'),
	(957, 100, 'Check', '2017-05-10', 'Amandine BOUVAT', 60, 'Academy', '2017-06-04'),
	(958, 100, 'Check', '2017-05-10', 'Amandine BOUVAT', 60, 'Academy', '2017-07-05'),
	(959, 100, 'Check', '2017-05-10', 'Amandine BOUVAT', 60, 'Academy', '2017-08-02'),
	(960, 100, 'Check', '2017-05-10', 'Amandine BOUVAT', 60, 'Academy', '2017-09-05'),
	(971, 500, 'Check', '2017-10-20', 'Vincent PUYDOYEUX', 300, 'Academy', '2017-11-04'),
	(972, 500, 'Check', '2017-10-20', 'Mamadou? DJOULFAYAN', 300, 'Academy', '2017-11-04'),
	(982, 500, 'Check', '2017-10-10', 'Jules GRUBO', 300, 'Academy', '2017-11-04'),
	(1001, 250, 'Check', '2017-09-18', 'Christophe TROEL', 150, 'Academy', '2017-11-04'),
	(1002, 250, 'Check', '2017-09-18', 'Christophe TROEL', 150, 'Academy', '2017-10-04'),
	(1003, 110, 'Check', '2017-05-10', 'Christophe TROEL', 66, 'Academy', '2017-06-04'),
	(1004, 110, 'Check', '2017-05-10', 'Christophe TROEL', 66, 'Academy', '2017-05-11'),
	(1012, 175, 'Check', '2017-10-16', 'Jeremy PICOSTE', 105, 'Academy', '2017-11-04'),
	(1014, 80, 'Check', '2017-09-18', 'Nissim ZERBIB', 48, 'Academy', '2017-09-19'),
	(1015, 420, 'Check', '2017-10-16', 'Nissim ZERBIB', 252, 'Academy', '2017-11-04'),
	(1024, 250, 'Check', '2017-09-28', 'Jean Paul FOURNET', 150, 'Academy', '2017-10-04'),
	(1025, 250, 'Check', '2017-09-28', 'Jean Paul FOURNET', 150, 'Academy', '2017-11-04'),
	(1028, 250, 'Check', '2017-09-21', 'Mickael FERREIRA', 150, 'Academy', '2017-10-04'),
	(1029, 250, 'Check', '2017-09-21', 'Mickael FERREIRA', 150, 'Academy', '2017-11-04'),
	(1056, 200, 'Check', '2017-09-14', 'Nelson SILVA', 120, 'Academy', '2017-11-04'),
	(1057, 150, 'Check', '2017-09-14', 'Nelson SILVA', 90, 'Academy', '2017-10-04'),
	(1058, 150, 'Check', '2017-09-14', 'Nelson SILVA', 90, 'Academy', '2017-09-15'),
	(1068, 50, 'Cash', '2017-06-01', 'David THOMAS', 30, 'None', '2017-10-26'),
	(1078, 56, 'Check', '2017-09-14', 'Fabrice BUKASSA', 34, 'Academy', '2017-10-04'),
	(1079, 56, 'Check', '2017-09-14', 'Fabrice BUKASSA', 34, 'Academy', '2017-11-04'),
	(1080, 50, 'Cash', '2017-09-14', 'Fabrice BUKASSA', 0, 'None', '2017-10-27'),
	(1082, 80, 'Check', '2017-05-10', 'Aurianne CHARMET', 48, 'Academy', '2017-05-11'),
	(1083, 80, 'Check', '2017-05-10', 'Kevin MALGERARD', 48, 'Academy', '2017-05-11'),
	(1115, 350, 'Check', '2017-11-09', 'Hichem ARFAOUI', 210, 'Academy', '2017-11-10'),
	(1159, 50, 'Cash', '2017-10-02', 'Frederique BARDEY', 0, 'None', '2017-10-26'),
	(1160, 250, 'Check', '2017-10-02', 'Frederique BARDEY', 150, 'Academy', '2017-10-04'),
	(1161, 50, 'Cash', '2017-11-15', 'Frederique BARDEY', 0, 'None', '2017-11-15'),
	(1175, 40, 'Cash', '2017-09-25', 'Thomas CASTAN', 0, 'None', '2017-10-26'),
	(1176, 210, 'Check', '2017-11-09', 'Thomas CASTAN', 126, 'Academy', '2017-11-10'),
	(1177, 210, 'Check', '2017-11-09', 'Thomas CASTAN', 126, 'Academy', '2017-11-10'),
	(1178, 250, 'Check', '2017-10-10', 'Aime CONTI', 0, 'Academy', '2017-11-04'),
	(1181, 500, 'Check', '2017-07-18', 'Jorge DO PINHAL', 300, 'Academy', '2017-08-02'),
	(1188, 365, 'Check', '2017-09-25', 'Delphine GAO', 219, 'Academy', '2017-10-04'),
	(1189, 365, 'Check', '2017-10-16', 'Delphine GAO', 219, 'Academy', '2017-11-04'),
	(1194, 280, 'Check', '2017-09-21', 'Olivier HASSID', 168, 'Academy', '2017-10-04'),
	(1196, 200, 'Check', '2017-09-18', 'Yann MALARD', 120, 'Academy', '2017-09-19'),
	(1197, 150, 'Check', '2017-09-18', 'Yann MALARD', 90, 'Academy', '2017-10-04'),
	(1198, 150, 'Check', '2017-09-18', 'Yann MALARD', 90, 'Academy', '2017-11-04'),
	(1199, 500, 'Check', '2017-09-19', 'Marco MARZILLI', 300, 'Academy', '2017-10-04'),
	(1200, 500, 'Check', '2017-10-16', 'Didier MAUS', 300, 'Academy', '2017-11-04'),
	(1205, 350, 'Check', '2017-09-25', 'François David PUCHEU LASHORES', 210, 'Academy', '2017-10-04'),
	(1210, 250, 'Check', '2017-11-09', 'Alessandro ZANNI', 150, 'None', '2017-11-09'),
	(1211, 100, 'Cash', '2017-11-09', 'Alessandro ZANNI', 0, 'None', '2017-11-09'),
	(1236, 200, 'Cash', '2017-09-28', 'Olivier DAURARIO', 0, 'None', '2017-10-26'),
	(1240, 500, 'Check', '2017-09-12', 'Gauthier BRYSBAERT', 300, 'Academy', '2017-12-04'),
	(1241, 80, 'Check', '2017-06-01', 'Gauthier BRYSBAERT', 48, 'Academy', '2017-06-04'),
	(1242, 100, 'Check', '2017-09-21', 'Vincent TERRONI', 60, 'Academy', '2017-12-04'),
	(1243, 100, 'Check', '2017-09-21', 'Vincent TERRONI', 60, 'Academy', '2017-11-04'),
	(1244, 80, 'Check', '2017-09-21', 'Vincent TERRONI', 48, 'Academy', '2017-10-04'),
	(1245, 125, 'Check', '2017-09-12', 'Marc antoine FIGHIERA', 75, 'Academy', '2017-09-13'),
	(1246, 125, 'Check', '2017-09-21', 'Marc antoine FIGHIERA', 75, 'Academy', '2017-10-04'),
	(1247, 125, 'Check', '2017-09-21', 'Marc antoine FIGHIERA', 75, 'Academy', '2017-11-04'),
	(1248, 125, 'Check', '2017-09-21', 'Marc antoine FIGHIERA', 75, 'Academy', '2017-12-04'),
	(1254, 200, 'Check', '2017-09-28', 'Nicolas NZAMBA', 120, 'Academy', '2017-11-04'),
	(1255, 150, 'Check', '2017-09-28', 'Nicolas NZAMBA', 90, 'Academy', '2017-12-04'),
	(1256, 150, 'Check', '2017-09-28', 'Nicolas NZAMBA', 90, 'Academy', '2017-10-04'),
	(1257, 250, 'Check', '2017-10-17', 'Martine ATTALI', 150, 'Academy', '2017-12-04'),
	(1258, 250, 'Check', '2017-10-17', 'Martine ATTALI', 150, 'Academy', '2017-11-04'),
	(1313, 125, 'Check', '2017-10-05', 'Nabil KADID', 75, 'None', '2017-10-26'),
	(1314, 125, 'Check', '2017-10-05', 'Nabil KADID', 75, 'Academy', '2017-12-04'),
	(1315, 125, 'Check', '2017-10-05', 'Nabil KADID', 75, 'Academy', '2017-11-04'),
	(1316, 125, 'Check', '2017-10-05', 'Nabil KADID', 75, 'Academy', '2017-10-06'),
	(1317, 80, 'Check', '2017-09-07', 'Thomas MACHADO', 48, 'Academy', '2017-09-07'),
	(1318, 210, 'Check', '2017-10-10', 'Thomas MACHADO', 126, 'Academy', '2017-12-04'),
	(1319, 210, 'Check', '2017-10-10', 'Thomas MACHADO', 126, 'Academy', '2017-11-04'),
	(1325, 350, 'Check', '2017-11-15', 'QUINQUENEL Jean-Baptiste', 210, 'Academy', '2017-12-04'),
	(1331, 400, 'Check', '2017-11-21', 'nicolas duvauchelle', 240, 'Academy', '2017-12-04'),
	(1334, 500, 'Check', '2017-11-30', 'Yohann LY', 300, 'Academy', '2017-12-04'),
	(1337, 500, 'Check', '2017-11-30', 'Nicolas MALARD', 300, 'Academy', '2017-12-04'),
	(1364, 500, 'Check', '2017-11-30', 'Thibaud DENINGER', 300, 'Academy', '2017-12-04'),
	(1365, 100, 'Cash', '2017-09-05', 'Raphael DOS SANTOS', 0, 'None', '2017-10-26'),
	(1366, 250, 'Cash', '2017-11-09', 'Raphael DOS SANTOS', 0, 'None', '2017-11-09'),
	(1369, 250, 'Check', '2017-06-01', 'MOUSTAKIM HASSANI', 150, 'Academy', '2017-06-04'),
	(1370, 250, 'Check', '2017-12-07', 'Moustakima HASSANI', 150, 'Academy', '2017-12-07'),
	(1381, 80, 'Cash', '2017-09-14', 'Andrei STRUTGNSHGG', 0, 'None', '2017-10-26'),
	(1382, 100, 'Check', '2017-09-05', 'Yim DARINA', 60, 'Academy', '2017-10-04'),
	(1383, 100, 'Check', '2017-09-05', 'Yim DARINA', 60, 'Academy', '2017-09-06'),
	(1384, 80, 'Check', '2017-05-10', 'Yim DARINA', 48, 'Academy', '2017-05-11'),
	(1385, 40, 'Cash', '2017-09-14', 'Noel ONIZKO', 0, 'None', '2017-10-26'),
	(1396, 350, 'Check', '2017-06-28', 'Frederique AMBROISE', 210, 'Academy', '2017-07-05'),
	(1414, 210, 'Check', '2017-11-09', 'Simon THULEAU', 126, 'Academy', '2017-11-10'),
	(1438, 125, 'Check', '2017-09-07', 'Yoann GOLESTIN', 75, 'Academy', '2017-10-04'),
	(1442, 80, 'Cash', '2017-10-05', 'Brice FIGARO', 0, 'None', '2017-10-26'),
	(1443, 150, 'Cash', '2017-11-15', 'Brice FIGARO', 0, 'None', '2017-11-15'),
	(1444, 100, 'Cash', '2017-09-18', 'Jonas LEBLANC', 0, 'None', '2017-10-26'),
	(1470, 200, 'Cash', '2017-12-28', 'dioumé sangaré', 0, 'None', '2017-12-28'),
	(1471, 100, 'Transfert', '2018-01-03', 'Farid NAÏR', 60, 'Academy', '2018-01-03'),
	(1476, 250, 'Check', '2017-11-09', 'Olivier ROINEL', 150, 'Perso', '2018-01-03'),
	(1477, 250, 'Check', '2017-11-09', 'Olivier ROINEL', 150, 'Academy', '2017-11-10'),
	(1478, 500, 'Check', '2017-12-19', 'Sylvain DESHORS', 300, 'Perso', '2018-01-03'),
	(1479, 80, 'Check', '2017-09-14', 'Celine PERREARD', 48, 'Academy', '2017-09-15'),
	(1480, 220, 'Check', '2017-11-30', 'Celine PERREARD', 132, 'Academy', '2017-12-04'),
	(1481, 200, 'Check', '2017-11-30', 'Celine PERREARD', 120, 'Perso', '2018-01-03'),
	(1482, 125, 'Check', '2017-12-18', 'Akhmed SALAMOV', 75, 'Academy', '2018-01-03'),
	(1483, 125, 'Check', '2017-12-18', 'Akhmed SALAMOV', 75, 'None', '2017-12-18'),
	(1503, 125, 'Check', '2017-11-21', 'Sebastien LOPES', 75, 'Academy', '2017-12-04'),
	(1504, 125, 'Check', '2017-11-21', 'Sebastien LOPES', 75, 'Academy', '2018-01-03'),
	(1505, 200, 'Check', '2017-11-15', 'FARAUT Julien', 120, 'Academy', '2018-01-03'),
	(1506, 200, 'Check', '2017-11-15', 'FARAUT Julien', 120, 'Academy', '2017-12-04'),
	(1516, 125, 'Check', '2017-09-25', 'Alban OUAHAB', 75, 'Academy', '2018-01-03'),
	(1517, 125, 'Check', '2017-09-25', 'Alban OUAHAB', 75, 'Academy', '2017-12-04'),
	(1518, 125, 'Check', '2017-09-25', 'Alban OUAHAB', 75, 'Academy', '2017-11-04'),
	(1519, 125, 'Check', '2017-09-25', 'Alban OUAHAB', 75, 'Academy', '2017-10-04'),
	(1520, 125, 'Check', '2017-09-14', 'David Gauthier', 75, 'Academy', '2017-10-04'),
	(1521, 125, 'Check', '2017-09-14', 'David Gauthier', 75, 'Academy', '2017-11-04'),
	(1522, 125, 'Check', '2017-09-14', 'David Gauthier', 75, 'Academy', '2017-12-04'),
	(1523, 125, 'Check', '2017-09-14', 'David Gauthier', 75, 'Academy', '2018-01-03'),
	(1588, 80, 'Check', '2017-11-09', 'Thomas BISSON', 48, 'Academy', '2017-11-10'),
	(1589, 420, 'Check', '2018-01-09', 'Thomas BISSON', 252, 'Perso', '2018-01-10'),
	(1604, 250, 'Cash', '2017-12-19', 'aissa eddami', 0, 'None', '2017-12-19'),
	(1605, 40, 'Cash', '2017-09-05', 'Raphael ANI', 0, 'None', '2017-10-26'),
	(1606, 210, 'Cash', '2017-11-21', 'Raphael ARIE', 0, 'None', '2017-11-21'),
	(1607, 500, 'Check', '2017-09-15', 'Didier BARRAUD', 300, 'Academy', '2017-09-16'),
	(1608, 500, 'Check', '2017-12-07', 'Roy HARRIS', 300, 'Academy', '2017-12-07'),
	(1614, 100, 'Check', '2017-06-08', 'Jean-Marc BLOMBOU', 60, 'Academy', '2017-09-05'),
	(1615, 100, 'Check', '2017-06-08', 'Jean-Marc BLOMBOU', 60, 'Academy', '2017-08-02'),
	(1616, 100, 'Check', '2017-06-08', 'Jean-Marc BLOMBOU', 60, 'Academy', '2017-07-05'),
	(1617, 100, 'Cash', '2018-01-25', 'Jean-Marc BLOMBOU', 0, 'None', '2018-01-25'),
	(1618, 150, 'Check', '2018-01-25', 'mike latka', 90, 'None', '2018-01-25'),
	(1619, 200, 'Check', '2018-01-25', 'mike latka', 120, 'None', '2018-01-25'),
	(1620, 150, 'Check', '2018-01-25', 'mike latka', 90, 'None', '2018-01-25'),
	(1629, 120, 'Cash', '2017-09-05', 'Bagdad CHECKRI', 0, 'None', '2017-10-26'),
	(1630, 50, 'Cash', '2018-01-09', 'Bagdad CHECKRI', 0, 'None', '2018-01-09'),
	(1631, 100, 'Check', '2017-09-21', 'Emmanuel PEREIRA VIEIRA', 60, 'Perso', '2018-02-01'),
	(1632, 100, 'Check', '2017-09-21', 'Emmanuel PEREIRA VIEIRA', 60, 'Academy', '2018-01-03'),
	(1633, 100, 'Check', '2017-09-21', 'Emmanuel PEREIRA VIEIRA', 60, 'Academy', '2017-12-04'),
	(1634, 100, 'Check', '2017-09-21', 'Emmanuel PEREIRA VIEIRA', 60, 'Academy', '2017-11-04'),
	(1635, 100, 'Check', '2017-09-21', 'Emmanuel PEREIRA VIEIRA', 60, 'Academy', '2017-10-04'),
	(1636, 100, 'Check', '2017-09-25', 'Djamel SAHRAOUI', 60, 'None', '2017-10-26'),
	(1637, 100, 'Check', '2017-09-25', 'Djamel SAHRAOUI', 60, 'None', '2017-10-26'),
	(1638, 100, 'Check', '2017-09-25', 'Djamel SAHRAOUI', 60, 'Perso', '2018-02-01'),
	(1639, 100, 'Check', '2017-09-25', 'Djamel SAHRAOUI', 60, 'Academy', '2017-12-04'),
	(1640, 150, 'Check', '2017-09-25', 'Djamel SAHRAOUI', 110, 'Academy', '2017-10-04'),
	(1646, 80, 'Check', '2017-09-28', 'Julien GAZAVE', 48, 'Academy', '2017-10-04'),
	(1647, 80, 'Check', '2017-11-09', 'Julien GAZAVE', 48, 'Academy', '2017-11-10'),
	(1648, 100, 'Check', '2018-01-09', 'Julien GAZAVE', 60, 'Perso', '2018-02-01'),
	(1649, 140, 'Check', '2018-01-09', 'Julien GAZAVE', 84, 'None', '2018-01-09'),
	(1650, 100, 'Check', '2018-01-09', 'Julien GAZAVE', 60, 'None', '2018-01-09'),
	(1651, 50, 'Check', '2017-12-07', 'dominique BOYER', 30, 'Academy', '2017-12-07'),
	(1652, 50, 'Check', '2017-12-07', 'dominique BOYER', 30, 'Academy', '2018-01-03'),
	(1653, 50, 'Check', '2017-12-07', 'dominique BOYER', 30, 'Perso', '2018-02-01'),
	(1654, 50, 'Check', '2017-12-07', 'dominique BOYER', 30, 'None', '2017-12-07'),
	(1655, 210, 'Check', '2018-01-24', 'rachel lokiec', 126, 'Perso', '2018-02-02'),
	(1656, 200, 'Check', '2017-12-07', 'Hernan VASQUEZ MORA', 120, 'Perso', '2017-12-17'),
	(1657, 200, 'Check', '2017-12-07', 'Hernan VASQUEZ MORA', 120, 'Perso', '2018-02-02'),
	(1658, 200, 'Check', '2017-11-30', 'Juan NERINA', 120, 'Perso', '2018-02-02'),
	(1659, 150, 'Check', '2017-11-30', 'Juan NERINA', 90, 'None', '2017-11-30'),
	(1660, 150, 'Check', '2017-11-30', 'Juan NERINA', 90, 'None', '2017-11-30'),
	(1661, 100, 'Check', '2017-09-15', 'Julien BOURGEOIS', 60, 'Perso', '2018-02-03'),
	(1662, 100, 'Check', '2017-09-15', 'Julien BOURGEOIS', 60, 'Academy', '2018-01-03'),
	(1663, 100, 'Check', '2017-09-15', 'Julien BOURGEOIS', 60, 'Academy', '2017-12-04'),
	(1664, 100, 'Check', '2017-09-15', 'Julien BOURGEOIS', 60, 'Academy', '2017-11-04'),
	(1665, 100, 'Check', '2017-09-15', 'Julien BOURGEOIS', 60, 'Academy', '2017-09-16'),
	(1678, 150, 'Check', '2018-01-25', 'herve gaillard', 90, 'None', '2018-01-25'),
	(1679, 100, 'Check', '2018-01-25', 'herve gaillard', 60, 'None', '2018-01-25'),
	(1680, 100, 'Check', '2018-01-25', 'herve gaillard', 60, 'Perso', '2018-02-03'),
	(1681, 250, 'Check', '2018-01-25', 'sebastien bottey', 150, 'Academy', '2018-02-05'),
	(1682, 250, 'Check', '2018-01-25', 'sebastien bottey', 150, 'None', '2018-01-25'),
	(1683, 125, 'Check', '2018-01-09', 'raphael grellet', 75, 'Academy', '2018-02-05'),
	(1684, 125, 'Check', '2018-01-09', 'raphael grellet', 75, 'None', '2018-01-09'),
	(1685, 125, 'Check', '2018-01-09', 'raphael grellet', 75, 'None', '2018-01-09'),
	(1686, 125, 'Check', '2018-01-09', 'raphael grellet', 75, 'None', '2018-01-09'),
	(1692, 100, 'Check', '2018-01-08', 'sully chanteur', 60, 'Academy', '2018-02-05'),
	(1693, 100, 'Check', '2018-01-08', 'sully chanteur', 60, 'None', '2018-01-08'),
	(1694, 100, 'Check', '2018-01-08', 'sully chanteur', 60, 'None', '2018-01-08'),
	(1695, 50, 'Check', '2018-01-08', 'sully chanteur', 30, 'None', '2018-01-08'),
	(1696, 400, 'Check', '2018-01-04', 'Francis KRAUSE', 240, 'Academy', '2018-02-05'),
	(1697, 250, 'Check', '2018-01-09', 'kamal ydir', 150, 'Academy', '2018-02-05'),
	(1698, 250, 'Check', '2018-01-09', 'kamal ydir', 150, 'None', '2018-01-09'),
	(1700, 500, 'Check', '2017-11-30', 'Denis CEOLIN', 300, 'Academy', '2018-02-05'),
	(1701, 200, 'Check', '2017-09-18', 'Eddy BARCLAY', 120, 'Academy', '2017-11-10'),
	(1702, 150, 'Check', '2017-09-18', 'Eddy BARCLAY', 90, 'Academy', '2018-02-05'),
	(1703, 150, 'Check', '2017-09-18', 'Eddy BARCLAY', 90, 'Academy', '2017-10-04'),
	(1704, 100, 'Check', '2017-10-16', 'Guillaume VIGNE', 60, 'Academy', '2017-11-04'),
	(1705, 100, 'Check', '2017-10-16', 'Guillaume VIGNE', 60, 'Academy', '2017-12-04'),
	(1706, 100, 'Check', '2017-10-16', 'Guillaume VIGNE', 60, 'Academy', '2018-02-05'),
	(1707, 100, 'Check', '2017-10-16', 'Guillaume VIGNE', 60, 'None', '2017-10-26'),
	(1708, 100, 'Check', '2017-10-16', 'Guillaume VIGNE', 60, 'None', '2017-10-26'),
	(1709, 100, 'Check', '2017-09-12', 'Sebastien BIDAULT', 60, 'Academy', '2018-02-05'),
	(1710, 100, 'Check', '2017-09-12', 'Sebastien BIDAULT', 60, 'Academy', '2018-01-03'),
	(1711, 100, 'Check', '2017-09-12', 'Sebastien BIDAULT', 60, 'Academy', '2017-12-04'),
	(1712, 100, 'Check', '2017-09-12', 'Sebastien BIDAULT', 60, 'Academy', '2017-11-04'),
	(1713, 100, 'Check', '2017-09-12', 'Sebastien BIDAULT', 60, 'Academy', '2017-10-04'),
	(1723, 100, 'Check', '2017-11-15', 'Michel-ange MATOUBA', 60, 'Academy', '2017-12-04'),
	(1724, 100, 'Check', '2017-11-15', 'Michel-ange MATOUBA', 60, 'Academy', '2018-01-03'),
	(1725, 75, 'Check', '2017-11-15', 'Michel-ange MATOUBA', 45, 'Academy', '2018-02-05'),
	(1726, 125, 'Check', '2017-11-30', 'David DONNINI', 75, 'Academy', '2017-12-04'),
	(1727, 125, 'Check', '2017-11-30', 'David DONNINI', 75, 'Academy', '2018-01-03'),
	(1728, 125, 'Check', '2017-11-30', 'David DONNINI', 75, 'Academy', '2018-02-05'),
	(1729, 125, 'Check', '2017-11-30', 'David DONNINI', 75, 'None', '2017-11-30'),
	(1730, 50, 'Cash', '2017-10-20', 'Adrien TIREL', 0, 'None', '2017-10-26'),
	(1731, 140, 'Check', '2017-12-07', 'Adrien TIREL', 84, 'Academy', '2017-12-07'),
	(1732, 140, 'Check', '2017-12-07', 'Adrien TIREL', 84, 'Academy', '2018-01-03'),
	(1733, 140, 'Check', '2017-12-07', 'Adrien TIREL', 84, 'Academy', '2018-02-05'),
	(1734, 150, 'Check', '2017-12-19', 'lothaire epee', 90, 'None', '2017-12-19'),
	(1735, 150, 'Check', '2017-12-19', 'lothaire epee', 90, 'Academy', '2018-02-05'),
	(1736, 200, 'Check', '2017-12-19', 'lothaire epee', 120, 'Academy', '2018-01-03'),
	(1745, 500, 'Check', '2018-02-08', 'dominique pedinielli', 300, 'None', '2018-02-08'),
	(1752, 100, 'Check', '2018-02-08', 'dalila Hiba', 60, 'None', '2018-02-08'),
	(1753, 100, 'Check', '2018-02-08', 'dalila Hiba', 60, 'None', '2018-02-08'),
	(1754, 100, 'Check', '2018-02-08', 'dalila Hiba', 60, 'None', '2018-02-08'),
	(1758, 70, 'Cash', '2017-11-09', 'Denis DAVIDKOV', 0, 'None', '2017-11-09'),
	(1759, 30, 'Cash', '2017-10-20', 'Olivier KAZ', 0, 'None', '2017-10-26'),
	(1760, 40, 'Cash', '2017-12-07', 'inconnnu HORSKYY', 0, 'None', '2017-12-07'),
	(1761, 80, 'Check', '2017-11-30', 'Jennifer MALGERARD', 48, 'Academy', '2017-12-04'),
	(1762, 250, 'Check', '2018-01-09', 'malik n\'diaw', 150, 'Academy', '2018-02-05'),
	(1763, 250, 'Check', '2018-01-09', 'malik n\'diaw', 150, 'None', '2018-01-09'),
	(1764, 80, 'Check', '2017-11-09', 'Sofien ZAMITTI', 48, 'Academy', '2017-11-10'),
	(1765, 500, 'Check', '2017-09-28', 'Charles MACQUART MOULIN', 300, 'Academy', '2017-10-04'),
	(1766, 80, 'Check', '2017-11-09', 'Martin CZABADAJ', 48, 'Academy', '2017-11-10'),
	(1767, 420, 'Check', '2018-01-09', 'Martin CZABADAJ', 252, 'Academy', '2018-02-05'),
	(1770, 140, 'Cash', '2017-06-01', 'Guillaume LE MAUT', 84, 'None', '2017-10-26'),
	(1776, 50, 'Cash', '2017-12-12', 'david ankri', 0, 'None', '2017-12-12'),
	(1777, 120, 'Check', '2017-12-26', 'David ANKRI', 72, 'Perso', '2017-12-26'),
	(1778, 140, 'Check', '2017-12-26', 'David ANKRI', 84, 'Perso', '2018-01-08'),
	(1779, 140, 'Check', '2017-12-26', 'David ANKRI', 84, 'Perso', '2018-02-07'),
	(1782, 160, 'Check', '2017-12-07', 'zou thien du chabert', 96, 'Academy', '2017-12-07'),
	(1783, 170, 'Check', '2018-02-08', 'Zou THIEN DU CHABERT', 102, 'Perso', '2018-02-11'),
	(1784, 170, 'Check', '2018-02-08', 'Zou THIEN DU CHABERT', 102, 'None', '2018-02-08'),
	(1798, 200, 'Check', '2017-09-25', 'Vincent LACERENZA', 120, 'Perso', '2018-02-03'),
	(1799, 150, 'Check', '2017-09-25', 'Vincent LACERENZA', 90, 'Academy', '2017-12-04'),
	(1800, 150, 'Check', '2017-09-25', 'Vincent LACERENZA', 90, 'Academy', '2017-10-04'),
	(1801, 200, 'Cash', '2017-09-08', 'Yohan VERGNE', 0, 'None', '2017-10-26'),
	(1802, 100, 'Check', '2017-09-18', 'Farid BOUHAZEM', 60, 'Perso', '2018-02-03'),
	(1803, 100, 'Check', '2017-09-18', 'Farid BOUHAZEM', 60, 'Academy', '2018-01-03'),
	(1804, 100, 'Check', '2017-09-18', 'Farid BOUHAZEM', 60, 'Academy', '2017-12-04'),
	(1805, 100, 'Check', '2017-09-18', 'Farid BOUHAZEM', 60, 'Academy', '2017-11-04'),
	(1806, 100, 'Check', '2017-09-18', 'Farid BOUHAZEM', 60, 'Academy', '2017-10-04'),
	(1807, 55, 'Check', '2017-05-10', 'Farid BOUHAZEM', 33, 'Academy', '2017-09-05'),
	(1808, 55, 'Check', '2017-05-10', 'Farid BOUHAZEM', 33, 'Academy', '2017-08-02'),
	(1809, 55, 'Check', '2017-05-10', 'Farid BOUHAZEM', 33, 'Academy', '2017-07-07'),
	(1810, 55, 'Check', '2017-05-10', 'Farid BOUHAZEM', 33, 'Academy', '2017-06-04'),
	(1811, 100, 'Check', '2017-09-28', 'Stephane NGUYEN', 60, 'Academy', '2017-10-04'),
	(1812, 500, 'Check', '2017-07-11', 'Stephane NGUYEN', 300, 'Academy', '2017-08-02'),
	(1813, 100, 'Check', '2017-09-25', 'Paul-François YGORRA', 60, 'None', '2017-10-26'),
	(1814, 100, 'Check', '2017-09-25', 'Paul-François YGORRA', 60, 'None', '2017-10-26'),
	(1815, 100, 'Check', '2017-09-25', 'Paul-François YGORRA', 60, 'None', '2017-10-26'),
	(1816, 100, 'Check', '2017-09-25', 'Paul-François YGORRA', 60, 'Academy', '2018-02-05'),
	(1817, 100, 'Check', '2017-09-25', 'Paul-François YGORRA', 60, 'Academy', '2017-12-04'),
	(1818, 50, 'Check', '2017-05-10', 'Paul-François YGORRA', 30, 'Academy', '2017-09-05'),
	(1819, 50, 'Check', '2017-05-10', 'Paul-François YGORRA', 30, 'Academy', '2017-06-04'),
	(1820, 60, 'Check', '2017-05-10', 'Paul-François YGORRA', 36, 'Academy', '2017-08-02'),
	(1821, 60, 'Check', '2017-05-10', 'Paul-François YGORRA', 36, 'Academy', '2017-07-05'),
	(1822, 50, 'Cash', '2018-01-08', 'stephane creantor', 0, 'None', '2018-01-08'),
	(1823, 500, 'Check', '2017-09-07', 'Pierre DORE', 300, 'Academy', '2017-09-07'),
	(1825, 100, 'Check', '2017-09-05', 'Cedric LE FRANC', 60, 'Academy', '2018-01-03'),
	(1826, 100, 'Check', '2017-09-05', 'Cedric LE FRANC', 60, 'Academy', '2017-12-04'),
	(1827, 100, 'Check', '2017-09-05', 'Cedric LE FRANC', 60, 'Academy', '2017-11-04'),
	(1828, 100, 'Check', '2017-09-05', 'Cedric LE FRANC', 60, 'Academy', '2017-10-04'),
	(1829, 100, 'Check', '2017-09-05', 'Cedric LE FRANC', 60, 'Academy', '2017-09-06'),
	(1830, 500, 'Check', '2017-05-10', 'Moussa TIMERA', 300, 'Academy', '2017-05-11'),
	(1832, 80, 'Check', '2018-01-25', 'frederic carpentier', 48, 'Academy', '2018-02-05'),
	(1833, 80, 'Check', '2018-02-08', 'charles-edouard di giampietro', 48, 'None', '2018-02-08'),
	(1834, 80, 'Check', '2017-12-19', 'Matthieu LHOSPITALIER', 48, 'Academy', '2018-01-03'),
	(1835, 80, 'Check', '2018-02-08', 'Matthieu LHOSPITALIER', 48, 'Perso', '2018-02-11'),
	(1836, 40, 'Cash', '2017-09-05', 'John BARFF', 0, 'None', '2017-10-26'),
	(1843, 80, 'Check', '2018-02-08', 'ahmed alla', 48, 'None', '2018-02-08'),
	(1844, 50, 'Check', '2017-10-16', 'Marc PELLET', 30, 'Academy', '2017-11-04'),
	(1845, 150, 'Check', '2017-09-21', 'Nathalie VANDERBURG', 90, 'Academy', '2017-10-04'),
	(1846, 100, 'Check', '2017-09-25', 'Nathalie VANDERBURG', 60, 'Academy', '2017-11-04'),
	(1847, 500, 'Check', '2018-01-25', 'damien lahmi', 300, 'Academy', '2018-02-05'),
	(1848, 100, 'Check', '2018-01-24', 'michel gueldry', 60, 'None', '2018-01-24'),
	(1849, 100, 'Check', '2018-01-24', 'michel gueldry', 60, 'None', '2018-01-24'),
	(1850, 100, 'Check', '2018-01-24', 'michel gueldry', 60, 'None', '2018-01-24'),
	(1851, 150, 'Check', '2018-01-24', 'michel gueldry', 90, 'None', '2018-01-24'),
	(1852, 150, 'Check', '2018-01-24', 'michel gueldry', 90, 'Perso', '2018-02-01'),
	(1853, 150, 'Check', '2017-12-04', 'Roméo YOMBOU', 0, 'Academy', '2017-12-04'),
	(1854, 220, 'Check', '2017-09-05', 'Christian DEGUIS', 132, 'Academy', '2017-09-06'),
	(1855, 120, 'Cash', '2017-09-19', 'Neo ALZIEU', 0, 'None', '2017-10-26'),
	(1856, 200, 'Check', '2017-05-10', 'Manuel BRUN', 120, 'Academy', '2017-06-04'),
	(1857, 150, 'Check', '2017-09-14', 'Cyril CHIMKIEVITCH', 90, 'Academy', '2017-09-15'),
	(1859, 1100, 'Check', '2017-10-05', 'Mirjana POLJAKOVIC', 700, 'Academy', '2017-10-06'),
	(1860, 500, 'Check', '2018-02-11', 'ABDELKRIM AMROUCHE', 300, 'None', '2018-02-11');
/*!40000 ALTER TABLE `PAYMENTS` ENABLE KEYS */;

-- Export de la structure de la table cercle. PRIVATES
DROP TABLE IF EXISTS `PRIVATES`;
CREATE TABLE IF NOT EXISTS `PRIVATES` (
  `ID` int(11) NOT NULL AUTO_INCREMENT,
  `MemberID` int(11) NOT NULL,
  `Amount` int(11) DEFAULT NULL,
  `Date` date DEFAULT NULL,
  `bookedLessons` int(11) DEFAULT NULL,
  `doneLessons` int(11) DEFAULT NULL,
  PRIMARY KEY (`ID`),
  KEY `FK_MEMBERS` (`MemberID`),
  CONSTRAINT `FK_MEMBERS` FOREIGN KEY (`MemberID`) REFERENCES `MEMBERS` (`ID`)
) ENGINE=InnoDB AUTO_INCREMENT=12 DEFAULT CHARSET=utf8;

-- Export de données de la table cercle.PRIVATES : ~8 rows (environ)
DELETE FROM `PRIVATES`;
/*!40000 ALTER TABLE `PRIVATES` DISABLE KEYS */;
INSERT INTO `PRIVATES` (`ID`, `MemberID`, `Amount`, `Date`, `bookedLessons`, `doneLessons`) VALUES
	(1, 143, 250, '2017-11-20', 5, 2),
	(2, 144, 200, '2017-11-30', 5, 5),
	(3, 142, 60, '2017-10-17', 1, 1),
	(4, 44, 250, '2017-11-23', 5, 5),
	(5, 145, 60, '2017-10-26', 1, 1),
	(6, 44, 250, '2017-12-11', 5, 2),
	(7, 142, 60, '2017-11-28', 1, 1),
	(8, 144, 200, '2018-01-10', 5, 4),
	(9, 142, 60, '2018-02-13', 1, 1),
	(10, 23, 60, '2018-02-13', 1, 1),
	(11, 188, 30, '2018-02-19', 1, 1);
/*!40000 ALTER TABLE `PRIVATES` ENABLE KEYS */;

-- Export de la structure de la table cercle. REFUNDS
DROP TABLE IF EXISTS `REFUNDS`;
CREATE TABLE IF NOT EXISTS `REFUNDS` (
  `ID` int(11) NOT NULL AUTO_INCREMENT,
  `Label` varchar(200) DEFAULT NULL,
  `Amount` int(11) DEFAULT NULL,
  `Date` date DEFAULT NULL,
  `Comment` varchar(200) DEFAULT NULL,
  PRIMARY KEY (`ID`)
) ENGINE=InnoDB AUTO_INCREMENT=10 DEFAULT CHARSET=utf8;

-- Export de données de la table cercle.REFUNDS : ~7 rows (environ)
DELETE FROM `REFUNDS`;
/*!40000 ALTER TABLE `REFUNDS` DISABLE KEYS */;
INSERT INTO `REFUNDS` (`ID`, `Label`, `Amount`, `Date`, `Comment`) VALUES
	(1, 'Pot stage', 75, '2017-06-10', NULL),
	(2, 'Location', 4625, '2017-08-15', NULL),
	(3, 'Paiement Etienne Gregoire', 90, '2017-10-16', NULL),
	(4, 'Paiement Etienne Gregoire', 150, '2017-11-10', NULL),
	(5, 'Location', 10000, '2017-11-15', ''),
	(6, 'Paiement Etienne Gregoire', 90, '2017-12-01', ''),
	(7, 'Paiement Etienne Gregoire', 120, '2017-12-24', ''),
	(8, 'Location', 10000, '2018-01-30', ''),
	(9, 'Paiement Etienne Gregoire', 90, '2018-02-16', '');
/*!40000 ALTER TABLE `REFUNDS` ENABLE KEYS */;

-- Export de la structure de la table cercle. SEMINARS
DROP TABLE IF EXISTS `SEMINARS`;
CREATE TABLE IF NOT EXISTS `SEMINARS` (
  `ID` int(11) NOT NULL AUTO_INCREMENT,
  `Theme` varchar(200) DEFAULT NULL,
  `Date` date DEFAULT NULL,
  `WebMEMBERS` int(11) DEFAULT NULL,
  `LocalMEMBERS` int(11) DEFAULT NULL,
  `Amount` int(11) DEFAULT NULL,
  `Debt` int(11) DEFAULT NULL,
  `Comment` varchar(200) DEFAULT NULL,
  PRIMARY KEY (`ID`)
) ENGINE=InnoDB AUTO_INCREMENT=5 DEFAULT CHARSET=utf8;

-- Export de données de la table cercle.SEMINARS : ~4 rows (environ)
DELETE FROM `SEMINARS`;
/*!40000 ALTER TABLE `SEMINARS` DISABLE KEYS */;
INSERT INTO `SEMINARS` (`ID`, `Theme`, `Date`, `WebMEMBERS`, `LocalMEMBERS`, `Amount`, `Debt`, `Comment`) VALUES
	(1, 'Spider guard', '2017-06-10', 14, 21, 1000, 200, NULL),
	(2, 'Basics', '2017-09-10', 23, 31, 1357, 271, NULL),
	(3, 'Passages de gardes', '2017-12-02', 10, 13, 570, 114, NULL),
	(4, 'Fondamentaux', '2018-02-11', 36, 31, 1696, 339, '35 du cercle, 6 du gkd, 26 exrt');
/*!40000 ALTER TABLE `SEMINARS` ENABLE KEYS */;

/*!40101 SET SQL_MODE=IFNULL(@OLD_SQL_MODE, '') */;
/*!40014 SET FOREIGN_KEY_CHECKS=IF(@OLD_FOREIGN_KEY_CHECKS IS NULL, 1, @OLD_FOREIGN_KEY_CHECKS) */;
/*!40101 SET CHARACTER_SET_CLIENT=@OLD_CHARACTER_SET_CLIENT */;
