-- --------------------------------------------------------
-- Hôte :                        35.205.127.92
-- Version du serveur:           5.7.14-google-log - (Google)
-- SE du serveur:                Linux
-- HeidiSQL Version:             9.5.0.5196
-- --------------------------------------------------------

/*!40101 SET @OLD_CHARACTER_SET_CLIENT=@@CHARACTER_SET_CLIENT */;
/*!40101 SET NAMES utf8 */;
/*!50503 SET NAMES utf8mb4 */;
/*!40014 SET @OLD_FOREIGN_KEY_CHECKS=@@FOREIGN_KEY_CHECKS, FOREIGN_KEY_CHECKS=0 */;
/*!40101 SET @OLD_SQL_MODE=@@SQL_MODE, SQL_MODE='NO_AUTO_VALUE_ON_ZERO' */;


-- Export de la structure de la base pour CERCLE
DROP DATABASE IF EXISTS `CERCLE`;
CREATE DATABASE IF NOT EXISTS `CERCLE` /*!40100 DEFAULT CHARACTER SET latin1 */;
USE `CERCLE`;

-- Export de la structure de la table CERCLE. COACHSPAYMENTS
DROP TABLE IF EXISTS `COACHSPAYMENTS`;
CREATE TABLE IF NOT EXISTS `COACHSPAYMENTS` (
  `ID` int(11) NOT NULL AUTO_INCREMENT,
  `MemberID` int(11) NOT NULL,
  `Month` varchar(200) DEFAULT NULL,
  `Lessons` int(11) DEFAULT NULL,
  `Pay` int(11) DEFAULT NULL,
  `Amount` decimal(10,2) DEFAULT NULL,
  `Date` date DEFAULT NULL,
  `Comment` varchar(200) DEFAULT NULL,
  PRIMARY KEY (`ID`),
  KEY `FK_MEMBER` (`MemberID`),
  CONSTRAINT `FK_MEMBER` FOREIGN KEY (`MemberID`) REFERENCES `MEMBERS` (`ID`)
) ENGINE=InnoDB AUTO_INCREMENT=64 DEFAULT CHARSET=utf8;

-- Export de données de la table CERCLE.COACHSPAYMENTS : ~63 rows (environ)
DELETE FROM `COACHSPAYMENTS`;
/*!40000 ALTER TABLE `COACHSPAYMENTS` DISABLE KEYS */;
INSERT INTO `COACHSPAYMENTS` (`ID`, `MemberID`, `Month`, `Lessons`, `Pay`, `Amount`, `Date`, `Comment`) VALUES
	(1, 130, 'Septembre', 4, 25, 100.00, '2017-10-11', NULL),
	(2, 129, 'Septembre', 11, 25, 275.00, '2017-10-01', NULL),
	(3, 131, 'Septembre', 3, 30, 90.00, '2017-10-20', NULL),
	(4, 129, 'Octobre', 12, 25, 300.00, '2017-11-01', NULL),
	(5, 130, 'Octobre', 3, 25, 75.00, '2017-11-07', NULL),
	(6, 132, 'Octobre', 9, 25, 225.00, '2017-11-07', NULL),
	(7, 131, 'Octobre', 5, 30, 150.00, '2017-11-11', NULL),
	(8, 131, 'Novembre', 3, 30, 90.00, '2017-12-01', NULL),
	(9, 132, 'Novembre', 8, 25, 200.00, '2017-12-02', NULL),
	(10, 130, 'Novembre', 2, 25, 50.00, '2017-12-05', NULL),
	(11, 130, 'Decembre', 3, 25, 75.00, '2017-12-21', NULL),
	(12, 132, 'Decembre', 6, 25, 150.00, '2017-12-21', NULL),
	(13, 129, 'Decembre', 4, 25, 100.00, '2017-12-21', NULL),
	(14, 131, 'Decembre', 4, 30, 120.00, '2017-12-24', NULL),
	(15, 132, 'Janvier', 5, 25, 125.00, '2018-02-06', NULL),
	(16, 130, 'Janvier', 5, 25, 125.00, '2018-02-08', NULL),
	(17, 129, 'Janvier', 12, 25, 300.00, '2018-02-11', NULL),
	(18, 131, 'Janvier', 3, 30, 90.00, '2018-02-16', NULL),
	(19, 129, 'Fevrier', 9, 25, 225.00, '2018-03-07', NULL),
	(20, 130, 'Fevrier', 2, 25, 50.00, '2018-03-08', NULL),
	(21, 131, 'Fevrier', 3, 30, 90.00, '2018-03-10', NULL),
	(22, 132, 'Fevrier', 2, 25, 50.00, '2018-03-12', NULL),
	(23, 130, 'Mars', 3, 25, 75.00, '2018-04-10', NULL),
	(24, 129, 'Mars', 9, 25, 225.00, '2018-04-10', NULL),
	(25, 131, 'Mars', 3, 30, 90.00, '2018-04-12', NULL),
	(26, 132, 'Mars', 7, 25, 175.00, '2018-04-17', NULL),
	(27, 132, 'Avril', 6, 25, 150.00, '2018-05-09', NULL),
	(28, 129, 'Avril', 3, 25, 75.00, '2018-05-10', NULL),
	(29, 131, 'Avril', 4, 30, 120.00, '2018-05-11', NULL),
	(30, 130, 'Avril', 6, 25, 150.00, '2018-05-15', NULL),
	(31, 129, 'Mai', 8, 25, 200.00, '2018-06-07', NULL),
	(32, 130, 'Mai', 2, 25, 50.00, '2018-06-07', NULL),
	(33, 132, 'Mai', 6, 25, 150.00, '2018-06-16', NULL),
	(34, 131, 'Mai', 4, 30, 120.00, '2018-06-16', NULL),
	(35, 131, 'juin', 3, 30, 90.00, '2018-06-16', NULL),
	(36, 202, 'juin', 4, 25, 100.00, '2018-06-19', NULL),
	(37, 132, 'juin', 3, 25, 75.00, '2018-07-07', NULL),
	(38, 129, 'Juin', 7, 25, 175.00, '2018-07-09', NULL),
	(39, 130, 'juin', 2, 25, 50.00, '2018-07-17', NULL),
	(40, 132, 'Juillet', 4, 25, 100.00, '2018-09-04', NULL),
	(41, 129, 'Juillet', 4, 25, 100.00, '2018-09-04', NULL),
	(42, 130, 'Juillet', 2, 25, 50.00, '2018-09-11', NULL),
	(43, 130, 'aout', 7, 25, 175.00, '2018-09-11', NULL),
	(44, 130, 'Septembre', 4, 25, 100.00, '2018-10-10', NULL),
	(45, 255, 'Septembre', 2, 30, 60.00, '2018-10-10', NULL),
	(46, 132, 'Septembre', 3, 25, 75.00, '2018-10-10', NULL),
	(47, 202, 'Septembre', 3, 25, 75.00, '2018-10-10', NULL),
	(48, 131, 'Septembre', 4, 30, 120.00, '2018-10-11', NULL),
	(49, 131, 'Octobre', 3, 30, 90.00, '2018-11-03', NULL),
	(50, 255, 'Octobre', 2, 30, 60.00, '2018-11-03', NULL),
	(51, 130, 'Octobre', 6, 25, 150.00, '2018-11-07', NULL),
	(52, 202, 'Octobre', 4, 25, 100.00, '2018-11-07', NULL),
	(53, 132, 'octobre', 3, 25, 75.00, '2018-11-08', NULL),
	(54, 131, 'Novembre', 2, 30, 60.00, '2018-11-30', NULL),
	(55, 130, 'Novembre', 3, 25, 75.00, '2018-11-30', NULL),
	(56, 255, 'Novembre', 3, 30, 90.00, '2018-12-01', NULL),
	(57, 202, 'Novembre', 4, 25, 100.00, '2018-12-01', NULL),
	(58, 132, 'Novembre', 4, 25, 100.00, '2018-12-06', NULL),
	(59, 255, 'decembre', 2, 30, 60.00, '2018-12-31', NULL),
	(60, 202, 'decembre', 3, 25, 75.00, '2018-12-31', NULL),
	(61, 130, 'decembre', 4, 25, 100.00, '2018-12-31', NULL),
	(62, 131, 'decembre', 4, 30, 120.00, '2019-01-04', NULL),
	(63, 132, 'decembre', 1, 25, 25.00, '2019-01-08', NULL);
/*!40000 ALTER TABLE `COACHSPAYMENTS` ENABLE KEYS */;

-- Export de la structure de la table CERCLE. DOJO
DROP TABLE IF EXISTS `DOJO`;
CREATE TABLE IF NOT EXISTS `DOJO` (
  `ID` int(11) NOT NULL AUTO_INCREMENT,
  `Name` varchar(20) NOT NULL,
  `Surface` int(11) DEFAULT NULL,
  PRIMARY KEY (`ID`)
) ENGINE=InnoDB AUTO_INCREMENT=4 DEFAULT CHARSET=utf8;

-- Export de données de la table CERCLE.DOJO : ~3 rows (environ)
DELETE FROM `DOJO`;
/*!40000 ALTER TABLE `DOJO` DISABLE KEYS */;
INSERT INTO `DOJO` (`ID`, `Name`, `Surface`) VALUES
	(1, 'Petite Salle du bas', 30),
	(2, 'Principale', 80),
	(3, 'Salle du haut', 50);
/*!40000 ALTER TABLE `DOJO` ENABLE KEYS */;

-- Export de la structure de la table CERCLE. MEMBERS
DROP TABLE IF EXISTS `MEMBERS`;
CREATE TABLE IF NOT EXISTS `MEMBERS` (
  `ID` int(11) NOT NULL AUTO_INCREMENT,
  `Firstname` varchar(200) NOT NULL,
  `Lastname` varchar(200) NOT NULL,
  `Enddate` date NOT NULL,
  `CreationDate` date NOT NULL,
  `Belt` enum('white','blue','purple','brown','black') NOT NULL,
  `stripe` tinyint(4) NOT NULL,
  `Gender` enum('M','F') NOT NULL,
  `Comment` text CHARACTER SET latin1,
  `Job` varchar(200) DEFAULT NULL,
  `Mail` varchar(200) DEFAULT NULL,
  `Phone` varchar(200) DEFAULT NULL,
  `Address` varchar(200) DEFAULT NULL,
  `Facebook` varchar(200) DEFAULT NULL,
  `Child` tinyint(4) NOT NULL,
  `Alert` tinyint(4) NOT NULL,
  `FullYear` tinyint(4) NOT NULL,
  `Coach` tinyint(4) NOT NULL,
  `Competitor` tinyint(4) NOT NULL,
  `AboID` int(11) DEFAULT NULL,
  `PrivateID` int(11) DEFAULT NULL,
  PRIMARY KEY (`ID`),
  UNIQUE KEY `uq_MEMBERS` (`Firstname`,`Lastname`),
  KEY `FK_ABO` (`AboID`),
  KEY `FK_PRIVATE` (`PrivateID`),
  CONSTRAINT `FK_ABO` FOREIGN KEY (`AboID`) REFERENCES `PLANS` (`ID`),
  CONSTRAINT `FK_PRIVATE` FOREIGN KEY (`PrivateID`) REFERENCES `PLANS` (`ID`)
) ENGINE=InnoDB AUTO_INCREMENT=307 DEFAULT CHARSET=utf8;

-- Export de données de la table CERCLE.MEMBERS : ~277 rows (environ)
DELETE FROM `MEMBERS`;
/*!40000 ALTER TABLE `MEMBERS` DISABLE KEYS */;
INSERT INTO `MEMBERS` (`ID`, `Firstname`, `Lastname`, `Enddate`, `CreationDate`, `Belt`, `stripe`, `Gender`, `Comment`, `Job`, `Mail`, `Phone`, `Address`, `Facebook`, `Child`, `Alert`, `FullYear`, `Coach`, `Competitor`, `AboID`, `PrivateID`) VALUES
	(1, 'David', 'GAUTHIER', '0001-01-01', '2017-09-14', 'purple', 2, 'M', '', 'prof d\'EPS', 'david321contact@yahoo.fr', '', '', '', 0, 0, 1, 0, 0, 1, NULL),
	(2, 'Raphael', 'ARIE', '0001-01-01', '2017-09-05', 'blue', 0, 'M', '', '', 'raphael.arie@gmail.com', '', '', '', 0, 0, 1, 0, 1, 1, NULL),
	(3, 'Zacharie', 'ATTALI', '2018-10-17', '2017-10-17', 'white', 0, 'M', 'Vient de débuter', '', 'zachaattali@gmail.com', '', '', '', 0, 0, 1, 0, 0, NULL, NULL),
	(4, 'Eddy', 'BARCLAY', '0001-01-01', '2017-09-18', 'blue', 0, 'M', 'En attente de 2 cheques que j\'ai donné à Kelly -> Récupérés le 09/11/2017 -> anciens cheques déchirés le 19/12', '', 'tacos972@hotmail.com', '', '', '', 0, 0, 1, 0, 1, 1, NULL),
	(6, 'Frederique', 'BARDEY', '2018-09-26', '2017-10-02', 'white', 0, 'M', 'référencé en remy au cercle?', '', '', '', '', '', 0, 0, 1, 0, 0, NULL, NULL),
	(7, 'John', 'BARFF', '2017-10-05', '2017-09-05', 'white', 0, 'M', '', '', '', '', '', '', 0, 0, 0, 0, 0, NULL, NULL),
	(8, 'Didier', 'BARRAUD', '2019-09-15', '2017-09-15', 'black', 0, 'M', 'Son fils est aussi inscrit mais on lui a fait cadeau du paiement', '', 'didier.isa.barraud@gmail.com', '', '', '', 0, 0, 1, 1, 0, NULL, NULL),
	(9, 'Zoe', 'BENICHOU', '2019-09-28', '2017-09-28', 'white', 0, 'F', '', '', '', '', '', '', 1, 0, 1, 0, 0, NULL, NULL),
	(10, 'Sebastien', 'BIDAULT', '0001-01-01', '2017-09-12', 'white', 0, 'M', '', '', 'seb.bidault@hotmail.fr', '', '', '', 0, 0, 1, 0, 0, 1, NULL),
	(11, 'Farid', 'BOUHAZEM', '2018-09-12', '2017-05-10', 'brown', 0, 'M', '', '', '', '', '', '', 0, 0, 1, 0, 0, NULL, NULL),
	(12, 'Julien', 'BOURGEOIS', '2018-09-15', '2017-09-15', 'white', 0, 'M', '', '', 'julien.mns@gmail.com', '', '', '', 0, 0, 1, 0, 0, NULL, NULL),
	(13, 'Gauthier', 'BRYSBAERT', '2018-09-11', '2017-06-01', 'white', 0, 'M', '', 'Scientist à polytechnique apparement', 'gauthierbr@hotmail.com', '', '', '', 0, 0, 1, 0, 0, NULL, NULL),
	(15, 'Sacha', 'BUKASSA', '2017-10-29', '2017-09-14', 'white', 0, 'M', 'A demandé le remboursement....Puis se l\'est fait remboursé, je lui ai rendu un cheque', '', NULL, NULL, NULL, NULL, 1, 0, 1, 0, 0, NULL, NULL),
	(16, 'Corentin', 'CAHEN', '0001-01-01', '2017-10-05', 'white', 1, 'M', '', '', 'corentin.cahen@gmail.com', '', '', '', 0, 0, 1, 0, 0, 1, NULL),
	(17, 'Sarah', 'CASSESE', '0001-01-01', '2017-09-25', 'blue', 0, 'F', '', '', 'sylvie.casses@sfr.fr', '', '', '', 1, 0, 1, 0, 1, 3, NULL),
	(18, 'Thomas', 'CASTAN', '0001-01-01', '2017-09-25', 'white', 0, 'M', 'Collèque de sylvain', 'Dans le service/evenementiel', 'thomascastan@hotmail.fr', '', '90 rue du petit chateau, Charenton le pont, 94220', '', 0, 0, 1, 0, 0, 1, NULL),
	(19, 'Pierre', 'CHAMBON', '2018-10-05', '2017-10-05', 'white', 0, 'M', '2 disciplines', '', 'chambon.pierre@gmail.com', '', '', '', 0, 0, 1, 0, 0, NULL, NULL),
	(20, 'Bagdad', 'CHECKRI', '2019-08-23', '2017-09-05', 'brown', 0, 'M', 'tarif special 350 en cash a l\'annee', '', 'Chekry@hotmail.fr', '', '', '', 0, 0, 1, 0, 1, NULL, NULL),
	(21, 'Adrien', 'CHEMINET', '0001-01-01', '2017-09-25', 'white', 0, 'M', '', '', 'adrien.cheminet@gmail.com', '', '30 rue Victor Basch, Vincennes, 94300, FR ', '', 0, 0, 1, 0, 0, 1, NULL),
	(22, 'Cléo', 'CHIMKIEVITCH', '2018-09-28', '2017-09-14', 'white', 0, 'M', '', '', '', '', '', '', 1, 0, 1, 0, 0, NULL, NULL),
	(23, 'Aime', 'CONTI', '2019-12-20', '2017-10-10', 'black', 0, 'M', '', 'Dans les assurances', 'scubafun@hotmail.fr', '', '', '', 0, 0, 1, 0, 0, NULL, NULL),
	(24, 'Ricardo', 'RIBEIRO', '0001-01-01', '2017-05-10', 'blue', 0, 'M', 'blessé au genou le 3/11. Redonne les cheques ou pas?', 'cuisinier', 'ricridj@gmail.com', '', '', '', 0, 0, 1, 0, 0, 1, NULL),
	(25, 'Olivier', 'D\'AMARIO', '2019-09-27', '2017-09-28', 'black', 0, 'M', '', '', '', '', '', '', 0, 0, 1, 0, 0, NULL, NULL),
	(26, 'Christian', 'DEGUIS', '2018-09-05', '2017-09-05', 'white', 0, 'M', 'C\'est quoi ce taro? enfant?', '', '', '', '', '', 0, 0, 1, 0, 0, NULL, NULL),
	(27, 'Mamadou?', 'DJOULFAYAN', '2018-10-16', '2017-10-20', 'white', 0, 'M', 'Rapport avec Mamadou konate? Prenom sebastien sur cfjjb!!', '', '', '', '', '', 0, 0, 1, 0, 0, NULL, NULL),
	(28, 'Fabien', 'DORE', '0001-01-01', '2017-09-07', 'purple', 2, 'M', '', '', 'fabiendore@outlook.fr ', '', '31 rue Laporte , 33200, Bordeaux , FR ', '', 0, 0, 1, 0, 1, 1, NULL),
	(29, 'Raphael', 'DOS SANTOS', '2018-11-09', '2017-09-05', 'blue', 0, 'M', '', '', 'RafiU4@outlook.fr', '', '', '', 0, 0, 1, 0, 1, NULL, NULL),
	(31, 'Eric', 'DRIKES', '0001-01-01', '2017-09-14', 'white', 0, 'M', '', '', 'timbargeot@orange.fr', '', '', '', 0, 0, 1, 0, 0, 1, NULL),
	(32, 'Mickael', 'FERREIRA', '2018-09-21', '2017-09-21', 'white', 0, 'M', '', '', 'ferreiram2410@gmail.com', '', '', '', 0, 0, 1, 0, 0, NULL, NULL),
	(33, 'Brice', 'FIGARO', '2019-10-04', '2017-10-05', 'purple', 0, 'M', '', '', '', '', '', '', 0, 0, 1, 0, 0, NULL, NULL),
	(34, 'Marc Antoine', 'FIGHIERA', '2018-09-12', '2017-09-12', 'blue', 0, 'M', '', 'graphiste je crois', 'MA.FIGHIERA@GMAIL.COM', '', '', '', 0, 0, 1, 0, 0, NULL, NULL),
	(36, 'Florian', 'FONTRIER', '2019-10-25', '2017-09-15', 'white', 1, 'M', '', '', 'fontrier.florian@gmail.com', '', '', '', 0, 0, 1, 0, 0, NULL, NULL),
	(37, 'Jean Paul', 'FOURNET', '2019-09-11', '2017-09-28', 'white', 0, 'M', '', '', 'fournetjeanpaul@gmail.com', '', '17 Rue du General LECLERC 94220 Charenton ', '', 0, 0, 1, 0, 0, NULL, NULL),
	(38, 'Simon', 'FRANQUET', '2019-09-19', '2017-07-11', 'white', 0, 'M', '', '', 'simon.franquet@gmail.com', '', '', '', 0, 0, 1, 0, 0, NULL, NULL),
	(39, 'Bayle', 'GAO', '2018-10-04', '2017-09-25', 'purple', 0, 'M', '', 'ingenieur robotique', '', '', '', '', 0, 0, 1, 0, 1, NULL, NULL),
	(42, 'Julien', 'GAZAVE', '0001-01-01', '2017-09-28', 'white', 0, 'M', '', '', '', '', '', '', 0, 0, 1, 0, 0, 1, NULL),
	(43, 'Yoann', 'GOLESTIN', '2018-03-11', '2017-09-07', 'white', 0, 'M', 'avait donné 5 cheques de 100. S\'est blessé au ligament du coup j\'ai déchiré les 2 derniers cheques et je l\'ai remboursé de 175 E.', '', '', '', '', '', 0, 0, 1, 0, 0, NULL, NULL),
	(44, 'Matias', 'GOURDON', '2019-09-14', '2017-07-18', 'white', 1, 'M', '', '', 'lemail2mathias@gmail.com', '', '', '', 0, 0, 1, 0, 0, NULL, NULL),
	(45, 'Raphael', 'GRESSIN', '2019-10-02', '2017-10-05', 'white', 0, 'M', '', '', '', '', '', '', 1, 0, 1, 0, 0, NULL, NULL),
	(46, 'Jules', 'GRUBO', '2018-10-12', '2017-10-10', 'white', 0, 'M', '', '', '', '', '', '', 0, 0, 1, 0, 0, NULL, NULL),
	(47, 'Adrien', 'HASSID', '2019-09-30', '2017-09-21', 'white', 0, 'M', '', '', '', '', '', '', 1, 0, 1, 0, 0, NULL, NULL),
	(48, 'Dominique', 'JACQUES', '2019-12-13', '2017-10-05', 'blue', 1, 'F', '', '', 'domiminik@yahoo.fr', '', '', '', 0, 0, 1, 0, 0, NULL, NULL),
	(49, 'Sylvain', 'JOLIY', '2018-09-11', '2017-09-12', 'white', 0, 'M', '', '', '', '', '', '', 0, 0, 1, 0, 0, NULL, NULL),
	(50, 'Nabil', 'KADID', '2018-10-05', '2017-10-05', 'white', 0, 'M', '', '', '', '', '', '', 0, 0, 1, 0, 0, NULL, NULL),
	(51, 'Olivier', 'KAZ', '2017-11-20', '2017-10-20', 'white', 0, 'M', '', '', '', '', '', '', 0, 0, 1, 0, 0, NULL, NULL),
	(52, 'Artyom', 'KORMESHOV', '2019-10-17', '2017-06-08', 'white', 3, 'M', '', '', 'artyomkormeshov@hotmail.fr', '', '', '', 0, 0, 1, 0, 0, NULL, NULL),
	(53, 'Vincent', 'LACERENZA', '2019-10-22', '2017-09-25', 'blue', 0, 'M', '', '', 'chat40700@hotmail.fr', '', '', '', 0, 0, 1, 0, 1, NULL, NULL),
	(54, 'Cedric', 'LE FRANC', '2019-03-06', '2017-09-05', 'white', 4, 'M', '', '', 'vadineau@outlook.fr', '', '', '', 0, 0, 1, 0, 0, NULL, NULL),
	(55, 'Jonas', 'LEBLANC', '0001-01-01', '2017-09-18', 'blue', 1, 'M', '2 disciplines', '', 'jonas.eljojo.leblanc@gmail.com', '', '', '', 0, 0, 1, 0, 0, 12, NULL),
	(56, 'Yohann', 'LES ENFANT', '2019-09-03', '2017-09-07', 'white', 2, 'M', '', '', 'ylesenfant@gmail.com', '', '1 villa de la tourelle 94160 Saint Mande ', '', 0, 0, 1, 0, 0, NULL, NULL),
	(57, 'Gregory', 'LETELLIER', '2019-09-21', '2017-09-27', 'white', 1, 'M', '', '', 'letellier.gr3gory@gmail.com', '', '47 rue Emile Boutrais 94120 FONTENAY-SOUS-BOIS ', '', 0, 0, 1, 0, 0, NULL, NULL),
	(58, 'Raphael', 'LETESSIER', '2019-09-20', '2017-09-18', 'white', 0, 'F', 'argent détourné par le kung fu', '', '', '', '', '', 1, 0, 1, 0, 0, NULL, NULL),
	(59, 'Thomas', 'MACHADO', '2018-09-04', '2017-09-07', 'white', 0, 'M', '', '', 't.alvesmachado@gmail.com', '', '', '', 0, 0, 1, 0, 0, NULL, NULL),
	(61, 'Charles', 'MACQUART MOULIN', '2019-10-17', '2017-09-28', 'white', 0, 'M', 'Blessé pour le mois de novembre, pb aux cotes, s\'entraine surtout les matins', '', 'macquart-moulin.charles@orange.fr', '', '', '', 0, 0, 1, 0, 0, NULL, NULL),
	(62, 'Yann', 'MALARD', '0001-01-01', '2017-09-18', 'purple', 0, 'M', 'rajouter abo adulte', 'notaire', 'yann.malard@paris.notaires.fr', '', '22, avenue de chanzy, saint maur des fossés, 94210', '', 0, 0, 1, 0, 0, 1, NULL),
	(63, 'Marco', 'MARZILLI', '2019-09-03', '2017-09-19', 'brown', 1, 'M', '', 'gérant de restos', 'marco_marzilli@mac.com', '', '28 rue Camille Blanc 94800 Villejuif ', '', 0, 0, 1, 0, 0, NULL, NULL),
	(64, 'Didier', 'MAUS', '2019-11-28', '2017-10-16', 'brown', 0, 'M', '', 'Policier je crois', 'm.didier1@free.fr', '', '', '', 0, 0, 1, 0, 0, NULL, NULL),
	(65, 'Franck', 'NGUYEN', '2019-09-12', '2017-09-07', 'purple', 3, 'M', '', '', 'nguyen.franck@gmx.com', '', '', '', 0, 0, 1, 0, 0, NULL, NULL),
	(66, 'Stephane', 'NGUYEN', '2018-09-11', '2017-07-11', 'blue', 0, 'M', 'Veut faire la compet ibjjf je crois, en attente de licence', '', 'stephanguyen@wanadoo.fr', '', '', '', 0, 0, 1, 0, 1, NULL, NULL),
	(67, 'Nicolas', 'NZAMBA', '2019-11-13', '2017-09-28', 'white', 0, 'M', '', '', '', '', '', '', 0, 0, 1, 0, 0, NULL, NULL),
	(68, 'Noel', 'ONIZKO', '2017-10-14', '2017-09-14', 'white', 0, 'M', '', '', NULL, NULL, NULL, NULL, 0, 0, 1, 0, 0, NULL, NULL),
	(69, 'Alban', 'OUAHAB', '0001-01-01', '2017-09-25', 'blue', 3, 'M', '', 'étudiant / recherche commerce?', 'alban.ouahab@gmail.com', '0673660466', '', '', 0, 0, 1, 0, 1, 1, 7),
	(70, 'Samuel', 'PELLET', '2019-01-31', '2017-09-21', 'white', 0, 'M', 'C\'est quoi son abonnement? enfant?', '', 'marc.pellet26@orange.fr', '', '', '', 0, 0, 1, 0, 0, NULL, NULL),
	(73, 'Emanuel', 'VIEIRA', '0001-01-01', '2017-09-21', 'blue', 0, 'M', '', 'livreur dans les librairies', 'manisnatch@gmail.com', '', '', '', 0, 0, 1, 0, 1, 1, NULL),
	(74, 'Celine', 'PERREARD', '0001-01-01', '2017-09-14', 'white', 0, 'F', '', '', 'perreard.celine@gmail.com', '', '46 rue des orteaux, Paris, 75020', '', 0, 0, 1, 0, 0, 1, NULL),
	(75, 'Jeremy', 'PICOSTE', '2019-11-05', '2017-10-16', 'black', 0, 'M', 'tarif réduit du cercle', '', 'jeremy.picoste@gmail.com', '', '', '', 0, 0, 1, 0, 0, NULL, NULL),
	(76, 'Mirjana', 'POLJAKOVIC', '2018-10-04', '2017-10-05', 'white', 0, 'M', 'Qui est ce derrière??', '', '', '', '', '', 0, 0, 1, 0, 0, NULL, NULL),
	(77, 'François David', 'PUCHEU LASHORES', '2019-10-11', '2017-09-25', 'purple', 1, 'M', '', 'Dans le pétrole?', 'fdpucheu@gmail.com', '', '', '', 0, 0, 1, 0, 0, NULL, NULL),
	(78, 'Vincent', 'PUYDOYEUX', '2018-10-16', '2017-10-20', 'white', 0, 'M', '', '', 'v.puydoyeux@gmail.com', '', '', '', 0, 0, 1, 0, 0, NULL, NULL),
	(79, 'Djamel', 'SAHRAOUI', '2018-09-25', '2017-09-25', 'white', 0, 'M', '', '', 'djamel.sahraoui2587@gmail.com', '', '', '', 0, 0, 1, 0, 0, NULL, NULL),
	(80, 'Mehdi', 'SAIDI', '2018-09-20', '2017-09-21', 'white', 0, 'M', '', '', 'saidi.m@gmail.com', '', '', '', 0, 0, 1, 0, 0, NULL, NULL),
	(81, 'Nelson', 'SILVA', '2019-09-11', '2017-09-14', 'brown', 1, 'M', '', '', 'nelsonsilva@hotmail.fr', '', '', '', 0, 0, 1, 0, 0, NULL, NULL),
	(82, 'Andrei', 'STRUTGNSHGG', '2017-10-14', '2017-09-14', 'white', 0, 'M', 'C\'est quoi son abo a 250 ?', '', NULL, NULL, NULL, NULL, 0, 0, 1, 0, 0, NULL, NULL),
	(83, 'Sylvain', 'TARIN', '2018-10-10', '2017-10-05', 'purple', 0, 'M', '', '', '', '', '', '', 0, 0, 1, 0, 0, NULL, NULL),
	(84, 'Noah', 'TERRONI', '2018-09-21', '2017-09-21', 'white', 0, 'M', '', '', '', '', '', '', 1, 0, 1, 0, 0, NULL, NULL),
	(85, 'Adrien', 'TIREL', '2018-10-20', '2017-10-20', 'white', 0, 'M', 'A demandé pour des CP', '', 'adrienjet@gmail.com', '', '', '', 0, 0, 1, 0, 0, NULL, NULL),
	(86, 'Christophe', 'TROEL', '2018-09-15', '2017-05-10', 'white', 0, 'M', '', '', 'christophe.troel@hotmail.fr', '', '', '', 0, 0, 1, 0, 0, NULL, NULL),
	(87, 'Alexis', 'TRUJILLO', '2019-10-03', '2017-10-02', 'white', 0, 'M', '', '', 'alexis.atrujill@gmail.com', '', '', '', 0, 0, 1, 0, 0, NULL, NULL),
	(88, 'Arthur', 'TSIMI', '2018-09-12', '2017-09-21', 'white', 0, 'M', '', '', '', '', '', '', 0, 0, 1, 0, 0, NULL, NULL),
	(89, 'Yohan', 'VERGNE', '2019-09-07', '2017-09-08', 'blue', 1, 'M', '', '', 'ambulance.adam75@gmail.com', '', '48 rue des bruyères 93260 Les Lilas ', '', 0, 0, 1, 0, 1, NULL, NULL),
	(90, 'Guillaume', 'VIGNE', '2018-10-16', '2017-10-16', 'purple', 0, 'M', '', '', 'guigui83@yahoo.fr', '', '', '', 0, 0, 1, 0, 0, NULL, NULL),
	(91, 'Paul-François', 'YGORRA', '0001-01-01', '2017-05-10', 'blue', 2, 'M', '', '', 'ygorrapf@free.fr', '', '', '', 0, 0, 1, 0, 0, 1, NULL),
	(92, 'Nissim', 'ZERBIB', '2019-09-08', '2017-09-18', 'white', 3, 'M', '', '', 'nissim.zerbib@ens.fr', '', '', '', 0, 0, 1, 0, 0, NULL, NULL),
	(99, 'Ned', 'ALZIEU', '2018-09-19', '2017-09-19', 'white', 0, 'M', 'C\'est quoi son abo? un enfant?', '', 'ned.alzieu@gmail.com', '', '', '', 0, 0, 1, 0, 0, NULL, NULL),
	(100, 'Frederic', 'AMBROISE', '2019-07-04', '2017-06-28', 'blue', 0, 'M', 'Grand martiniquais, inscrit a 2 disciplines, vient de l\'hapkido', '', 'defre2k2@hotmail.com', '', '', '', 0, 0, 1, 0, 1, NULL, NULL),
	(101, 'Jean-Marc', 'BLOMBOU', '0001-01-01', '2017-06-08', 'blue', 0, 'M', 'A repris ses derniers cheques et doit en rendre 2 autres... A priori c\'est bon j\'ai recup le reste en cash', '', 'jmblombou@yahoo.fr', '', '', '', 0, 0, 1, 0, 0, 1, NULL),
	(102, 'Amandine', 'BOUVAT', '2018-05-10', '2017-05-10', 'white', 0, 'F', '', '', '', '', '', '', 0, 0, 1, 0, 0, NULL, NULL),
	(103, 'Manuel', 'BRUN', '2018-05-10', '2017-05-10', 'white', 0, 'M', 'C\'est quoi son abo? enfant', '', '', '', '', '', 0, 0, 1, 0, 0, NULL, NULL),
	(104, 'Aurianne', 'CHARMET', '2017-06-04', '2017-05-10', 'white', 0, 'M', '', '', NULL, NULL, NULL, NULL, 0, 0, 1, 0, 0, NULL, NULL),
	(105, 'Daniel', 'CURVAT', '0001-01-01', '2017-07-11', 'blue', 0, 'M', '', '', 'daniel.curvat@gmail.com,bakidan@hotmail.fr ', '', '8 rue René Cassin, NEUILLY-PLAISANCE, 93360', '', 0, 0, 1, 0, 0, 1, NULL),
	(106, 'Jerome', 'DIVAC', '2018-05-10', '2017-05-10', 'blue', 0, 'M', 'Est parti pour cause de changement de travail et de lieu d\'habitation', '', '', '', '', '', 0, 0, 1, 0, 0, NULL, NULL),
	(107, 'Jorge', 'DO PINHAL', '2019-09-08', '2017-07-18', 'purple', 0, 'M', '', '', 'jorgedopinhal@yahoo.fr', '', '', '', 0, 0, 1, 0, 0, NULL, NULL),
	(108, 'Gwenael', 'HUET', '2019-03-06', '2017-05-10', 'purple', 0, 'M', '', '', 'huetgwenael@gmail.com', '', '', '', 0, 0, 1, 0, 0, NULL, NULL),
	(109, 'Guillaume', 'LE MAUT', '2018-06-01', '2017-06-01', 'white', 0, 'M', 'Enfant?', '', '', '', '', '', 1, 0, 1, 0, 0, NULL, NULL),
	(110, 'Kevin', 'MALGERARD', '0001-01-01', '2017-05-10', 'white', 1, 'M', '', '', 'kevincdf@hotmail.fr', '', '', '', 0, 0, 1, 0, 0, 1, NULL),
	(111, 'Joan', 'MESINELE', '0001-01-01', '2017-05-10', 'white', 1, 'M', '', '', 'angetjoan@hotmail.com', '', '1 Chemin des Coutures , Ivry sur Seine , 94200, FR ', '', 0, 0, 1, 0, 0, 1, NULL),
	(112, 'Moustakima', 'HASSANI', '0001-01-01', '2017-06-01', 'brown', 0, 'M', '', '', 'mhassani@free-infra.fr ', '', '', '', 0, 0, 1, 0, 0, 1, NULL),
	(113, 'Samuel', 'OLIVIER', '2019-05-18', '2017-06-01', 'white', 3, 'M', '', '', 'samuel.olivier.bonte@gmail.com', '', '', '', 0, 0, 1, 0, 0, NULL, NULL),
	(114, 'David', 'THOMAS', '2017-07-01', '2017-06-01', 'white', 0, 'M', '', '', NULL, NULL, NULL, NULL, 0, 0, 1, 0, 0, NULL, NULL),
	(115, 'Moussa', 'TIMERA', '2019-11-07', '2017-05-10', 'purple', 0, 'M', '', '', 'moussa.timera@laposte.net', '', '', '', 0, 0, 1, 0, 0, NULL, NULL),
	(116, 'Alexandre', 'WALLOIS', '0001-01-01', '2017-05-10', 'white', 3, 'M', '', '', 'agpwallois@gmail.com', '', '', '', 0, 0, 1, 0, 0, 1, NULL),
	(120, 'Simon', 'THULEAU', '2018-09-01', '2017-11-09', 'white', 0, 'M', 'Cheque de 500 puis remboursement en cours de 290E. Ca revient a un paiement de 210E..... Pkoi ce remboursement? inactif??', '', 'simon.thuleau@gmail.com', '', '', '', 0, 0, 1, 0, 0, NULL, NULL),
	(121, 'Thomas', 'BISSON', '2019-01-09', '2017-11-09', 'white', 0, 'M', 'Oui c\'est bien thomas, a fait que 10 cours...', '', 'tom64b@gmail.com ', '', '', '', 0, 0, 1, 0, 0, NULL, NULL),
	(122, 'Sofien', 'ZAMITTI', '2017-12-09', '2017-11-09', 'white', 0, 'M', '', '', '', '', '', '', 0, 0, 1, 0, 0, NULL, NULL),
	(123, 'Alessandro', 'ZANNI', '2018-11-09', '2017-11-09', 'black', 0, 'M', 'C\'est quoi sa 2eme discipline à lui?', 'informaticien dans la sécurité', 'zanni.alessandro@gmail.com', '', '', '', 0, 0, 1, 0, 0, NULL, NULL),
	(124, 'Hichem', 'ARFAOUI', '2018-11-09', '2017-11-09', 'white', 0, 'M', 'C\'est quoi ça comme taro 350 en cheque? 2 disciplines j\'imagine', '', 'hichem.a@hotmail.com', '', '', '', 0, 0, 1, 0, 0, NULL, NULL),
	(125, 'Olivier', 'ROINEL', '2018-11-09', '2017-11-09', 'white', 0, 'M', '', '', 'olivierroinel@gmail.com', '', '', '', 0, 0, 1, 0, 0, NULL, NULL),
	(126, 'Martin', 'CZABADAJ', '0001-01-01', '2017-11-09', 'blue', 1, 'M', '', '', 'martin.czabadaj@gmail.com', '', '', '', 0, 0, 1, 0, 1, 1, NULL),
	(127, 'Denis', 'DAVIDKOV', '2017-12-09', '2017-11-09', 'white', 0, 'M', 'Pourquoi j\'ai reçu ce montant et pas 30 E?', '', '', '', '', '', 0, 0, 1, 0, 0, NULL, NULL),
	(128, 'Thibaut', 'OLIVIER', '2019-12-11', '2017-05-01', 'black', 3, 'M', 'Moi', 'Jiu-Jitsu headcoach', 'thibautolivier77@gmail.com', '0675403464', '44 rue faidherbe 78800 HOUILLES', 'https://www.facebook.com/thibautolivier77', 0, 0, 1, 1, 0, NULL, NULL),
	(129, 'François', 'MOLESLAS', '2020-11-11', '2017-05-01', 'black', 0, 'M', '', '', '', '', '', '', 0, 0, 1, 0, 1, NULL, NULL),
	(130, 'Stéphane', 'HENNEQUIN', '2020-11-11', '2017-05-01', 'black', 0, 'M', '', '', 'stephanehennequin@hotmail.com', '', '', '', 0, 0, 1, 1, 1, NULL, NULL),
	(131, 'Etienne', 'GREGOIRE', '2019-12-01', '2017-05-01', 'black', 0, 'M', '', '', 'celine.etienne60@hotmail.fr', '', '', '', 0, 0, 1, 1, 0, NULL, NULL),
	(132, 'Matthieu', 'DELALANDRE', '2019-12-11', '2017-05-01', 'black', 0, 'M', '', '', 'delalandre.matthieu@gmail.com', '', '', '', 0, 0, 1, 1, 0, NULL, NULL),
	(136, 'Jean-Baptiste', 'QUINQUENEL', '2018-11-15', '2017-11-15', 'white', 0, 'M', '2 disciplines j\'imagine', '', '', '', '', '', 0, 0, 1, 0, 0, NULL, NULL),
	(137, 'Julien', 'FARAUT', '2019-11-29', '2017-11-15', 'blue', 0, 'M', '', '', 'jfaraut@hotmail.com', '', '', '', 0, 0, 1, 0, 0, NULL, NULL),
	(138, 'Michel-Ange', 'MATOUBA', '2019-11-13', '2017-11-15', 'blue', 0, 'M', 'kaju premiere discipline', '', 'mmatouba@hotmail.com', '', '', '', 0, 0, 1, 0, 0, NULL, NULL),
	(139, 'Akhmed', 'SALAMOV', '2019-09-18', '2017-12-18', 'blue', 0, 'M', '', '', '', '', '', '', 0, 0, 1, 0, 1, NULL, NULL),
	(142, 'Sylvain', 'DESHORS', '2018-12-19', '2017-12-19', 'white', 3, 'M', '1 jeudi sur 2 à 14h15', 'Chez veolia', 'sdeshors@gmail.com', '0620552437', '', '', 0, 0, 1, 0, 0, NULL, 8),
	(143, 'Brice', 'DONADELLI', '2017-11-20', '2017-05-01', 'brown', 0, 'M', '', '', NULL, NULL, NULL, NULL, 0, 0, 1, 0, 0, NULL, NULL),
	(144, 'Marco', 'GONCALVES', '0001-01-01', '2017-05-01', 'blue', 0, 'M', 'Jeudi 13h30 à 14h15', '', 'marco.romeu@yahoo.com;marco.romeu40@gmail.com', '0610781212', '', '', 0, 0, 1, 0, 1, 1, 9),
	(145, 'Clara', 'CABRERIZO', '2017-11-20', '2017-05-01', 'white', 0, 'F', '', '', NULL, NULL, NULL, NULL, 0, 0, 1, 0, 0, NULL, NULL),
	(146, 'Nicolas', 'DUVAUCHELLE', '2018-11-21', '2017-11-21', 'white', 0, 'M', '', 'Acteur', 'Donduvo@gmail.com', '', '', '', 0, 0, 1, 0, 1, NULL, NULL),
	(147, 'Sebastien', 'LOPES', '2018-11-21', '2017-11-21', 'black', 0, 'M', '', '', '', '', '', '', 0, 0, 1, 0, 0, NULL, NULL),
	(148, 'Denis', 'CEOLIN', '2019-10-17', '2017-11-30', 'blue', 3, 'M', '', 'Chercheur en chimie', 'denis.ceolin@gmail.com', '', '', '', 0, 0, 1, 0, 0, NULL, NULL),
	(149, 'Yohann', 'LY', '2019-12-06', '2017-11-30', 'brown', 0, 'M', '', '', 'yohann.ly@gmail.com', '', '', '', 0, 0, 1, 0, 0, NULL, NULL),
	(150, 'Thibaud', 'DENINGER', '2019-10-09', '2017-11-30', 'blue', 0, 'M', '', 'Policier', 'tdeninger@hotmail.fr', '', '', '', 0, 0, 1, 0, 0, NULL, NULL),
	(152, 'Nicolas', 'MALARD', '2018-11-30', '2017-11-30', 'white', 0, 'M', 'Frere de Yann la ceinture violette', '', NULL, NULL, NULL, NULL, 0, 0, 1, 0, 0, NULL, NULL),
	(153, 'David', 'DONNINI', '0001-01-01', '2017-11-30', 'white', 3, 'M', '', '', 'davdons@gmail.com', '', '28, avenue de marinville, batiment c, Saint Maur des fossés, 94100', '', 0, 0, 1, 0, 0, 1, NULL),
	(154, 'Juan', 'NERINA', '2018-11-30', '2017-11-30', 'blue', 3, 'M', '', '', 'totochi2i@outlook.fr', '', '', '', 0, 0, 1, 0, 0, NULL, NULL),
	(155, 'Roméo', 'YOMBOU', '2018-08-31', '2017-12-04', 'blue', 0, 'M', 'Seulement le libre, !! non déclaré !! Comment le faire figurer.....????? Mettre en cours part??', '', '', '', '', '', 0, 0, 1, 0, 0, NULL, NULL),
	(156, 'Hennaddig', 'HORSKYY', '0001-01-01', '2017-12-07', 'white', 3, 'M', 'ukrainien prof dans sa tete, javais négocié 250E jusqu\'a aout, il a payé que 65 (125) pour l\'instant..', 'vtc', 'vtchennadiy@gmail.com ', '', '108 rue de picpus, Paris, 75012, FR ', '', 0, 0, 1, 0, 0, 1, NULL),
	(157, 'Dominique', 'BOYER', '2019-11-06', '2017-12-07', 'white', 0, 'M', 'aikidoka avec une sceance par semaine', '', '', '', '', '', 0, 0, 1, 0, 0, NULL, NULL),
	(158, 'Zou', 'THIEN DU CHABERT', '2018-12-07', '2017-12-07', 'purple', 0, 'M', '', '', '', '', '', '', 0, 0, 1, 0, 1, NULL, NULL),
	(159, 'Roy', 'HARRIS', '0001-01-01', '2017-12-07', 'brown', 1, 'M', 'Passer abonnement adulte 42', '', 'roy-harris@harvest.fr', '', '19 RUE MONFRAY, CRETEIL, 94000', '', 0, 0, 1, 0, 0, 1, NULL),
	(160, 'Hernan', 'VASQUEZ MORA', '2018-12-07', '2017-12-07', 'black', 0, 'M', '', 'policier', '', '', '', '', 0, 0, 1, 0, 0, NULL, NULL),
	(162, 'David', 'ANKRI', '0001-01-01', '2017-12-12', 'brown', 0, 'M', 'Juif integriste', 'Vendeur de cuir', 'david.ankri1969@gmail.com', '', '', '', 0, 0, 1, 0, 0, 1, NULL),
	(163, 'Matthieu', 'LHOSPITALIER', '2018-03-08', '2017-12-19', 'white', 0, 'M', '', '', '', '', '', '', 0, 0, 0, 0, 0, NULL, NULL),
	(164, 'Aissa', 'EDDAMI', '2018-12-19', '2017-12-19', 'white', 0, 'M', 'pote de bagdad', '', '', '', '', '', 0, 0, 1, 0, 0, NULL, NULL),
	(165, 'Lothaire', 'EPEE', '2018-12-19', '2017-12-19', 'purple', 0, 'M', '', '', '', '', '', '', 0, 0, 1, 0, 1, NULL, NULL),
	(166, 'Dioumé', 'SANGARÉ', '2020-01-04', '2017-12-28', 'black', 0, 'M', 'club d\'origine le maccabi', 'finance?', 'disangare@gmail.com', '', '', 'https://www.facebook.com/dioum.sangare', 0, 0, 1, 0, 1, NULL, NULL),
	(167, 'Farid', 'NAÏR', '0001-01-01', '2018-01-03', 'purple', 0, 'M', 'reste 200 à payer, tarif de 300 négocié car eleve au carreau aussi', '', 'nadiros@hotmail.com', '', '', '', 0, 0, 1, 0, 0, 1, NULL),
	(168, 'Francis', 'KRAUSE', '2019-01-04', '2018-01-04', 'white', 0, 'M', '', '', 'francisetienne30@gmail.com', '', '', '', 0, 0, 1, 0, 0, NULL, NULL),
	(169, 'Stephane', 'CREANTOR', '0001-01-01', '2018-01-08', 'purple', 0, 'M', 'grand martiniquais', '', 's_creantor@hotmail.fr', '', '', 'https://www.facebook.com/stephane.guadyguady', 0, 0, 1, 0, 0, 1, NULL),
	(170, 'Sully', 'CHANTEUR', '2019-01-08', '2018-01-08', 'white', 0, 'M', 'Cours du matin', '', 'sullychanteur@hotmail.com', '', '', '', 0, 0, 1, 0, 0, NULL, NULL),
	(171, 'Raphael', 'GRELLET', '0001-01-01', '2018-01-09', 'white', 0, 'M', '!!!! Cheque posé le 3, refusé le 8 mars 2018, annulé le 14 !!!! retente le 3/4, encore refusé le 6/04', '', 'grelletraph@gmail.com', '', '', '', 0, 0, 1, 0, 0, 1, NULL),
	(172, 'Kamal', 'YDIR', '2019-01-09', '2018-01-09', 'brown', 0, 'M', '', '', 'kamal.ydir@gmail.com', '', '', '', 0, 0, 1, 0, 1, NULL, NULL),
	(173, 'Malik', 'N\'DIAW', '2019-01-09', '2018-01-09', 'white', 0, 'M', '', '', 'maloko_80@hotmail.com', '', '', '', 0, 0, 1, 0, 0, NULL, NULL),
	(174, 'Simon', 'LOKIEC', '2019-09-16', '2018-01-24', 'white', 0, 'M', '', '', '', '', '', '', 1, 0, 1, 0, 0, NULL, NULL),
	(175, 'Michel', 'GUELDRY', '2019-01-24', '2018-01-24', 'blue', 0, 'M', 'Vient surtout le matin, pkoi 600', '', 'mgueldry@gmail.com', '', '', '', 0, 0, 1, 0, 0, NULL, NULL),
	(176, 'Mike', 'LATKA', '2019-01-25', '2018-01-25', 'white', 0, 'M', '', '', '', '', '', '', 0, 0, 1, 0, 0, NULL, NULL),
	(177, 'Herve', 'GAILLARD', '2019-01-25', '2018-01-25', 'white', 0, 'M', '', '', '', '', '', '', 0, 0, 1, 0, 0, NULL, NULL),
	(178, 'Frederic', 'CARPENTIER', '2019-01-25', '2018-01-25', 'white', 0, 'M', '', '', 'f-carpentier@hotmail.fr', '', '', '', 0, 0, 1, 0, 0, NULL, NULL),
	(179, 'Sebastien', 'BOTTEY', '2019-01-25', '2018-01-25', 'blue', 3, 'M', '', '', 'sebastien.bottey@gmail.com', '', '', '', 0, 0, 1, 0, 0, NULL, NULL),
	(180, 'Damien', 'LAHMI', '2019-01-25', '2018-01-25', 'blue', 0, 'M', 'Bleu??', '', 'damienlahmi@free.fr', '', '', '', 0, 0, 1, 0, 1, NULL, NULL),
	(181, 'Ahmed', 'ALLA', '2019-02-08', '2018-02-08', 'white', 0, 'M', '', '', 'ahmed.alla1@gmail.com', '', '', '', 0, 0, 1, 0, 0, NULL, NULL),
	(182, 'Tiziano', 'PEDINIELLI', '2019-02-08', '2018-02-08', 'blue', 2, 'M', '', '', 'tiziano.pedinielli@gmail.com', '', '', '', 0, 0, 1, 0, 0, NULL, NULL),
	(183, 'Sidney', 'CHAWATY', '2019-02-08', '2018-02-08', 'white', 0, 'M', '', '', '', '', '', '', 1, 0, 1, 0, 0, NULL, NULL),
	(184, 'Charles-Edouard', 'DI GIAMPIETRO', '2019-02-08', '2018-02-08', 'blue', 0, 'M', '', '', '', '', '', '', 0, 0, 0, 0, 0, NULL, NULL),
	(186, 'David', 'ARGIRAKIS', '2019-02-10', '2018-02-10', 'black', 0, 'M', '', 'pilote de ligne', 'david.argirakis@gmail.com', '', '', '', 0, 0, 1, 0, 0, NULL, NULL),
	(187, 'Abdelkrim', 'AMROUCHE', '2019-02-11', '2018-02-11', 'black', 0, 'M', '', '', 'karim_brasil@yahoo.fr', '', '', 'https://www.facebook.com/jakarim.gracie', 0, 0, 1, 0, 0, NULL, NULL),
	(188, 'Sélim', 'BEN CHEIKH', '2019-02-19', '2018-02-19', 'blue', 0, 'M', '', '', '', '', '', '', 0, 0, 0, 0, 0, NULL, NULL),
	(189, 'Lionel', 'MESCAM', '2019-02-22', '2018-02-22', 'black', 0, 'M', '', '', 'cyberyoyo@free.fr', '', '', '', 0, 0, 1, 0, 0, NULL, NULL),
	(190, 'Luc', 'DESCAMPS', '2018-03-24', '2018-02-24', 'white', 0, 'M', '', '', '', '', '', '', 0, 0, 0, 0, 0, NULL, NULL),
	(191, 'Sebastien', 'LECOQ', '2021-01-24', '2018-02-24', 'black', 0, 'M', '', '', '', '', '', '', 0, 0, 1, 0, 1, NULL, NULL),
	(192, 'Louis', 'BLECH-SEMIN', '2019-03-06', '2018-03-06', 'white', 0, 'M', '2 discipline avec MMA', '', 'louisblech@gmail.com', '', '', '', 0, 0, 1, 0, 0, NULL, NULL),
	(193, 'Kamel', 'CHAOUCHE', '2019-03-06', '2018-03-06', 'white', 0, 'M', 'algerien', '', '', '', '', '', 0, 0, 1, 0, 0, NULL, NULL),
	(194, 'Roméo', 'WAGNER', '2019-03-12', '2018-03-12', 'white', 0, 'M', '', 'jeune éducateur kim noire sympa', 'wagner.romeo@gmail.com', '', '', '', 0, 0, 1, 0, 0, NULL, NULL),
	(195, 'Adams', 'SOULAIMANA', '2019-03-12', '2018-03-12', 'white', 0, 'M', '2 disciplines j\'imagine', '', '', '', '', '', 0, 0, 1, 0, 0, NULL, NULL),
	(196, 'Romain', 'VILLA', '2019-03-22', '2018-03-22', 'purple', 0, 'M', '2 disciplines', '', '', '', '', '', 0, 0, 1, 0, 0, NULL, NULL),
	(197, 'Stephane', 'BON', '2019-05-18', '2018-05-18', 'white', 0, 'M', 'Il a payé 250 pour une deuxieme discipline, donc l\'autre discipline a recup 100 de trop', '', '', '', '', '', 0, 0, 1, 0, 0, NULL, NULL),
	(198, 'Paul', 'MAHON', '0001-01-01', '2018-05-18', 'white', 1, 'M', '', '', 'linecb@msn.com', '', '', '', 0, 0, 1, 0, 0, 1, NULL),
	(199, 'Julien', 'CARBONNELL', '0001-01-01', '2018-05-25', 'white', 0, 'M', '', '', 'julien.carbonnell@gmail.com', '', '', '', 0, 0, 1, 0, 0, 1, NULL),
	(200, 'Brian', 'MANGOENPAWIRO', '0001-01-01', '2018-05-26', 'white', 0, 'M', '', '', 'bmangoen@gmail.com', '', '', '', 0, 0, 1, 0, 0, 1, NULL),
	(201, 'Joris', 'NADEAU', '0001-01-01', '2018-06-16', 'white', 1, 'M', '', '', 'nadeaujoris5@gmail.com', '', '', '', 0, 0, 1, 0, 0, 1, NULL),
	(202, 'Emmanuel', 'COUSIN', '2019-06-19', '2018-06-19', 'black', 0, 'M', '', '', 'emcousin@gmail.com', '', '', '', 0, 0, 1, 1, 0, NULL, NULL),
	(203, 'Noureddine', 'AJDID', '0001-01-01', '2018-06-29', 'blue', 0, 'M', 'Les mardis de 13h15 à 14', '', 'ajdid_noureddine@yahoo.fr ', '0626125277', '', '', 0, 0, 1, 0, 1, 1, 9),
	(204, 'Nassim', 'GRAINAT', '2019-09-29', '2018-07-03', 'white', 0, 'M', '', '', '', '', '', '', 1, 0, 1, 0, 0, NULL, NULL),
	(205, 'Andrei', 'SATALOV', '2019-08-31', '2018-07-03', 'white', 0, 'M', '', '', '', '', '', '', 0, 0, 0, 0, 0, NULL, NULL),
	(206, 'Giusepe', 'VIZZINI', '2019-03-01', '2018-07-03', 'white', 0, 'M', '', '', '', '', '', '', 0, 0, 1, 0, 0, NULL, NULL),
	(207, 'Franck', 'ETIENNE', '2019-07-05', '2018-07-05', 'white', 0, 'M', '', '', '', '', '', '', 0, 0, 0, 0, 0, NULL, NULL),
	(208, 'Anthony', 'BENAIS', '0001-01-01', '2018-07-11', 'blue', 3, 'M', '', '', 'benais1cl@hotmail.fr', '', '', '', 0, 0, 1, 0, 1, 1, NULL),
	(209, 'Gabriel', 'AHOUANDOGBNO', '2019-07-17', '2018-07-17', 'purple', 0, 'M', '', '', '', '', '', '', 0, 0, 0, 0, 0, NULL, NULL),
	(210, 'Thomas', 'FOURNIER', '0001-01-01', '2018-07-17', 'white', 0, 'M', '', '', 'thomasfournier314@gmail.com', '', '', '', 0, 0, 1, 0, 0, 1, NULL),
	(211, 'Mathieu', 'CHANTALAT', '0001-01-01', '2018-07-25', 'white', 0, 'M', '', '', 'mchantalat@gmail.com', '', '', '', 0, 0, 1, 0, 0, 1, NULL),
	(212, 'Arthus', 'DE SENNEVILLE GRAVE', '2019-08-20', '2018-08-20', 'white', 0, 'M', '', '', 'arthussenneville@gmail.com', '0612856023', '148 boulevard Bineau	92200	Neuilly sur Seine', '', 1, 0, 1, 0, 0, NULL, NULL),
	(213, 'Francis', 'NIYONKURU', '2019-08-21', '2018-08-21', 'blue', 0, 'M', '', '', '', '', '', '', 0, 0, 0, 0, 0, NULL, NULL),
	(214, 'Alexis', 'PETITJEAN', '0001-01-01', '2018-08-29', 'white', 0, 'M', '', '', 'aleks0690@gmail.com ', '', '', '', 0, 0, 1, 0, 0, 1, NULL),
	(215, 'Cyril', 'CHARDONNET', '0001-01-01', '2018-09-04', 'blue', 0, 'M', '', '', 'CYRIL.CHARDONNET@FREE.FR', '', '', '', 0, 0, 1, 0, 0, 1, NULL),
	(216, 'Julien', 'LUCAS', '0001-01-01', '2018-09-05', 'white', 0, 'M', '', '', 'julien.lucas89@gmail.com ', '', '53 rue Claude Decaen, PARIS, 75012, FR ', '', 0, 0, 1, 0, 0, 1, NULL),
	(217, 'Damien', 'MILLAN', '0001-01-01', '2018-09-06', 'white', 0, 'M', ' + MMA à vérifier', '', 'dmillan31@gmail.com', '', '11 avenue vergniaud, saint maure ses fosses, 94100, FR ', '', 0, 0, 1, 0, 0, 2, NULL),
	(218, 'Frédéric', 'JACQUET', '0001-01-01', '2018-09-09', 'white', 0, 'M', '', '', 'fredericjacquet@yahoo.fr', '', '80 quai de Polangis 94340 Joinville-Le-Pont ', '', 0, 0, 1, 0, 0, 1, NULL),
	(219, 'Christian', 'PINVILLE', '0001-01-01', '2018-09-10', 'purple', 0, 'M', '', '', 'christian.pinville@gmail.com ', '', '6 AVENUE DUCIS, MAISONS-LAFFITTE, 78600, FR ', '', 0, 0, 1, 0, 0, 1, NULL),
	(220, 'Thibaut', 'BEDOUIN', '0001-01-01', '2018-09-10', 'white', 0, 'M', '', '', 'thibaut.bedouin@gmail.com', '', '8 résidence plein sud , 83 avenue de Versailles , Thiais , 94320, FR ', '', 0, 0, 1, 0, 0, 1, NULL),
	(222, 'Iraklis', 'ALEXANDRIDIS', '0001-01-01', '2018-09-12', 'white', 0, 'M', '', '', 'herculesalexandridis@msn.com', '', '15 AVENUE ERNEST RENAN, MONTREUIL, 93100', '', 0, 0, 1, 0, 0, 1, NULL),
	(223, 'Franck', 'BISSON', '2019-09-14', '2018-09-14', 'white', 0, 'M', 'Ne paye pas car beauf de filou', '', 'bissonfranck78@gmail.com', '', '', '', 0, 0, 1, 0, 1, NULL, NULL),
	(224, 'Xavier', 'ROBERT', '2019-09-14', '2018-09-14', 'brown', 0, 'M', '', '', 'xbiancardini@yahoo.fr', '', '91 rue saint fargeau 75020 Paris ', '', 0, 0, 1, 0, 0, NULL, NULL),
	(225, 'Jean Christophe', 'BOULADE', '2019-09-14', '2018-09-14', 'white', 3, 'M', 'sponsor samsung... :)', '', 'jcboulade94@gmail.com', '', '', '', 0, 0, 1, 0, 0, NULL, NULL),
	(226, 'Philippe', 'HEYDARIAN', '0001-01-01', '2018-09-14', 'white', 0, 'M', '', '', 'heydarian.philippe@gmail.com ', '', ' 21 rue Raymond du temple, Vincennes, 94300', '', 0, 0, 1, 0, 0, 1, NULL),
	(227, 'Rémi', 'LESÉNÉCHAL', '0001-01-01', '2018-09-14', 'white', 0, 'M', '', '', 'lesenechal.remi@gmail.com ', '', '11 rue gossec, Paris, 75012', '', 0, 0, 1, 0, 0, 1, NULL),
	(228, 'Mikael', 'THOMAS', '0001-01-01', '2018-09-16', 'white', 0, 'M', '', '', 'mikaelts82@gmail.com', '', '8 avenue des entrepreneurs , Mitry-mory, 77290', '', 0, 0, 1, 0, 0, 1, NULL),
	(229, 'Damien', 'ROQUES', '0001-01-01', '2018-09-16', 'white', 0, 'M', '', '', 'damienrqes@gmail.com ', '', '35 bis rue pierre brosolette, Neuilly Plaisance', '', 0, 0, 1, 0, 0, 1, NULL),
	(230, 'Frederic', 'CHALOPIN', '0001-01-01', '2018-09-17', 'white', 0, 'M', '', '', 'f_chalopin@yahoo.fr', '', '', '', 0, 0, 1, 0, 0, 1, NULL),
	(231, 'Abdel-Jalhil', 'TEIBI', '2019-09-18', '2018-09-18', 'white', 0, 'M', '', '', 'jalhil.teibi@gmail.com', '', '1 allée des érables 94410 Saint Maurice ', '', 0, 0, 1, 0, 0, NULL, NULL),
	(232, 'Ronan', 'BILLAUD', '0001-01-01', '2018-09-18', 'blue', 0, 'M', '', '', '', '', '1 rue de la Libération, Nogent sur Marne , 94130', '', 0, 0, 1, 0, 0, 1, NULL),
	(233, 'Guillaume', 'BERNARD', '2019-10-10', '2018-09-19', 'white', 0, 'M', '', '', 'guillaum3.bernard@gmail.com ', '', '35 RUE DE FONTENAY, VINCENNES, 94300', '', 0, 0, 1, 0, 0, NULL, NULL),
	(234, 'Mickael', 'DAVOLI', '0001-01-01', '2018-09-19', 'blue', 1, 'M', '', '', 'mikka.dav@hotmail.fr ', '', '', '', 0, 0, 1, 0, 0, 1, NULL),
	(235, 'Julien', 'FAURE', '0001-01-01', '2018-09-20', 'white', 0, 'M', 'A resilier mi janvier, il se barre', '', '', '', '', '', 0, 0, 1, 0, 0, 1, NULL),
	(236, 'Arnaud', 'BLOUIN', '0001-01-01', '2018-09-21', 'white', 0, 'M', '', '', 'arnaud.blouin@gmail.com', '', '13 rue andre bollier , Saint maur des fosses, 94100', '', 0, 0, 1, 0, 0, 1, NULL),
	(237, 'Greg', 'MOREL', '0001-01-01', '2018-09-22', 'brown', 0, 'M', '', '', 'akiraparis75@gmail.com', '', '3 allée des grands champs , Bagnolet, 93170', '', 0, 0, 1, 0, 0, 1, NULL),
	(238, 'Pierre', 'MURATET', '0001-01-01', '2018-09-23', 'blue', 2, 'M', '', '', 'lance.strapontin@gmail.com', '', '', '', 0, 0, 1, 0, 0, 1, NULL),
	(239, 'Gaetan', 'BOURBOTTE', '0001-01-01', '2018-09-24', 'blue', 0, 'M', 'Copain de Celine?', '', 'gaetan.brb@gmail.com', '', '46 rue des orteaux, Paris, 75020', '', 0, 0, 1, 0, 1, 1, NULL),
	(240, 'Jeanne', 'DANGUY', '0001-01-01', '2018-09-25', 'white', 0, 'M', '', '', 'jeannedanguy@gmail.com ', '', '4 avenue du Petit Parc, VINCENNES', '', 0, 0, 1, 0, 0, 1, NULL),
	(241, 'Fabien', 'NGUYEN', '2019-09-27', '2018-09-27', 'white', 0, 'M', '', '', 'fabiennguyen@hotmail.fr', '', '', '', 0, 0, 1, 0, 0, NULL, NULL),
	(243, 'Romuald', 'BOUVARD', '2019-09-29', '2018-09-29', 'white', 0, 'M', 'vendredi à 12h30', '', 'romuald.bouvard@hotmail.fr', '0648486408', '', '', 0, 0, 0, 0, 0, NULL, 9),
	(244, 'Nicolas', 'BABOUR', '2019-09-30', '2018-09-30', 'white', 0, 'M', '1 vendredi sur 2 à 13h15', '', 'nicolasbabour@gmail.com', '0627950427', '', '', 0, 0, 0, 0, 0, NULL, 8),
	(245, 'Jed', 'LACROIX', '2019-10-02', '2018-10-02', 'white', 0, 'M', '', '', '', '', '', '', 1, 0, 1, 0, 0, NULL, NULL),
	(247, 'Aurélien', 'APPÉRÉ', '0001-01-01', '2018-10-05', 'white', 0, 'M', '', '', 'aurelien.appere@gmail.com', '', '30 Avenue Marinville, Saint-Maur-des-Fossés, 94100, FR ', '', 0, 0, 1, 0, 0, 1, NULL),
	(248, 'Thomas', 'PAYET', '2020-01-13', '2018-10-05', 'white', 0, 'M', '', '', 'thomassamuelpayet@outlook.fr', '', '8 rue cure carreau, Nogent sur marne, 94130', '', 0, 0, 1, 0, 0, NULL, NULL),
	(249, 'Kamal', 'BOUMOUR', '0001-01-01', '2018-10-05', 'white', 0, 'M', '', '', 'kamal.boumour@gmail.com', '', '46 rue d\'Aguesseau, Boulogne-Billancourt, 92100', '', 0, 0, 1, 0, 0, 1, NULL),
	(250, 'Roman', 'BONATON', '2019-10-05', '2018-10-05', 'purple', 0, 'M', '', '', 'romanbonaton@gmail.com', '', '22 rue du général de gaulle 78780 Maurecourt ', '', 0, 0, 1, 0, 0, NULL, NULL),
	(251, 'Alexandre', 'CHAUSSET', '2019-09-01', '2018-10-05', 'white', 0, 'M', '', '', '', '', '', '', 0, 0, 0, 0, 0, NULL, NULL),
	(252, 'Clara', 'DESHAYES', '2019-10-08', '2018-10-08', 'white', 0, 'M', '', '', '', '', '', '', 1, 0, 1, 0, 0, NULL, NULL),
	(253, 'Mohamed', 'ABDULKARIMOV', '2019-01-08', '2018-10-08', 'white', 0, 'M', '', '', '', '', '', '', 1, 0, 0, 0, 0, NULL, NULL),
	(254, 'Isaura', 'BOURGEOIS', '2019-10-08', '2018-10-08', 'white', 1, 'M', 'tarif enfant elle a 17 ans', '', 'isaura.bourgeois@gmail.com', '', '', '', 0, 0, 1, 0, 0, NULL, NULL),
	(255, 'Xavier', 'BARROUX', '2019-10-10', '2018-10-10', 'black', 0, 'M', '', '', '', '', '', '', 0, 0, 0, 1, 0, NULL, NULL),
	(256, 'Charles', 'SUN', '2019-10-10', '2018-10-10', 'white', 0, 'M', '1 vendredi sur 2 à 13h15', '', 'csun02@gmail.com', '0647612034', '172 RUE DU TEMPLE 75003 PARIS ', '', 0, 0, 1, 0, 0, NULL, 5),
	(257, 'Julien', 'BREIT', '0001-01-01', '2018-10-11', 'white', 0, 'M', '1 jeudi sur 2 à 14h15', '', 'breitjul@gmail.com', '0676695027', '62 rue de Fontenay , Vincennes , 94300', '', 0, 0, 1, 0, 0, 1, 8),
	(258, 'Marvin', 'BERREMBOU', '0001-01-01', '2018-10-11', 'white', 0, 'M', '', '', 'berrembou@yahoo.fr', '', '', '', 0, 0, 1, 0, 0, 1, NULL),
	(259, 'Cedric', 'MAUFROY', '0001-01-01', '2018-10-12', 'purple', 0, 'M', '', '', 'maufroycedric@hotmail.com', '', '', '', 0, 0, 1, 0, 0, 2, NULL),
	(260, 'Antonio', 'BLANCO', '0001-01-01', '2018-10-13', 'white', 1, 'M', '', '', 'bitonio@sfr.fr', '0626184835', '10 rue lacharriere, paris, 75011', '', 0, 0, 1, 0, 0, 1, 11),
	(261, 'Florian', 'LETELLIER', '2019-10-13', '2018-10-13', 'white', 0, 'M', '', '', '', '', '', '', 1, 0, 1, 0, 0, NULL, NULL),
	(262, 'Jean', 'MALARD', '2019-10-13', '2018-10-13', 'white', 0, 'M', '', '', '', '', '', '', 1, 0, 1, 0, 0, NULL, NULL),
	(263, 'Matthew', 'DOERKSEN', '0001-01-01', '2018-10-14', 'blue', 0, 'M', '1 jeudi sur 2 à 15h', '', 'matthewdoerksen@gmail.com ', '0762560085', '41 Rue Dauphine, 3G, Paris, 75006', '', 0, 0, 1, 0, 0, 1, 8),
	(264, 'Fanny', 'BOYER', '0001-01-01', '2018-10-14', 'white', 0, 'M', '', 'Fliquette apparement', 'fannouboyer@hotmail.fr', '', '8 rue de la Poste , Saint Maur Des Fossés', '', 0, 0, 1, 0, 0, 1, NULL),
	(265, 'Mickaël', 'FELTEN', '0001-01-01', '2018-10-16', 'purple', 0, 'M', '', '', 'felten.mickael@orange.fr', '', '4 rue Auguste Blanqui, bagnolet', '', 0, 0, 1, 0, 0, 1, NULL),
	(266, 'Olivier', 'PLAZAS', '0001-01-01', '2018-10-16', 'white', 0, 'M', '', '', 'olivierplazas@gmail.com', '', '', '', 0, 0, 1, 0, 0, 1, NULL),
	(267, 'Axel', 'LARIDON', '0001-01-01', '2018-10-17', 'white', 0, 'M', '', '', 'laridon_axel@yahoo.fr', '', '', '', 0, 0, 1, 0, 0, 1, NULL),
	(268, 'Julien', 'LAVERDURE', '0001-01-01', '2018-10-22', 'white', 0, 'M', '', '', 'laverdureju@gmail.com', '', '132 ter boulevard Aristide Briand, CHAMPIGNY SUR MARNE, 94500', '', 0, 0, 1, 0, 0, 1, NULL),
	(269, 'Loreto', 'TULLIO', '2019-10-22', '2018-10-22', 'white', 0, 'M', '', 'pizzaiolo', 'tullio.loreto@yahoo.com', '', '58 sentier des frettes 94230 cachan', '', 0, 0, 1, 0, 0, NULL, NULL),
	(270, 'Aly', 'SALAMÉ', '0001-01-01', '2018-10-25', 'white', 0, 'M', '', '', 'aly-9@hotmail.fr', '', '25 avenue des murs du parc vincennes , Vincennes', '', 0, 0, 1, 0, 0, 2, NULL),
	(271, 'Thomas', 'ROYERE', '2019-10-27', '2018-10-27', 'white', 0, 'M', '', '', 'thomas.royere@wanadoo.fr', '', '', '', 0, 0, 0, 0, 0, NULL, NULL),
	(272, 'Gregoire', 'BARAT', '2019-10-28', '2018-10-28', 'white', 0, 'M', '', '', 'gregoirebarat@gmail.com', '', '6 SENTIER DES SUREAUX 93100 MONTREUIL ', '', 0, 0, 1, 0, 0, NULL, NULL),
	(273, 'Jocelyn', 'CASSAND', '0001-01-01', '2018-10-29', 'blue', 0, 'M', '', '', 'docjoce11@gmail.com', '', '03 Cours Sainte Marthe, THIAIS, 94320', '', 0, 0, 1, 0, 0, 1, NULL),
	(274, 'David', 'ALLIEL', '0001-01-01', '2018-10-29', 'white', 0, 'M', '', '', 'allielyehouda@gmail.com', '', '59 rue Pierre voyant , 59 rue Pierre voyant , VIleurbanne', '', 0, 0, 1, 0, 0, 1, NULL),
	(275, 'Anthar', 'BLIZAK', '2019-10-31', '2018-10-31', 'white', 0, 'M', '', '', 'Anthar@hotmail.fr', '', '49ter Boulevard Davout 75020 Paris ', '', 0, 0, 1, 0, 0, NULL, NULL),
	(276, 'Clement', 'DUCOL', '2019-10-31', '2018-10-31', 'white', 0, 'M', '', '', 'clement.ducol@gmail.com', '', '82 AVENUE FOCH 94120 FONTENAY-SOUS-BOIS ', '', 0, 0, 1, 0, 0, NULL, NULL),
	(277, 'Marius', 'DUCOL', '2019-10-31', '2018-10-31', 'white', 0, 'M', '', '', 'clement.ducol@gmail.com', '', '', '', 1, 0, 1, 0, 0, NULL, NULL),
	(278, 'Claudia', 'HULBERT', '0001-01-01', '2018-11-03', 'white', 0, 'M', '', '', 'claudia.hulbert@gmail.com', '', '4 rue du general de Larminat, Paris, 75015', '', 0, 0, 1, 0, 0, 1, NULL),
	(279, 'Thomas', 'CHARLES', '0001-01-01', '2018-11-03', 'purple', 0, 'M', '', '', 'thomaspomme@gmail.com', '', '29 Avenue Gabriel Péri, Montreuil, 93100', '', 0, 0, 1, 0, 0, 1, NULL),
	(280, 'Vincent', 'FASOLI', '0001-01-01', '2018-11-03', 'white', 2, 'M', '', '', 'vincent.fasoli@gmail.com', '', '22 bis rue de la réunion, Paris, 75020', '', 0, 0, 1, 0, 0, 1, NULL),
	(281, 'Manon', 'BERIOT', '2019-11-03', '2018-11-03', 'white', 0, 'M', '', '', 'manon.beriot@gmail.com', '', '8 villa de la tourelle 93100 Montreuil', '', 0, 0, 1, 0, 0, NULL, NULL),
	(282, 'Dihere', 'GOUMANE', '0001-01-01', '2018-11-04', 'white', 0, 'M', '', '', 'diheregoumane@yahoo.fr', '', '27 rue André Tessier, Fontenay sous bois, 94120', '', 0, 0, 1, 0, 0, 1, NULL),
	(283, 'Guillaume', 'LE BOLLOCH', '2019-11-05', '2018-11-05', 'white', 0, 'M', 'double discipline prise en route', '', '', '', '', '', 0, 0, 1, 0, 0, NULL, NULL),
	(284, 'Mustapha', 'AMARA', '2019-11-06', '2018-11-06', 'white', 0, 'M', 'tarif special que libre + ceinture noire', '', '', '', '', '', 0, 0, 1, 0, 0, NULL, NULL),
	(285, 'Mike', 'ALFREDO', '0001-01-01', '2018-11-13', 'blue', 0, 'M', 'Vrai prenom Gina', '', 'alfredo-gina@outlook.fr', '', '10 rue Edmond michelet, Villemomble, 93250', '', 0, 0, 1, 0, 0, 1, NULL),
	(286, 'Antoine', 'CUZARD', '0001-01-01', '2018-11-15', 'white', 0, 'M', '', '', 'antoine.cuzard@gmail.com', '', '4-6 rue du Lieutenant Quennehen, Vincennes', '', 0, 0, 1, 0, 0, 1, NULL),
	(287, 'Eddy', 'MICHELET', '0001-01-01', '2018-11-15', 'white', 0, 'M', '', '', 'jean.marcel.michelet@gmail.com ', '', '2 rue de la maison neuve, Maison-Lafitte', '', 0, 0, 1, 0, 0, 1, NULL),
	(288, 'Hamoudi', 'DIAF', '2019-11-15', '2018-11-15', 'white', 0, 'M', '2 disciplines', '', '', '', '', '', 0, 0, 1, 0, 0, NULL, NULL),
	(289, 'Gerard', 'LINCERTIN', '0001-01-01', '2018-11-20', 'white', 0, 'M', '', '', 'gerard.lincertin@gmail.com', '', '', '', 0, 0, 1, 0, 0, 1, NULL),
	(290, 'Frero', 'LOKIEC', '2019-09-16', '2018-11-22', 'white', 0, 'M', '', '', '', '', '', '', 0, 0, 1, 0, 0, NULL, NULL),
	(291, 'Florian', 'GALLIOU', '2018-12-23', '2018-11-23', 'white', 0, 'M', '', '', 'florian.galliou22@orange.fr', '', '', '', 0, 0, 0, 0, 0, NULL, NULL),
	(292, 'Laurent', 'BELHASSEN', '0001-01-01', '2018-12-03', 'brown', 0, 'M', '', '', 'laurent.belhassen@orange.fr', '', '', '', 0, 0, 1, 0, 0, 2, NULL),
	(293, 'Jerome', 'RECULARD', '2019-12-03', '2018-12-03', 'white', 0, 'M', '', '', '', '', '', '', 0, 0, 0, 0, 0, NULL, NULL),
	(294, 'Sebastien', 'BOUIMBA', '2019-12-05', '2018-12-05', 'purple', 0, 'M', '1 vendredi sur 2 à 11h15', '', 'sebastien.bouimba@hotmail.fr', '0626591898', '', '', 0, 0, 1, 0, 0, NULL, 8),
	(295, 'Remy', 'BARDEY', '2019-12-06', '2018-12-06', 'white', 0, 'M', 'Judoka seulement le lundi soir', '', '', '', '', '', 0, 0, 1, 0, 0, NULL, NULL),
	(296, 'Serge', 'PEYRO', '2019-06-16', '2018-12-13', 'blue', 0, 'M', '', '', '', '', '', '', 0, 0, 1, 0, 0, NULL, NULL),
	(297, 'Nicolas', 'VIEL', '0001-01-01', '2018-12-18', 'white', 0, 'M', '', '', 'nicolas.viel@gmail.com ', '', '', '', 0, 0, 1, 0, 0, 1, NULL),
	(298, 'Julien', 'JUTEAU', '0001-01-01', '2018-12-18', 'purple', 0, 'M', '', '', 'soulja62@msn.com ', '', '17 Clos Perault, Athis-Mons, 91200', '', 0, 0, 1, 0, 0, 1, NULL),
	(299, 'Wilfried', 'BENOTMANE', '2019-12-20', '2018-12-20', 'white', 0, 'M', '2 disciplines', '', 'wilfried.benotmane@gmail.com', '', '', '', 0, 0, 1, 0, 0, NULL, NULL),
	(300, 'Lyes', 'BOUSSOUF', '0001-01-01', '2018-12-28', 'purple', 0, 'M', '', '', 'contact@netaudience.fr', '', '8 rue Christian Dewet, Paris, 75012', '', 0, 0, 1, 0, 0, 1, NULL),
	(301, 'Caroline', 'BREMBILLA', '2019-12-29', '2018-12-29', 'white', 0, 'M', '', '', 'superversal@gmail.com', '', '11 rue Taine 75012 Paris ', '', 0, 0, 0, 0, 0, NULL, NULL),
	(302, 'Alexia', 'ROUET-LEDUC', '2019-12-29', '2018-12-29', 'white', 0, 'M', '', '', 'alexiarouet.lc@gmail.com', '', '1 avenue Paul Déroulède 75015 Paris ', '', 0, 0, 0, 0, 0, NULL, NULL),
	(303, 'Jules Hervé', 'PINDY', '0001-01-01', '2018-12-31', 'white', 0, 'M', '', '', 'jhpindy@gmail.com', '', '43 rue du clos, Paris, 75020', '', 0, 0, 1, 0, 0, 1, NULL),
	(304, 'Cesar', 'TEMINE', '0001-01-01', '2019-01-02', 'white', 0, 'M', 'rajouter abo adulte', '', 'cesar.termine@gmail.com', '', '21 rue de la brèche aux loups, Paris, 75012', '', 0, 0, 1, 0, 0, 1, NULL),
	(305, 'Philippe', 'BLANCART', '0001-01-01', '2019-01-04', 'white', 0, 'M', '', '', 'pblancart@gmail.com', '0778414776', '', '', 0, 0, 1, 0, 0, 1, NULL),
	(306, 'Ahmed', 'SEKOURI', '0001-01-01', '2019-01-14', 'white', 0, 'M', '', '', 'ahmed_s89@hotmail.fr', '', '', '', 0, 0, 1, 0, 0, 1, NULL);
/*!40000 ALTER TABLE `MEMBERS` ENABLE KEYS */;

-- Export de la structure de la table CERCLE. MEMBERS_PAYMENTS
DROP TABLE IF EXISTS `MEMBERS_PAYMENTS`;
CREATE TABLE IF NOT EXISTS `MEMBERS_PAYMENTS` (
  `MemberID` int(11) NOT NULL,
  `PaymentID` int(11) NOT NULL,
  PRIMARY KEY (`MemberID`,`PaymentID`),
  KEY `FKPayment` (`PaymentID`),
  CONSTRAINT `FKMember` FOREIGN KEY (`MemberID`) REFERENCES `MEMBERS` (`ID`),
  CONSTRAINT `FKPayment` FOREIGN KEY (`PaymentID`) REFERENCES `PAYMENTS` (`ID`)
) ENGINE=InnoDB DEFAULT CHARSET=utf8;

-- Export de données de la table CERCLE.MEMBERS_PAYMENTS : ~770 rows (environ)
DELETE FROM `MEMBERS_PAYMENTS`;
/*!40000 ALTER TABLE `MEMBERS_PAYMENTS` DISABLE KEYS */;
INSERT INTO `MEMBERS_PAYMENTS` (`MemberID`, `PaymentID`) VALUES
	(114, 1068),
	(15, 1078),
	(15, 1079),
	(15, 1080),
	(104, 1082),
	(152, 1337),
	(82, 1381),
	(68, 1385),
	(147, 1503),
	(147, 1504),
	(164, 1604),
	(160, 1656),
	(160, 1657),
	(127, 1758),
	(51, 1759),
	(122, 1764),
	(7, 1836),
	(165, 1943),
	(165, 1944),
	(165, 1945),
	(193, 2014),
	(158, 2022),
	(158, 2023),
	(158, 2024),
	(43, 2041),
	(177, 2088),
	(177, 2089),
	(177, 2090),
	(176, 2210),
	(176, 2211),
	(176, 2212),
	(190, 2219),
	(163, 2220),
	(163, 2221),
	(184, 2257),
	(106, 2281),
	(103, 2315),
	(102, 2318),
	(102, 2319),
	(102, 2320),
	(102, 2321),
	(102, 2322),
	(183, 2332),
	(183, 2333),
	(183, 2334),
	(195, 2353),
	(195, 2354),
	(195, 2355),
	(196, 2416),
	(196, 2417),
	(109, 2429),
	(11, 2484),
	(11, 2485),
	(11, 2486),
	(11, 2487),
	(11, 2488),
	(11, 2489),
	(11, 2490),
	(11, 2491),
	(11, 2492),
	(212, 2559),
	(205, 2658),
	(192, 2732),
	(194, 2844),
	(194, 2845),
	(194, 2846),
	(194, 2847),
	(37, 2848),
	(37, 2849),
	(37, 2850),
	(173, 2885),
	(173, 2886),
	(175, 2890),
	(175, 2891),
	(175, 2892),
	(175, 2893),
	(175, 2894),
	(66, 2905),
	(66, 2906),
	(180, 2934),
	(168, 2945),
	(146, 2958),
	(197, 2975),
	(231, 2987),
	(155, 3004),
	(8, 3031),
	(241, 3049),
	(245, 3179),
	(206, 3191),
	(206, 3192),
	(87, 3193),
	(87, 3194),
	(121, 3360),
	(121, 3361),
	(178, 3362),
	(178, 3363),
	(178, 3364),
	(178, 3365),
	(250, 3369),
	(251, 3385),
	(181, 3386),
	(181, 3387),
	(181, 3388),
	(181, 3389),
	(187, 3391),
	(39, 3398),
	(39, 3399),
	(34, 3406),
	(34, 3407),
	(34, 3408),
	(34, 3409),
	(224, 3440),
	(120, 3446),
	(86, 3447),
	(86, 3448),
	(86, 3449),
	(86, 3450),
	(172, 3453),
	(172, 3454),
	(123, 3473),
	(123, 3474),
	(170, 3485),
	(170, 3486),
	(170, 3487),
	(170, 3488),
	(33, 3500),
	(33, 3501),
	(33, 3502),
	(47, 3520),
	(47, 3521),
	(233, 3529),
	(20, 3536),
	(20, 3537),
	(20, 3538),
	(20, 3539),
	(13, 3540),
	(13, 3541),
	(261, 3542),
	(262, 3546),
	(88, 3547),
	(253, 3568),
	(9, 3574),
	(61, 3584),
	(61, 3585),
	(59, 3603),
	(59, 3604),
	(59, 3605),
	(26, 3612),
	(272, 3616),
	(49, 3620),
	(275, 3621),
	(276, 3626),
	(277, 3627),
	(12, 3628),
	(12, 3629),
	(12, 3630),
	(12, 3631),
	(12, 3632),
	(75, 3886),
	(75, 3887),
	(283, 3888),
	(99, 3917),
	(271, 3922),
	(204, 3931),
	(204, 3932),
	(32, 3935),
	(32, 3936),
	(80, 3957),
	(45, 3959),
	(45, 3960),
	(288, 3962),
	(70, 3965),
	(70, 3966),
	(70, 3967),
	(70, 3968),
	(6, 3969),
	(6, 3970),
	(6, 3971),
	(22, 3974),
	(22, 3975),
	(84, 3977),
	(84, 3978),
	(84, 3979),
	(291, 3980),
	(58, 3982),
	(83, 3991),
	(174, 4014),
	(174, 4015),
	(38, 4016),
	(38, 4017),
	(38, 4018),
	(38, 4019),
	(38, 4020),
	(252, 4021),
	(252, 4022),
	(252, 4023),
	(150, 4024),
	(150, 4025),
	(150, 4026),
	(150, 4027),
	(76, 4033),
	(19, 4035),
	(293, 4036),
	(295, 4037),
	(27, 4038),
	(284, 4375),
	(284, 4376),
	(284, 4377),
	(296, 4386),
	(85, 4387),
	(85, 4388),
	(85, 4389),
	(85, 4390),
	(50, 4399),
	(50, 4400),
	(50, 4401),
	(50, 4402),
	(3, 4403),
	(3, 4404),
	(79, 4408),
	(79, 4409),
	(79, 4410),
	(79, 4411),
	(79, 4412),
	(299, 4413),
	(23, 4416),
	(23, 4417),
	(25, 4418),
	(25, 4419),
	(25, 4420),
	(25, 4421),
	(115, 4424),
	(115, 4425),
	(46, 4428),
	(301, 4462),
	(90, 4463),
	(90, 4464),
	(90, 4465),
	(90, 4466),
	(90, 4467),
	(302, 4468),
	(124, 4469),
	(256, 4470),
	(78, 4479),
	(179, 4496),
	(179, 4497),
	(148, 4511),
	(148, 4512),
	(142, 4518),
	(107, 4523),
	(107, 4524),
	(36, 4527),
	(36, 4528),
	(44, 4543),
	(44, 4544),
	(44, 4545),
	(108, 4546),
	(108, 4547),
	(48, 4554),
	(48, 4555),
	(52, 4556),
	(52, 4557),
	(52, 4558),
	(100, 4559),
	(100, 4560),
	(57, 4564),
	(57, 4565),
	(54, 4568),
	(54, 4569),
	(54, 4570),
	(54, 4571),
	(54, 4572),
	(54, 4573),
	(54, 4574),
	(54, 4575),
	(54, 4576),
	(56, 4577),
	(56, 4578),
	(63, 4579),
	(63, 4580),
	(64, 4599),
	(64, 4600),
	(65, 4609),
	(65, 4610),
	(113, 4614),
	(113, 4615),
	(113, 4616),
	(77, 4623),
	(77, 4624),
	(81, 4628),
	(81, 4629),
	(81, 4630),
	(81, 4631),
	(81, 4632),
	(81, 4633),
	(89, 4634),
	(89, 4635),
	(92, 4656),
	(92, 4657),
	(92, 4658),
	(125, 4659),
	(125, 4660),
	(53, 4679),
	(53, 4680),
	(53, 4681),
	(53, 4682),
	(53, 4683),
	(53, 4684),
	(67, 4685),
	(67, 4686),
	(67, 4687),
	(67, 4688),
	(67, 4689),
	(67, 4690),
	(157, 4691),
	(157, 4692),
	(157, 4693),
	(157, 4694),
	(157, 4695),
	(157, 4696),
	(157, 4697),
	(149, 4698),
	(149, 4699),
	(138, 4700),
	(138, 4701),
	(138, 4702),
	(138, 4703),
	(138, 4704),
	(137, 4705),
	(137, 4706),
	(137, 4707),
	(137, 4708),
	(137, 4709),
	(281, 4710),
	(281, 4711),
	(281, 4712),
	(281, 4713),
	(254, 4714),
	(166, 4734),
	(166, 4735),
	(235, 4736),
	(235, 4737),
	(235, 4738),
	(203, 5672),
	(203, 5673),
	(203, 5674),
	(203, 5675),
	(203, 5676),
	(203, 5677),
	(203, 5678),
	(222, 5679),
	(222, 5680),
	(222, 5681),
	(222, 5682),
	(285, 5683),
	(285, 5684),
	(274, 5685),
	(274, 5686),
	(274, 5687),
	(162, 5688),
	(162, 5689),
	(162, 5690),
	(162, 5691),
	(162, 5692),
	(162, 5693),
	(162, 5694),
	(162, 5695),
	(162, 5696),
	(162, 5697),
	(247, 5698),
	(247, 5699),
	(2, 5700),
	(2, 5701),
	(2, 5702),
	(2, 5703),
	(4, 5704),
	(4, 5705),
	(4, 5706),
	(4, 5707),
	(4, 5708),
	(4, 5709),
	(4, 5710),
	(220, 5711),
	(220, 5712),
	(220, 5713),
	(220, 5714),
	(292, 5715),
	(208, 5716),
	(208, 5717),
	(208, 5718),
	(208, 5719),
	(208, 5720),
	(208, 5721),
	(258, 5722),
	(258, 5723),
	(258, 5724),
	(10, 5725),
	(10, 5726),
	(10, 5727),
	(10, 5728),
	(10, 5729),
	(10, 5730),
	(10, 5731),
	(10, 5732),
	(232, 5733),
	(232, 5734),
	(232, 5735),
	(232, 5736),
	(101, 5740),
	(101, 5741),
	(101, 5742),
	(101, 5743),
	(101, 5744),
	(101, 5745),
	(101, 5746),
	(101, 5747),
	(101, 5748),
	(101, 5749),
	(101, 5750),
	(101, 5751),
	(236, 5752),
	(236, 5753),
	(236, 5754),
	(236, 5755),
	(249, 5756),
	(249, 5757),
	(249, 5758),
	(239, 5759),
	(239, 5760),
	(239, 5761),
	(239, 5762),
	(300, 5763),
	(264, 5764),
	(264, 5765),
	(264, 5766),
	(257, 5767),
	(257, 5768),
	(257, 5769),
	(16, 5770),
	(16, 5771),
	(16, 5772),
	(199, 5773),
	(199, 5774),
	(199, 5775),
	(199, 5776),
	(199, 5777),
	(199, 5778),
	(199, 5779),
	(199, 5780),
	(273, 5781),
	(273, 5782),
	(273, 5783),
	(17, 5784),
	(17, 5785),
	(17, 5786),
	(17, 5787),
	(17, 5788),
	(230, 5789),
	(230, 5790),
	(230, 5791),
	(230, 5792),
	(211, 5793),
	(211, 5794),
	(211, 5795),
	(211, 5796),
	(211, 5797),
	(211, 5798),
	(215, 5799),
	(215, 5800),
	(215, 5801),
	(215, 5802),
	(279, 5803),
	(279, 5804),
	(21, 5805),
	(21, 5806),
	(21, 5807),
	(21, 5808),
	(21, 5809),
	(169, 5810),
	(169, 5811),
	(169, 5812),
	(169, 5813),
	(169, 5814),
	(169, 5815),
	(105, 5816),
	(105, 5817),
	(105, 5818),
	(105, 5819),
	(105, 5820),
	(286, 5821),
	(286, 5822),
	(126, 5823),
	(126, 5824),
	(126, 5825),
	(126, 5826),
	(126, 5827),
	(240, 5828),
	(240, 5829),
	(240, 5830),
	(240, 5831),
	(234, 5832),
	(234, 5833),
	(234, 5834),
	(234, 5835),
	(263, 5836),
	(263, 5837),
	(263, 5838),
	(153, 5839),
	(153, 5840),
	(153, 5841),
	(153, 5842),
	(153, 5843),
	(28, 5844),
	(28, 5845),
	(28, 5846),
	(28, 5847),
	(28, 5848),
	(31, 5849),
	(31, 5850),
	(31, 5851),
	(31, 5852),
	(31, 5853),
	(31, 5854),
	(280, 5855),
	(280, 5856),
	(280, 5857),
	(265, 5858),
	(265, 5859),
	(265, 5860),
	(210, 5861),
	(210, 5862),
	(210, 5863),
	(210, 5864),
	(210, 5865),
	(210, 5866),
	(42, 5875),
	(42, 5876),
	(42, 5877),
	(42, 5878),
	(42, 5879),
	(42, 5880),
	(42, 5881),
	(42, 5882),
	(144, 5883),
	(144, 5884),
	(144, 5885),
	(144, 5886),
	(144, 5887),
	(282, 5888),
	(282, 5889),
	(171, 5890),
	(171, 5891),
	(171, 5892),
	(112, 5893),
	(112, 5894),
	(112, 5895),
	(112, 5896),
	(112, 5897),
	(112, 5898),
	(226, 5899),
	(226, 5900),
	(226, 5901),
	(226, 5902),
	(156, 5903),
	(156, 5904),
	(156, 5905),
	(156, 5906),
	(156, 5907),
	(156, 5908),
	(156, 5909),
	(278, 5910),
	(278, 5911),
	(218, 5912),
	(218, 5913),
	(218, 5914),
	(218, 5915),
	(298, 5916),
	(267, 5917),
	(267, 5918),
	(267, 5919),
	(268, 5920),
	(268, 5921),
	(268, 5922),
	(55, 5923),
	(55, 5924),
	(55, 5925),
	(227, 5926),
	(227, 5927),
	(227, 5928),
	(227, 5929),
	(289, 5930),
	(289, 5931),
	(216, 5932),
	(216, 5933),
	(216, 5934),
	(216, 5935),
	(198, 5936),
	(198, 5937),
	(198, 5938),
	(198, 5939),
	(198, 5940),
	(198, 5941),
	(198, 5942),
	(198, 5943),
	(198, 5944),
	(110, 5945),
	(110, 5946),
	(110, 5947),
	(110, 5948),
	(110, 5949),
	(110, 5950),
	(110, 5951),
	(110, 5952),
	(110, 5953),
	(110, 5954),
	(110, 5955),
	(200, 5956),
	(200, 5957),
	(200, 5958),
	(200, 5959),
	(200, 5960),
	(200, 5961),
	(200, 5962),
	(200, 5963),
	(259, 5964),
	(259, 5965),
	(259, 5966),
	(111, 5967),
	(111, 5968),
	(111, 5969),
	(111, 5970),
	(111, 5971),
	(111, 5972),
	(111, 5973),
	(111, 5974),
	(111, 5975),
	(287, 5976),
	(287, 5977),
	(217, 5978),
	(217, 5979),
	(217, 5980),
	(217, 5981),
	(237, 5982),
	(238, 5983),
	(238, 5984),
	(238, 5985),
	(238, 5986),
	(201, 5987),
	(201, 5988),
	(201, 5989),
	(201, 5990),
	(201, 5991),
	(201, 5992),
	(201, 5993),
	(167, 5994),
	(167, 5995),
	(167, 5996),
	(167, 5997),
	(167, 5998),
	(167, 5999),
	(167, 6000),
	(167, 6001),
	(167, 6002),
	(69, 6003),
	(69, 6004),
	(69, 6005),
	(69, 6006),
	(69, 6007),
	(69, 6008),
	(69, 6009),
	(74, 6013),
	(74, 6014),
	(74, 6015),
	(74, 6016),
	(74, 6017),
	(74, 6018),
	(214, 6019),
	(214, 6020),
	(214, 6021),
	(214, 6022),
	(214, 6023),
	(303, 6024),
	(219, 6025),
	(219, 6026),
	(219, 6027),
	(219, 6028),
	(266, 6029),
	(266, 6030),
	(266, 6031),
	(24, 6032),
	(24, 6033),
	(24, 6034),
	(24, 6035),
	(24, 6036),
	(24, 6037),
	(24, 6038),
	(24, 6039),
	(24, 6040),
	(24, 6041),
	(229, 6042),
	(229, 6043),
	(229, 6044),
	(229, 6045),
	(270, 6046),
	(270, 6047),
	(270, 6048),
	(228, 6049),
	(228, 6050),
	(228, 6051),
	(228, 6052),
	(73, 6053),
	(73, 6054),
	(73, 6055),
	(73, 6056),
	(73, 6057),
	(73, 6058),
	(73, 6059),
	(73, 6060),
	(73, 6061),
	(297, 6062),
	(116, 6063),
	(116, 6064),
	(116, 6065),
	(116, 6066),
	(116, 6067),
	(116, 6068),
	(116, 6069),
	(116, 6070),
	(116, 6071),
	(91, 6072),
	(91, 6073),
	(91, 6074),
	(91, 6075),
	(91, 6076),
	(91, 6077),
	(91, 6078),
	(91, 6079),
	(91, 6080),
	(91, 6081),
	(91, 6082),
	(91, 6083),
	(91, 6084),
	(159, 6085),
	(18, 6086),
	(18, 6087),
	(18, 6088),
	(62, 6089),
	(62, 6090),
	(62, 6091),
	(260, 6092),
	(260, 6093),
	(260, 6094),
	(1, 6095),
	(1, 6096),
	(1, 6097),
	(1, 6098),
	(1, 6099),
	(1, 6100),
	(1, 6101),
	(1, 6102),
	(182, 6103),
	(248, 6104),
	(248, 6105),
	(248, 6106),
	(136, 6107),
	(29, 6108),
	(29, 6109),
	(154, 6110),
	(154, 6111),
	(154, 6112);
/*!40000 ALTER TABLE `MEMBERS_PAYMENTS` ENABLE KEYS */;

-- Export de la structure de la table CERCLE. MEMBERS_STATUS
DROP TABLE IF EXISTS `MEMBERS_STATUS`;
CREATE TABLE IF NOT EXISTS `MEMBERS_STATUS` (
  `MemberID` int(11) DEFAULT NULL,
  `Active` tinyint(4) DEFAULT NULL,
  `Date` date DEFAULT NULL,
  `Current` tinyint(4) DEFAULT NULL,
  KEY `FK_MEMBERS2` (`MemberID`),
  CONSTRAINT `FK_MEMBERS2` FOREIGN KEY (`MemberID`) REFERENCES `MEMBERS` (`ID`)
) ENGINE=InnoDB DEFAULT CHARSET=utf8;

-- Export de données de la table CERCLE.MEMBERS_STATUS : ~347 rows (environ)
DELETE FROM `MEMBERS_STATUS`;
/*!40000 ALTER TABLE `MEMBERS_STATUS` DISABLE KEYS */;
INSERT INTO `MEMBERS_STATUS` (`MemberID`, `Active`, `Date`, `Current`) VALUES
	(21, 1, '2017-09-25', 1),
	(85, 1, '2017-10-20', 0),
	(181, 1, '2018-02-08', 1),
	(23, 1, '2017-10-10', 1),
	(164, 1, '2017-12-19', 1),
	(139, 1, '2017-12-18', 1),
	(69, 1, '2017-09-25', 1),
	(123, 1, '2017-11-09', 0),
	(116, 1, '2017-05-10', 1),
	(87, 1, '2017-10-02', 1),
	(102, 1, '2017-05-10', 0),
	(82, 0, '2017-09-14', 1),
	(58, 1, '2017-09-18', 1),
	(88, 1, '2017-09-21', 0),
	(52, 1, '2017-06-08', 1),
	(104, 0, '2017-05-10', 1),
	(20, 1, '2017-09-05', 1),
	(39, 1, '2017-09-25', 0),
	(143, 0, '2017-05-01', 1),
	(33, 1, '2017-10-05', 1),
	(54, 1, '2017-09-05', 1),
	(74, 1, '2017-09-14', 1),
	(61, 1, '2017-09-28', 1),
	(184, 1, '2018-02-08', 0),
	(26, 1, '2017-09-05', 0),
	(86, 1, '2017-05-10', 0),
	(145, 0, '2017-05-01', 1),
	(16, 1, '2017-10-05', 1),
	(22, 1, '2017-09-14', 0),
	(180, 1, '2018-01-25', 1),
	(105, 1, '2017-07-11', 0),
	(162, 1, '2017-12-12', 0),
	(153, 1, '2017-11-30', 1),
	(1, 1, '2017-09-14', 1),
	(114, 0, '2017-06-01', 1),
	(148, 1, '2017-11-30', 1),
	(127, 0, '2017-12-09', 1),
	(8, 1, '2017-09-15', 1),
	(64, 1, '2017-10-16', 1),
	(166, 1, '2017-12-28', 1),
	(79, 1, '2017-09-25', 0),
	(157, 1, '2017-12-07', 1),
	(48, 1, '2017-10-05', 1),
	(4, 1, '2017-09-18', 1),
	(73, 1, '2017-09-21', 1),
	(31, 1, '2017-09-14', 1),
	(131, 1, '2017-05-01', 1),
	(28, 1, '2017-09-07', 1),
	(11, 1, '2017-05-10', 1),
	(167, 1, '2018-01-03', 1),
	(36, 1, '2017-09-15', 1),
	(168, 1, '2018-01-04', 1),
	(65, 1, '2017-09-07', 1),
	(129, 1, '2017-05-01', 0),
	(77, 1, '2017-09-25', 1),
	(178, 1, '2018-01-25', 1),
	(100, 1, '2017-06-28', 1),
	(6, 1, '2017-10-02', 0),
	(13, 1, '2017-06-01', 0),
	(57, 1, '2017-09-27', 1),
	(109, 1, '2017-06-01', 0),
	(90, 1, '2017-10-16', 0),
	(108, 1, '2017-05-10', 1),
	(160, 1, '2017-12-07', 1),
	(177, 1, '2018-01-25', 1),
	(124, 1, '2017-11-09', 0),
	(156, 0, '2018-01-07', 0),
	(37, 1, '2017-09-28', 1),
	(136, 1, '2017-11-15', 0),
	(101, 1, '2017-06-08', 1),
	(75, 1, '2017-10-16', 1),
	(106, 1, '2017-05-10', 0),
	(111, 1, '2017-05-10', 1),
	(7, 0, '2017-09-05', 1),
	(55, 1, '2017-09-18', 1),
	(107, 1, '2017-07-18', 1),
	(154, 1, '2017-11-30', 0),
	(46, 1, '2017-10-10', 0),
	(12, 1, '2017-09-15', 0),
	(137, 1, '2017-11-15', 1),
	(42, 1, '2017-09-28', 1),
	(172, 1, '2018-01-09', 1),
	(110, 0, '2017-05-10', 0),
	(9, 1, '2017-09-28', 0),
	(165, 1, '2017-12-19', 1),
	(173, 1, '2018-01-09', 1),
	(27, 1, '2017-10-20', 0),
	(103, 1, '2017-05-10', 0),
	(34, 1, '2017-09-12', 1),
	(144, 0, '2017-05-01', 0),
	(63, 1, '2017-09-19', 1),
	(126, 1, '2017-11-09', 1),
	(44, 1, '2017-07-18', 1),
	(132, 1, '2017-05-01', 1),
	(163, 1, '2017-12-19', 0),
	(80, 1, '2017-09-21', 0),
	(175, 1, '2018-01-24', 1),
	(138, 1, '2017-11-15', 1),
	(32, 1, '2017-09-21', 0),
	(176, 1, '2018-01-25', 1),
	(76, 1, '2017-10-05', 0),
	(115, 1, '2017-05-10', 0),
	(112, 1, '2017-06-01', 1),
	(50, 1, '2017-10-05', 0),
	(81, 1, '2017-09-14', 1),
	(99, 1, '2017-09-19', 0),
	(146, 1, '2017-11-21', 1),
	(152, 1, '2017-11-30', 1),
	(67, 1, '2017-09-28', 1),
	(92, 1, '2017-09-18', 1),
	(68, 0, '2017-09-14', 1),
	(25, 1, '2017-09-28', 1),
	(47, 1, '2017-09-21', 1),
	(51, 0, '2017-11-20', 1),
	(125, 1, '2017-11-09', 0),
	(91, 1, '2017-05-10', 1),
	(19, 1, '2017-10-05', 0),
	(174, 1, '2018-01-24', 1),
	(2, 1, '2017-09-05', 1),
	(29, 1, '2017-09-05', 0),
	(171, 1, '2018-01-09', 0),
	(45, 1, '2017-10-05', 1),
	(24, 0, '2017-05-10', 0),
	(155, 1, '2017-12-04', 0),
	(159, 1, '2017-12-07', 1),
	(15, 0, '2017-09-14', 1),
	(113, 1, '2017-06-01', 1),
	(70, 1, '2017-09-21', 1),
	(17, 1, '2017-09-25', 1),
	(10, 1, '2017-09-12', 1),
	(179, 1, '2018-01-25', 1),
	(147, 1, '2017-11-21', 1),
	(183, 1, '2018-02-08', 1),
	(38, 1, '2017-07-11', 1),
	(120, 1, '2017-11-09', 0),
	(122, 0, '2017-12-09', 1),
	(169, 1, '2018-01-08', 0),
	(130, 1, '2017-05-01', 1),
	(66, 1, '2017-07-11', 1),
	(170, 1, '2018-01-08', 1),
	(142, 1, '2017-12-19', 1),
	(49, 1, '2017-09-12', 0),
	(83, 1, '2017-10-05', 0),
	(150, 1, '2017-11-30', 1),
	(128, 1, '2017-05-01', 1),
	(121, 1, '2017-11-09', 1),
	(18, 1, '2017-09-25', 1),
	(59, 1, '2017-09-07', 0),
	(182, 1, '2018-02-08', 1),
	(53, 1, '2017-09-25', 1),
	(78, 1, '2017-10-20', 0),
	(84, 1, '2017-09-21', 0),
	(62, 1, '2017-09-18', 1),
	(43, 1, '2017-09-07', 0),
	(89, 1, '2017-09-08', 1),
	(56, 1, '2017-09-07', 1),
	(149, 1, '2017-11-30', 1),
	(3, 1, '2017-10-17', 0),
	(158, 1, '2017-12-07', 1),
	(127, 1, '2017-11-09', 0),
	(51, 1, '2017-10-20', 0),
	(156, 1, '2017-12-07', 0),
	(122, 1, '2017-11-09', 0),
	(162, 0, '2018-02-10', 0),
	(162, 1, '2018-02-11', 1),
	(186, 1, '2018-02-10', 1),
	(187, 1, '2018-02-11', 1),
	(188, 0, '2018-02-19', 1),
	(189, 1, '2018-02-22', 1),
	(190, 1, '2018-02-24', 0),
	(191, 1, '2018-02-24', 1),
	(156, 1, '2018-03-06', 1),
	(192, 1, '2018-03-06', 1),
	(193, 1, '2018-03-06', 1),
	(110, 1, '2018-03-06', 1),
	(43, 0, '2018-03-11', 1),
	(194, 1, '2018-03-12', 1),
	(195, 1, '2018-03-12', 1),
	(196, 1, '2018-03-22', 1),
	(171, 0, '2018-04-06', 0),
	(190, 0, '2018-05-05', 1),
	(163, 0, '2018-05-05', 1),
	(197, 1, '2018-05-18', 1),
	(198, 1, '2018-05-18', 1),
	(184, 0, '2018-05-18', 1),
	(106, 0, '2018-05-21', 1),
	(199, 1, '2018-05-25', 1),
	(200, 1, '2018-05-26', 1),
	(103, 0, '2018-05-30', 1),
	(115, 0, '2018-05-30', 0),
	(102, 0, '2018-06-01', 1),
	(24, 1, '2018-06-11', 1),
	(201, 1, '2018-06-16', 1),
	(202, 1, '2018-06-19', 1),
	(203, 1, '2018-06-29', 1),
	(204, 1, '2018-07-03', 1),
	(205, 1, '2018-07-03', 0),
	(206, 1, '2018-07-03', 0),
	(109, 0, '2018-07-04', 1),
	(207, 0, '2018-07-05', 1),
	(144, 1, '2018-07-06', 1),
	(208, 1, '2018-07-11', 1),
	(209, 0, '2018-07-17', 1),
	(210, 1, '2018-07-17', 1),
	(211, 1, '2018-07-25', 1),
	(212, 1, '2018-08-20', 1),
	(213, 0, '2018-08-21', 1),
	(214, 1, '2018-08-29', 1),
	(215, 1, '2018-09-04', 1),
	(216, 1, '2018-09-05', 1),
	(217, 1, '2018-09-06', 1),
	(205, 0, '2018-09-06', 1),
	(206, 0, '2018-09-07', 0),
	(218, 1, '2018-09-09', 1),
	(219, 1, '2018-09-10', 1),
	(220, 1, '2018-09-10', 1),
	(222, 1, '2018-09-12', 1),
	(223, 1, '2018-09-14', 1),
	(224, 1, '2018-09-14', 1),
	(225, 1, '2018-09-14', 1),
	(226, 1, '2018-09-14', 1),
	(227, 1, '2018-09-14', 1),
	(228, 1, '2018-09-16', 1),
	(229, 1, '2018-09-16', 1),
	(230, 1, '2018-09-17', 1),
	(231, 1, '2018-09-18', 1),
	(232, 1, '2018-09-18', 1),
	(233, 1, '2018-09-19', 0),
	(234, 1, '2018-09-19', 1),
	(155, 0, '2018-09-20', 1),
	(235, 1, '2018-09-20', 0),
	(236, 1, '2018-09-21', 1),
	(237, 1, '2018-09-22', 1),
	(238, 1, '2018-09-23', 1),
	(169, 0, '2018-09-23', 0),
	(169, 1, '2018-09-23', 0),
	(169, 0, '2018-09-23', 0),
	(239, 1, '2018-09-24', 1),
	(240, 1, '2018-09-25', 1),
	(169, 1, '2018-09-27', 1),
	(241, 1, '2018-09-27', 1),
	(243, 1, '2018-09-29', 0),
	(243, 0, '2018-09-29', 1),
	(244, 0, '2018-09-30', 1),
	(245, 1, '2018-10-02', 1),
	(206, 1, '2018-10-04', 1),
	(247, 1, '2018-10-05', 1),
	(248, 1, '2018-10-05', 0),
	(249, 1, '2018-10-05', 1),
	(250, 1, '2018-10-05', 1),
	(251, 0, '2018-10-05', 1),
	(39, 0, '2018-10-07', 1),
	(120, 0, '2018-10-07', 1),
	(86, 0, '2018-10-07', 1),
	(123, 0, '2018-10-07', 1),
	(252, 1, '2018-10-08', 1),
	(253, 1, '2018-10-08', 1),
	(254, 1, '2018-10-08', 1),
	(255, 0, '2018-10-10', 1),
	(256, 1, '2018-10-10', 1),
	(233, 0, '2018-10-10', 1),
	(257, 1, '2018-10-11', 1),
	(258, 1, '2018-10-11', 1),
	(259, 1, '2018-10-12', 1),
	(260, 1, '2018-10-13', 1),
	(13, 0, '2018-10-13', 1),
	(261, 1, '2018-10-13', 1),
	(262, 1, '2018-10-13', 1),
	(263, 1, '2018-10-14', 1),
	(264, 1, '2018-10-14', 1),
	(265, 1, '2018-10-16', 1),
	(88, 0, '2018-10-16', 1),
	(266, 1, '2018-10-16', 1),
	(267, 1, '2018-10-17', 1),
	(9, 0, '2018-10-17', 1),
	(105, 0, '2018-10-20', 0),
	(268, 1, '2018-10-22', 1),
	(269, 1, '2018-10-22', 1),
	(59, 0, '2018-10-24', 1),
	(26, 0, '2018-10-25', 1),
	(270, 1, '2018-10-25', 1),
	(271, 1, '2018-10-27', 1),
	(272, 1, '2018-10-28', 1),
	(273, 1, '2018-10-29', 1),
	(274, 1, '2018-10-29', 1),
	(105, 1, '2018-10-31', 1),
	(49, 0, '2018-10-31', 1),
	(129, 0, '2018-10-31', 1),
	(275, 1, '2018-10-31', 1),
	(276, 1, '2018-10-31', 1),
	(277, 1, '2018-10-31', 1),
	(278, 1, '2018-11-03', 1),
	(279, 1, '2018-11-03', 1),
	(280, 1, '2018-11-03', 1),
	(281, 1, '2018-11-03', 1),
	(12, 0, '2018-11-04', 1),
	(171, 1, '2018-11-04', 1),
	(282, 1, '2018-11-04', 1),
	(283, 1, '2018-11-05', 1),
	(284, 1, '2018-11-06', 1),
	(115, 1, '2018-11-07', 1),
	(99, 0, '2018-11-08', 1),
	(32, 0, '2018-11-13', 1),
	(285, 1, '2018-11-13', 1),
	(80, 0, '2018-11-15', 1),
	(286, 1, '2018-11-15', 1),
	(287, 1, '2018-11-15', 1),
	(288, 1, '2018-11-15', 1),
	(289, 1, '2018-11-20', 1),
	(6, 0, '2018-11-20', 1),
	(290, 1, '2018-11-22', 1),
	(22, 0, '2018-11-22', 1),
	(291, 1, '2018-11-23', 1),
	(84, 0, '2018-11-23', 1),
	(83, 0, '2018-12-01', 1),
	(76, 0, '2018-12-03', 1),
	(292, 1, '2018-12-03', 1),
	(293, 1, '2018-12-03', 1),
	(19, 0, '2018-12-03', 1),
	(294, 0, '2018-12-05', 1),
	(295, 1, '2018-12-06', 1),
	(27, 0, '2018-12-06', 1),
	(296, 1, '2018-12-13', 1),
	(85, 0, '2018-12-13', 1),
	(297, 1, '2018-12-18', 1),
	(50, 0, '2018-12-18', 1),
	(298, 1, '2018-12-18', 1),
	(3, 0, '2018-12-18', 1),
	(299, 1, '2018-12-20', 1),
	(79, 0, '2018-12-20', 1),
	(300, 1, '2018-12-28', 1),
	(46, 0, '2018-12-28', 1),
	(301, 1, '2018-12-29', 1),
	(90, 0, '2018-12-29', 1),
	(302, 1, '2018-12-29', 1),
	(124, 0, '2018-12-29', 1),
	(303, 1, '2018-12-31', 1),
	(78, 0, '2018-12-31', 1),
	(304, 1, '2019-01-02', 1),
	(125, 0, '2019-01-02', 1),
	(305, 1, '2019-01-04', 1),
	(235, 0, '2019-01-04', 1),
	(248, 0, '2019-01-13', 1),
	(136, 0, '2019-01-13', 1),
	(29, 0, '2019-01-13', 1),
	(306, 1, '2019-01-14', 1),
	(154, 0, '2019-01-14', 1);
/*!40000 ALTER TABLE `MEMBERS_STATUS` ENABLE KEYS */;

-- Export de la structure de la table CERCLE. PAYMENTS
DROP TABLE IF EXISTS `PAYMENTS`;
CREATE TABLE IF NOT EXISTS `PAYMENTS` (
  `ID` int(11) NOT NULL AUTO_INCREMENT,
  `Amount` decimal(10,2) DEFAULT NULL,
  `Type` enum('Cash','Check','Transfert','Prelev') DEFAULT NULL,
  `ReceptionDate` date DEFAULT NULL,
  `Name` varchar(200) DEFAULT NULL,
  `Debt` decimal(10,2) DEFAULT NULL,
  `Bank` enum('None','Academy','Perso','Coach') NOT NULL DEFAULT 'None',
  `DepotDate` date DEFAULT NULL,
  PRIMARY KEY (`ID`)
) ENGINE=InnoDB AUTO_INCREMENT=6113 DEFAULT CHARSET=utf8;

-- Export de données de la table CERCLE.PAYMENTS : ~770 rows (environ)
DELETE FROM `PAYMENTS`;
/*!40000 ALTER TABLE `PAYMENTS` DISABLE KEYS */;
INSERT INTO `PAYMENTS` (`ID`, `Amount`, `Type`, `ReceptionDate`, `Name`, `Debt`, `Bank`, `DepotDate`) VALUES
	(1068, 50.00, 'Cash', '2017-06-01', 'David THOMAS', 30.00, 'None', '2017-10-26'),
	(1078, 56.00, 'Check', '2017-09-14', 'Fabrice BUKASSA', 34.00, 'Academy', '2017-10-04'),
	(1079, 56.00, 'Check', '2017-09-14', 'Fabrice BUKASSA', 34.00, 'Academy', '2017-11-04'),
	(1080, 50.00, 'Cash', '2017-09-14', 'Fabrice BUKASSA', 0.00, 'None', '2017-10-27'),
	(1082, 80.00, 'Check', '2017-05-10', 'Aurianne CHARMET', 48.00, 'Academy', '2017-05-11'),
	(1337, 500.00, 'Check', '2017-11-30', 'Nicolas MALARD', 300.00, 'Academy', '2017-12-04'),
	(1381, 80.00, 'Cash', '2017-09-14', 'Andrei STRUTGNSHGG', 0.00, 'None', '2017-10-26'),
	(1385, 40.00, 'Cash', '2017-09-14', 'Noel ONIZKO', 0.00, 'None', '2017-10-26'),
	(1503, 125.00, 'Check', '2017-11-21', 'Sebastien LOPES', 75.00, 'Academy', '2017-12-04'),
	(1504, 125.00, 'Check', '2017-11-21', 'Sebastien LOPES', 75.00, 'Academy', '2018-01-03'),
	(1604, 250.00, 'Cash', '2017-12-19', 'aissa eddami', 0.00, 'None', '2017-12-19'),
	(1656, 200.00, 'Check', '2017-12-07', 'Hernan VASQUEZ MORA', 120.00, 'Perso', '2017-12-17'),
	(1657, 200.00, 'Check', '2017-12-07', 'Hernan VASQUEZ MORA', 120.00, 'Perso', '2018-02-02'),
	(1758, 70.00, 'Cash', '2017-11-09', 'Denis DAVIDKOV', 0.00, 'None', '2017-11-09'),
	(1759, 30.00, 'Cash', '2017-10-20', 'Olivier KAZ', 0.00, 'None', '2017-10-26'),
	(1764, 80.00, 'Check', '2017-11-09', 'Sofien ZAMITTI', 48.00, 'Academy', '2017-11-10'),
	(1836, 40.00, 'Cash', '2017-09-05', 'John BARFF', 0.00, 'None', '2017-10-26'),
	(1943, 150.00, 'Check', '2017-12-19', 'lothaire epee', 90.00, 'Academy', '2018-03-03'),
	(1944, 150.00, 'Check', '2017-12-19', 'lothaire epee', 90.00, 'Academy', '2018-02-05'),
	(1945, 200.00, 'Check', '2017-12-19', 'lothaire epee', 120.00, 'Academy', '2018-01-03'),
	(2014, 500.00, 'Check', '2018-03-06', 'kamel chaouche', 300.00, 'Perso', '2018-03-06'),
	(2022, 160.00, 'Check', '2017-12-07', 'zou thien du chabert', 96.00, 'Academy', '2017-12-07'),
	(2023, 170.00, 'Check', '2018-02-08', 'Zou THIEN DU CHABERT', 102.00, 'Coach', '2018-02-11'),
	(2024, 170.00, 'Check', '2018-02-08', 'Zou THIEN DU CHABERT', 102.00, 'Coach', '2018-03-07'),
	(2041, 125.00, 'Check', '2017-09-07', 'Yoann GOLESTIN', 75.00, 'Academy', '2017-10-04'),
	(2088, 150.00, 'Check', '2018-01-25', 'herve gaillard', 90.00, 'Perso', '2018-03-03'),
	(2089, 100.00, 'Check', '2018-01-25', 'herve gaillard', 60.00, 'Perso', '2018-03-31'),
	(2090, 100.00, 'Check', '2018-01-25', 'herve gaillard', 60.00, 'Perso', '2018-02-03'),
	(2210, 150.00, 'Check', '2018-01-25', 'mike latka', 90.00, 'Academy', '2018-04-03'),
	(2211, 200.00, 'Check', '2018-01-25', 'mike latka', 120.00, 'Academy', '2018-05-03'),
	(2212, 150.00, 'Check', '2018-01-25', 'mike latka', 90.00, 'Academy', '2018-03-03'),
	(2219, 40.00, 'Cash', '2018-02-23', 'Luc DESCAMPS', 0.00, 'None', '2018-02-23'),
	(2220, 80.00, 'Check', '2017-12-19', 'Matthieu LHOSPITALIER', 48.00, 'Academy', '2018-01-03'),
	(2221, 80.00, 'Check', '2018-02-08', 'Matthieu LHOSPITALIER', 48.00, 'Coach', '2018-02-11'),
	(2257, 80.00, 'Check', '2018-02-08', 'charles-edouard di giampietro', 48.00, 'Academy', '2018-03-03'),
	(2281, 500.00, 'Check', '2017-05-10', 'Jerome DIVAC', 300.00, 'Academy', '2017-05-11'),
	(2315, 200.00, 'Check', '2017-05-10', 'Manuel BRUN', 120.00, 'Academy', '2017-06-04'),
	(2318, 100.00, 'Check', '2017-05-10', 'Amandine BOUVAT', 60.00, 'Academy', '2017-05-11'),
	(2319, 100.00, 'Check', '2017-05-10', 'Amandine BOUVAT', 60.00, 'Academy', '2017-06-04'),
	(2320, 100.00, 'Check', '2017-05-10', 'Amandine BOUVAT', 60.00, 'Academy', '2017-07-05'),
	(2321, 100.00, 'Check', '2017-05-10', 'Amandine BOUVAT', 60.00, 'Academy', '2017-08-02'),
	(2322, 100.00, 'Check', '2017-05-10', 'Amandine BOUVAT', 60.00, 'Academy', '2017-09-05'),
	(2332, 100.00, 'Check', '2018-02-08', 'dalila Hiba', 60.00, 'Perso', '2018-04-23'),
	(2333, 100.00, 'Check', '2018-02-08', 'dalila Hiba', 60.00, 'Perso', '2018-05-03'),
	(2334, 100.00, 'Check', '2018-02-08', 'dalila Hiba', 60.00, 'Perso', '2018-06-03'),
	(2353, 150.00, 'Check', '2018-03-12', 'adams soulaimana', 90.00, 'Academy', '2018-06-04'),
	(2354, 100.00, 'Check', '2018-03-12', 'adams soulaimana', 60.00, 'Academy', '2018-05-03'),
	(2355, 100.00, 'Check', '2018-03-12', 'adams soulaimana', 60.00, 'Academy', '2018-04-03'),
	(2416, 200.00, 'Check', '2018-03-22', 'Romain VILLA', 120.00, 'Academy', '2018-07-03'),
	(2417, 150.00, 'Check', '2018-03-22', 'Romain VILLA', 90.00, 'Academy', '2018-04-03'),
	(2429, 140.00, 'Cash', '2017-06-01', 'Guillaume LE MAUT', 84.00, 'None', '2017-10-26'),
	(2484, 100.00, 'Check', '2017-09-18', 'Farid BOUHAZEM', 60.00, 'Perso', '2018-02-03'),
	(2485, 100.00, 'Check', '2017-09-18', 'Farid BOUHAZEM', 60.00, 'Academy', '2018-01-03'),
	(2486, 100.00, 'Check', '2017-09-18', 'Farid BOUHAZEM', 60.00, 'Academy', '2017-12-04'),
	(2487, 100.00, 'Check', '2017-09-18', 'Farid BOUHAZEM', 60.00, 'Academy', '2017-11-04'),
	(2488, 100.00, 'Check', '2017-09-18', 'Farid BOUHAZEM', 60.00, 'Academy', '2017-10-04'),
	(2489, 55.00, 'Check', '2017-05-10', 'Farid BOUHAZEM', 33.00, 'Academy', '2017-09-05'),
	(2490, 55.00, 'Check', '2017-05-10', 'Farid BOUHAZEM', 33.00, 'Academy', '2017-08-02'),
	(2491, 55.00, 'Check', '2017-05-10', 'Farid BOUHAZEM', 33.00, 'Academy', '2017-07-07'),
	(2492, 55.00, 'Check', '2017-05-10', 'Farid BOUHAZEM', 33.00, 'Academy', '2017-06-04'),
	(2559, 300.00, 'Transfert', '2018-08-20', 'Arthus de Senneville Grave', 180.00, 'None', '2018-08-20'),
	(2658, 50.00, 'Cash', '2018-07-03', 'Andrei SATALOV', 0.00, 'None', '2018-07-03'),
	(2732, 350.00, 'Check', '2018-03-06', 'louis blech-semin', 210.00, 'Academy', '2018-04-03'),
	(2844, 125.00, 'Check', '2018-03-12', 'Nathalie Page', 75.00, 'Academy', '2018-04-03'),
	(2845, 125.00, 'Check', '2018-03-12', 'Nathalie Page', 75.00, 'Academy', '2018-05-03'),
	(2846, 125.00, 'Check', '2018-03-12', 'Nathalie Page', 75.00, 'Academy', '2018-06-04'),
	(2847, 125.00, 'Check', '2018-03-12', 'Nathalie Page', 75.00, 'Academy', '2018-07-03'),
	(2848, 250.00, 'Check', '2017-09-28', 'Jean Paul FOURNET', 150.00, 'Academy', '2017-10-04'),
	(2849, 250.00, 'Check', '2017-09-28', 'Jean Paul FOURNET', 150.00, 'Academy', '2017-11-04'),
	(2850, 500.00, 'Transfert', '2018-09-11', 'Jean Paul FOURNET', 300.00, 'None', '2018-09-11'),
	(2885, 250.00, 'Check', '2018-01-09', 'malik n\'diaw', 150.00, 'Academy', '2018-02-05'),
	(2886, 250.00, 'Check', '2018-01-09', 'malik n\'diaw', 150.00, 'Academy', '2018-03-03'),
	(2890, 100.00, 'Check', '2018-01-24', 'michel gueldry', 60.00, 'Perso', '2018-06-03'),
	(2891, 100.00, 'Check', '2018-01-24', 'michel gueldry', 60.00, 'Perso', '2018-05-03'),
	(2892, 100.00, 'Check', '2018-01-24', 'michel gueldry', 60.00, 'Perso', '2018-03-31'),
	(2893, 150.00, 'Check', '2018-01-24', 'michel gueldry', 90.00, 'Perso', '2018-03-03'),
	(2894, 150.00, 'Check', '2018-01-24', 'michel gueldry', 90.00, 'Perso', '2018-02-01'),
	(2905, 100.00, 'Check', '2017-09-28', 'Stephane NGUYEN', 60.00, 'Academy', '2017-10-04'),
	(2906, 500.00, 'Check', '2017-07-11', 'Stephane NGUYEN', 300.00, 'Academy', '2017-08-02'),
	(2934, 500.00, 'Check', '2018-01-25', 'damien lahmi', 300.00, 'Academy', '2018-02-05'),
	(2945, 400.00, 'Check', '2018-01-04', 'Francis KRAUSE', 240.00, 'Academy', '2018-02-05'),
	(2958, 400.00, 'Check', '2017-11-21', 'nicolas duvauchelle', 240.00, 'Academy', '2017-12-04'),
	(2975, 130.00, 'Cash', '2018-05-18', 'Stephane BON', 0.00, 'None', '2018-05-18'),
	(2987, 500.00, 'Transfert', '2018-09-18', 'Abdel-Jalhil TEIBI', 300.00, 'None', '2018-09-18'),
	(3004, 150.00, 'Check', '2017-12-04', 'Roméo YOMBOU', 0.00, 'Academy', '2017-12-04'),
	(3031, 500.00, 'Check', '2017-09-15', 'Didier BARRAUD', 300.00, 'Academy', '2017-09-16'),
	(3049, 350.00, 'Check', '2018-09-27', 'fabien nguyen', 210.00, 'Perso', '2018-09-29'),
	(3179, 300.00, 'Check', '2018-10-02', 'Marc BRAUNSTEIN', 180.00, 'Academy', '2018-10-02'),
	(3191, 40.00, 'Cash', '2018-07-03', 'Giusepe VIZZINI', 0.00, 'None', '2018-07-03'),
	(3192, 125.00, 'Cash', '2018-10-04', 'Giusepe VIZZINI', 0.00, 'None', '2018-10-04'),
	(3193, 380.00, 'Check', '2017-10-02', 'Alexis TRUJILLO', 228.00, 'Academy', '2017-10-04'),
	(3194, 500.00, 'Check', '2018-10-03', 'Alexis TRUJILLO', 300.00, 'Academy', '2018-10-04'),
	(3360, 80.00, 'Check', '2017-11-09', 'Thomas BISSON', 48.00, 'Academy', '2017-11-10'),
	(3361, 420.00, 'Check', '2018-01-09', 'Thomas BISSON', 252.00, 'Perso', '2018-01-10'),
	(3362, 80.00, 'Check', '2018-01-25', 'frederic carpentier', 48.00, 'Academy', '2018-02-05'),
	(3363, 120.00, 'Check', '2018-04-10', 'Frederic CARPENTIER', 72.00, 'Perso', '2018-06-03'),
	(3364, 150.00, 'Check', '2018-04-10', 'Frederic CARPENTIER', 90.00, 'Perso', '2018-05-03'),
	(3365, 150.00, 'Check', '2018-04-10', 'Frederic CARPENTIER', 90.00, 'Perso', '2018-04-11'),
	(3369, 500.00, 'Transfert', '2018-10-05', 'roman bonaton', 300.00, 'None', '2018-10-05'),
	(3385, 100.00, 'Check', '2018-10-05', 'alexandre chausset', 60.00, 'Perso', '2018-10-05'),
	(3386, 80.00, 'Check', '2018-02-08', 'ahmed alla', 48.00, 'Academy', '2018-03-03'),
	(3387, 140.00, 'Check', '2018-03-06', 'Ahmed ALLA', 84.00, 'Coach', '2018-03-07'),
	(3388, 140.00, 'Check', '2018-03-06', 'Ahmed ALLA', 84.00, 'Perso', '2018-03-31'),
	(3389, 140.00, 'Check', '2018-03-06', 'Ahmed ALLA', 84.00, 'Academy', '2018-05-03'),
	(3391, 500.00, 'Check', '2018-02-11', 'ABDELKRIM AMROUCHE', 300.00, 'Academy', '2018-03-03'),
	(3398, 365.00, 'Check', '2017-09-25', 'Delphine GAO', 219.00, 'Academy', '2017-10-04'),
	(3399, 365.00, 'Check', '2017-10-16', 'Delphine GAO', 219.00, 'Academy', '2017-11-04'),
	(3406, 125.00, 'Check', '2017-09-12', 'Marc antoine FIGHIERA', 75.00, 'Academy', '2017-09-13'),
	(3407, 125.00, 'Check', '2017-09-21', 'Marc antoine FIGHIERA', 75.00, 'Academy', '2017-10-04'),
	(3408, 125.00, 'Check', '2017-09-21', 'Marc antoine FIGHIERA', 75.00, 'Academy', '2017-11-04'),
	(3409, 125.00, 'Check', '2017-09-21', 'Marc antoine FIGHIERA', 75.00, 'Academy', '2017-12-04'),
	(3440, 500.00, 'Transfert', '2018-09-14', 'Xavier ROBERT', 300.00, 'None', '2018-09-14'),
	(3446, 210.00, 'Check', '2017-11-09', 'Simon THULEAU', 126.00, 'Academy', '2017-11-10'),
	(3447, 250.00, 'Check', '2017-09-18', 'Christophe TROEL', 150.00, 'Academy', '2017-11-04'),
	(3448, 250.00, 'Check', '2017-09-18', 'Christophe TROEL', 150.00, 'Academy', '2017-10-04'),
	(3449, 110.00, 'Check', '2017-05-10', 'Christophe TROEL', 66.00, 'Academy', '2017-06-04'),
	(3450, 110.00, 'Check', '2017-05-10', 'Christophe TROEL', 66.00, 'Academy', '2017-05-11'),
	(3453, 250.00, 'Check', '2018-01-09', 'kamal ydir', 150.00, 'Academy', '2018-02-05'),
	(3454, 250.00, 'Check', '2018-01-09', 'kamal ydir', 150.00, 'Academy', '2018-05-03'),
	(3473, 250.00, 'Check', '2017-11-09', 'Alessandro ZANNI', 150.00, 'Academy', '2018-03-03'),
	(3474, 100.00, 'Cash', '2017-11-09', 'Alessandro ZANNI', 0.00, 'None', '2017-11-09'),
	(3485, 100.00, 'Check', '2018-01-08', 'sully chanteur', 60.00, 'Academy', '2018-02-05'),
	(3486, 100.00, 'Check', '2018-01-08', 'sully chanteur', 60.00, 'Perso', '2018-03-03'),
	(3487, 100.00, 'Check', '2018-01-08', 'sully chanteur', 60.00, 'Perso', '2018-03-31'),
	(3488, 50.00, 'Check', '2018-01-08', 'sully chanteur', 30.00, 'Academy', '2018-05-03'),
	(3500, 80.00, 'Cash', '2017-10-05', 'Brice FIGARO', 0.00, 'None', '2017-10-26'),
	(3501, 150.00, 'Cash', '2017-11-15', 'Brice FIGARO', 0.00, 'None', '2017-11-15'),
	(3502, 250.00, 'Cash', '2018-10-05', 'Brice FIGARO', 0.00, 'None', '2018-10-05'),
	(3520, 280.00, 'Check', '2017-09-21', 'Olivier HASSID', 168.00, 'Academy', '2017-10-04'),
	(3521, 280.00, 'Check', '2018-10-05', 'Adrien HASSID', 168.00, 'Academy', '2018-10-10'),
	(3529, 29.70, 'Prelev', '2018-10-05', 'Guillaume BERNARD', 17.82, 'Academy', '2018-10-05'),
	(3536, 120.00, 'Cash', '2017-09-05', 'Bagdad CHECKRI', 0.00, 'None', '2017-10-26'),
	(3537, 50.00, 'Cash', '2018-01-09', 'Bagdad CHECKRI', 0.00, 'None', '2018-01-09'),
	(3538, 125.00, 'Cash', '2018-08-23', 'Bagdad CHECKRI', 0.00, 'None', '2018-08-23'),
	(3539, 50.00, 'Cash', '2018-10-11', 'Bagdad CHECKRI', 0.00, 'None', '2018-10-11'),
	(3540, 500.00, 'Check', '2017-09-12', 'Gauthier BRYSBAERT', 300.00, 'Academy', '2017-12-04'),
	(3541, 80.00, 'Check', '2017-06-01', 'Gauthier BRYSBAERT', 48.00, 'Academy', '2017-06-04'),
	(3542, 300.00, 'Transfert', '2018-10-13', 'florian letellier', 180.00, 'None', '2018-10-13'),
	(3546, 300.00, 'Transfert', '2018-10-13', 'Jean Malard', 180.00, 'None', '2018-10-13'),
	(3547, 350.00, 'Check', '2017-09-21', 'Arthur TSIMI', 210.00, 'Academy', '2017-10-04'),
	(3568, 100.00, 'Check', '2018-10-08', 'Modango ABDULKARIMOV', 60.00, 'Perso', '2018-10-10'),
	(3574, 280.00, 'Check', '2017-09-28', 'Lionel BENICHOU', 168.00, 'Academy', '2017-10-04'),
	(3584, 500.00, 'Check', '2017-09-28', 'Charles MACQUART MOULIN', 300.00, 'Academy', '2017-10-04'),
	(3585, 500.00, 'Check', '2018-10-17', 'Charles MACQUART MOULIN', 300.00, 'Perso', '2018-10-18'),
	(3603, 80.00, 'Check', '2017-09-07', 'Thomas MACHADO', 48.00, 'Academy', '2017-09-07'),
	(3604, 210.00, 'Check', '2017-10-10', 'Thomas MACHADO', 126.00, 'Academy', '2017-12-04'),
	(3605, 210.00, 'Check', '2017-10-10', 'Thomas MACHADO', 126.00, 'Academy', '2017-11-04'),
	(3612, 220.00, 'Check', '2017-09-05', 'Christian DEGUIS', 132.00, 'Academy', '2017-09-06'),
	(3616, 500.00, 'Transfert', '2018-10-28', 'gregoire barat', 300.00, 'None', '2018-10-28'),
	(3620, 500.00, 'Check', '2017-09-12', 'Sylvain JOLIY', 300.00, 'Academy', '2017-09-13'),
	(3621, 500.00, 'Transfert', '2018-10-31', 'Anthar Blizak', 300.00, 'None', '2018-10-31'),
	(3626, 500.00, 'Transfert', '2018-10-31', 'clement ducol', 300.00, 'None', '2018-10-31'),
	(3627, 300.00, 'Transfert', '2018-10-31', 'Marius Ducol', 180.00, 'None', '2018-10-31'),
	(3628, 100.00, 'Check', '2017-09-15', 'Julien BOURGEOIS', 60.00, 'Perso', '2018-02-03'),
	(3629, 100.00, 'Check', '2017-09-15', 'Julien BOURGEOIS', 60.00, 'Academy', '2018-01-03'),
	(3630, 100.00, 'Check', '2017-09-15', 'Julien BOURGEOIS', 60.00, 'Academy', '2017-12-04'),
	(3631, 100.00, 'Check', '2017-09-15', 'Julien BOURGEOIS', 60.00, 'Academy', '2017-11-04'),
	(3632, 100.00, 'Check', '2017-09-15', 'Julien BOURGEOIS', 60.00, 'Academy', '2017-09-16'),
	(3886, 175.00, 'Check', '2017-10-16', 'Jeremy PICOSTE', 105.00, 'Academy', '2017-11-04'),
	(3887, 250.00, 'Check', '2018-11-05', 'Jeremy PICOSTE', 0.00, 'Academy', '2018-11-05'),
	(3888, 250.00, 'Check', '2018-11-05', 'guillaume le bolloch', 150.00, 'Academy', '2018-11-05'),
	(3917, 120.00, 'Cash', '2017-09-19', 'Neo ALZIEU', 0.00, 'None', '2017-10-26'),
	(3922, 80.00, 'Check', '2018-11-07', 'Thomas ROYERE', 48.00, 'Academy', '2018-11-08'),
	(3931, 160.00, 'Cash', '2018-07-03', 'nassim grainat', 0.00, 'None', '2018-07-03'),
	(3932, 60.00, 'Cash', '2018-11-07', 'Nassim GRAINAT', 0.00, 'None', '2018-11-07'),
	(3935, 250.00, 'Check', '2017-09-21', 'Mickael FERREIRA', 150.00, 'Academy', '2017-10-04'),
	(3936, 250.00, 'Check', '2017-09-21', 'Mickael FERREIRA', 150.00, 'Academy', '2017-11-04'),
	(3957, 200.00, 'Cash', '2017-09-21', 'Mehdi SAIDI', 0.00, 'None', '2017-10-26'),
	(3959, 280.00, 'Check', '2017-10-05', 'Raphael GRESSIN', 168.00, 'Academy', '2017-10-06'),
	(3960, 280.00, 'Check', '2018-10-02', 'simone IRIKI', 168.00, 'Academy', '2018-10-02'),
	(3962, 180.00, 'Cash', '2018-11-15', 'Hamoudi DIAF', 0.00, 'None', '2018-11-15'),
	(3965, 50.00, 'Check', '2017-10-16', 'Marc PELLET', 30.00, 'Academy', '2017-11-04'),
	(3966, 150.00, 'Check', '2017-09-21', 'Nathalie VANDERBURG', 90.00, 'Academy', '2017-10-04'),
	(3967, 100.00, 'Check', '2017-09-25', 'Nathalie VANDERBURG', 60.00, 'Academy', '2017-11-04'),
	(3968, 150.00, 'Check', '2018-11-19', 'Nathalie VANDERBURG', 90.00, 'Academy', '2018-11-19'),
	(3969, 50.00, 'Cash', '2017-10-02', 'Frederique BARDEY', 0.00, 'None', '2017-10-26'),
	(3970, 250.00, 'Check', '2017-10-02', 'Frederique BARDEY', 150.00, 'Academy', '2017-10-04'),
	(3971, 50.00, 'Cash', '2017-11-15', 'Frederique BARDEY', 0.00, 'None', '2017-11-15'),
	(3974, 150.00, 'Check', '2017-09-14', 'Cyril CHIMKIEVITCH', 90.00, 'Academy', '2017-09-15'),
	(3975, 130.00, 'Check', '2018-04-10', 'Cyril CHIMKIEVITCH', 78.00, 'Academy', '2018-05-03'),
	(3977, 100.00, 'Check', '2017-09-21', 'Vincent TERRONI', 60.00, 'Academy', '2017-12-04'),
	(3978, 100.00, 'Check', '2017-09-21', 'Vincent TERRONI', 60.00, 'Academy', '2017-11-04'),
	(3979, 80.00, 'Check', '2017-09-21', 'Vincent TERRONI', 48.00, 'Academy', '2017-10-04'),
	(3980, 80.00, 'Transfert', '2018-11-23', 'Florian Galliou', 48.00, 'None', '2018-11-23'),
	(3982, 280.00, 'Check', '2017-09-18', 'Anne LETESSIER', 168.00, 'Academy', '2017-09-19'),
	(3991, 200.00, 'Cash', '2017-10-05', 'Sylvain TARIN', 0.00, 'None', '2017-10-26'),
	(4014, 210.00, 'Check', '2018-01-24', 'rachel lokiec', 126.00, 'Perso', '2018-02-02'),
	(4015, 600.00, 'Check', '2018-11-22', 'Simon LOKIEC', 360.00, 'Academy', '2018-12-02'),
	(4016, 700.00, 'Check', '2017-09-14', 'Simon FRANQUET', 420.00, 'Academy', '2017-09-15'),
	(4017, 80.00, 'Check', '2017-07-11', 'Simon FRANQUET', 48.00, 'Academy', '2017-08-02'),
	(4018, 200.00, 'Check', '2018-09-19', 'Simon FRANQUET', 120.00, 'Academy', '2018-11-04'),
	(4019, 200.00, 'Check', '2018-09-19', 'Simon FRANQUET', 120.00, 'Academy', '2018-12-02'),
	(4020, 100.00, 'Check', '2018-09-19', 'Simon FRANQUET', 60.00, 'Academy', '2018-10-02'),
	(4021, 100.00, 'Check', '2018-10-08', 'clara deshayes', 60.00, 'Academy', '2018-12-02'),
	(4022, 100.00, 'Check', '2018-10-08', 'clara deshayes', 60.00, 'Academy', '2018-11-04'),
	(4023, 100.00, 'Check', '2018-10-08', 'clara deshayes', 60.00, 'Academy', '2018-10-10'),
	(4024, 500.00, 'Check', '2017-11-30', 'Thibaud DENINGER', 300.00, 'Academy', '2017-12-04'),
	(4025, 150.00, 'Check', '2018-10-09', 'Thibaud DENINGER', 90.00, 'Academy', '2018-10-10'),
	(4026, 150.00, 'Check', '2018-10-09', 'Thibaud DENINGER', 90.00, 'Academy', '2018-11-04'),
	(4027, 200.00, 'Check', '2018-10-09', 'Thibaud DENINGER', 120.00, 'Academy', '2018-12-02'),
	(4033, 1100.00, 'Check', '2017-10-05', 'Mirjana POLJAKOVIC', 700.00, 'Academy', '2017-10-06'),
	(4035, 350.00, 'Check', '2017-10-05', 'Pierre CHAMBON', 210.00, 'Academy', '2017-10-06'),
	(4036, 80.00, 'Check', '2018-12-03', 'Jerome RECULARD', 48.00, 'Perso', '2018-12-05'),
	(4037, 50.00, 'Cash', '2018-12-06', 'Remy Bardey', 0.00, 'None', '2018-12-06'),
	(4038, 500.00, 'Check', '2017-10-20', 'Mamadou? DJOULFAYAN', 300.00, 'Academy', '2017-11-04'),
	(4375, 100.00, 'Check', '2018-11-06', 'mustapha amara', 60.00, 'Academy', '2018-12-11'),
	(4376, 100.00, 'Check', '2018-11-06', 'mustapha amara', 60.00, 'None', '2018-11-06'),
	(4377, 100.00, 'Check', '2018-11-06', 'mustapha amara', 60.00, 'None', '2018-11-06'),
	(4386, 100.00, 'Cash', '2018-12-13', 'serge peyro', 0.00, 'None', '2018-12-13'),
	(4387, 50.00, 'Cash', '2017-10-20', 'Adrien TIREL', 0.00, 'None', '2017-10-26'),
	(4388, 140.00, 'Check', '2017-12-07', 'Adrien TIREL', 84.00, 'Academy', '2017-12-07'),
	(4389, 140.00, 'Check', '2017-12-07', 'Adrien TIREL', 84.00, 'Academy', '2018-01-03'),
	(4390, 140.00, 'Check', '2017-12-07', 'Adrien TIREL', 84.00, 'Academy', '2018-02-05'),
	(4399, 125.00, 'Check', '2017-10-05', 'Nabil KADID', 75.00, 'Academy', '2018-04-03'),
	(4400, 125.00, 'Check', '2017-10-05', 'Nabil KADID', 75.00, 'Academy', '2017-12-04'),
	(4401, 125.00, 'Check', '2017-10-05', 'Nabil KADID', 75.00, 'Academy', '2017-11-04'),
	(4402, 125.00, 'Check', '2017-10-05', 'Nabil KADID', 75.00, 'Academy', '2017-10-06'),
	(4403, 250.00, 'Check', '2017-10-17', 'Martine ATTALI', 150.00, 'Academy', '2017-12-04'),
	(4404, 250.00, 'Check', '2017-10-17', 'Martine ATTALI', 150.00, 'Academy', '2017-11-04'),
	(4408, 100.00, 'Check', '2017-09-25', 'Djamel SAHRAOUI', 60.00, 'Perso', '2018-06-03'),
	(4409, 100.00, 'Check', '2017-09-25', 'Djamel SAHRAOUI', 60.00, 'Perso', '2018-03-31'),
	(4410, 100.00, 'Check', '2017-09-25', 'Djamel SAHRAOUI', 60.00, 'Perso', '2018-02-01'),
	(4411, 100.00, 'Check', '2017-09-25', 'Djamel SAHRAOUI', 60.00, 'Academy', '2017-12-04'),
	(4412, 150.00, 'Check', '2017-09-25', 'Djamel SAHRAOUI', 110.00, 'Academy', '2017-10-04'),
	(4413, 350.00, 'Check', '2018-12-20', 'wilfried benotmane', 210.00, 'Perso', '2018-12-21'),
	(4416, 250.00, 'Check', '2017-10-10', 'Aime CONTI', 0.00, 'Academy', '2017-11-04'),
	(4417, 250.00, 'Check', '2018-12-20', 'Aime CONTI', 0.00, 'Perso', '2018-12-21'),
	(4418, 200.00, 'Cash', '2017-09-28', 'Olivier DAURARIO', 0.00, 'None', '2017-10-26'),
	(4419, 150.00, 'Check', '2018-09-27', 'Olivier DAURARIO', 90.00, 'Perso', '2018-09-29'),
	(4420, 150.00, 'Check', '2018-09-27', 'Olivier DAURARIO', 90.00, 'Perso', '2018-12-02'),
	(4421, 200.00, 'Check', '2018-09-27', 'Olivier DAURARIO', 120.00, 'Perso', '2018-10-31'),
	(4424, 500.00, 'Check', '2017-05-10', 'Moussa TIMERA', 300.00, 'Academy', '2017-05-11'),
	(4425, 500.00, 'Check', '2018-11-07', 'Moussa TIMERA', 300.00, 'Academy', '2018-11-08'),
	(4428, 500.00, 'Check', '2017-10-10', 'Jules GRUBO', 300.00, 'Academy', '2017-11-04'),
	(4462, 80.00, 'Transfert', '2018-12-29', 'Caroline Brembilla', 48.00, 'None', '2018-12-29'),
	(4463, 100.00, 'Check', '2017-10-16', 'Guillaume VIGNE', 60.00, 'Academy', '2017-11-04'),
	(4464, 100.00, 'Check', '2017-10-16', 'Guillaume VIGNE', 60.00, 'Academy', '2017-12-04'),
	(4465, 100.00, 'Check', '2017-10-16', 'Guillaume VIGNE', 60.00, 'Academy', '2018-02-05'),
	(4466, 100.00, 'Check', '2017-10-16', 'Guillaume VIGNE', 60.00, 'Academy', '2018-03-03'),
	(4467, 100.00, 'Check', '2017-10-16', 'Guillaume VIGNE', 60.00, 'Academy', '2018-05-03'),
	(4468, 80.00, 'Transfert', '2018-12-29', 'Alexia Rouet-Leduc', 48.00, 'None', '2018-12-29'),
	(4469, 350.00, 'Check', '2017-11-09', 'Hichem ARFAOUI', 210.00, 'Academy', '2017-11-10'),
	(4470, 500.00, 'Transfert', '2018-10-10', 'CHARLES SUN', 300.00, 'None', '2018-10-10'),
	(4479, 500.00, 'Check', '2017-10-20', 'Vincent PUYDOYEUX', 300.00, 'Academy', '2017-11-04'),
	(4496, 250.00, 'Check', '2018-01-25', 'sebastien bottey', 150.00, 'Academy', '2018-02-05'),
	(4497, 250.00, 'Check', '2018-01-25', 'sebastien bottey', 150.00, 'Academy', '2018-03-03'),
	(4511, 500.00, 'Check', '2017-11-30', 'Denis CEOLIN', 300.00, 'Academy', '2018-02-05'),
	(4512, 500.00, 'Check', '2018-10-17', 'Denis CEOLIN', 300.00, 'Perso', '2018-10-18'),
	(4518, 500.00, 'Check', '2017-12-19', 'Sylvain DESHORS', 300.00, 'Perso', '2018-01-03'),
	(4523, 500.00, 'Check', '2017-07-18', 'Jorge DO PINHAL', 300.00, 'Academy', '2017-08-02'),
	(4524, 500.00, 'Check', '2018-09-08', 'Jorge DO PINHAL', 300.00, 'Academy', '2018-09-12'),
	(4527, 500.00, 'Check', '2017-09-15', 'Florian FONTRIER', 300.00, 'Academy', '2017-09-16'),
	(4528, 500.00, 'Transfert', '2018-10-25', 'Florian FONTRIER', 300.00, 'None', '2018-10-25'),
	(4543, 170.00, 'Cash', '2017-09-07', 'Matias GOURDON', 0.00, 'None', '2017-10-26'),
	(4544, 80.00, 'Cash', '2017-07-18', 'Matias GOURDON', 40.00, 'None', '2017-10-26'),
	(4545, 250.00, 'Cash', '2018-09-14', 'Matias GOURDON', 0.00, 'None', '2018-09-14'),
	(4546, 500.00, 'Check', '2017-05-10', 'Gwenael HUET', 300.00, 'Academy', '2017-05-11'),
	(4547, 500.00, 'Check', '2018-03-06', 'Gwenael HUET', 300.00, 'Academy', '2018-04-03'),
	(4554, 500.00, 'Check', '2017-10-05', 'Dominique JACQUES', 300.00, 'Academy', '2017-10-06'),
	(4555, 500.00, 'Check', '2018-12-13', 'Dominique JACQUES', 300.00, 'Perso', '2018-12-15'),
	(4556, 500.00, 'Check', '2017-09-27', 'Artyom KORMESHOV', 300.00, 'Academy', '2017-10-04'),
	(4557, 100.00, 'Check', '2017-06-08', 'Artyom KORMESHOV', 60.00, 'Academy', '2017-07-05'),
	(4558, 500.00, 'Check', '2018-10-17', 'Artyom KORMESHOV', 300.00, 'Academy', '2018-10-18'),
	(4559, 350.00, 'Check', '2017-06-28', 'Frederique AMBROISE', 210.00, 'Academy', '2017-07-05'),
	(4560, 350.00, 'Check', '2018-07-04', 'Frederique AMBROISE', 210.00, 'Perso', '2018-07-05'),
	(4564, 500.00, 'Check', '2017-09-27', 'Gregory LETELLIER', 300.00, 'Academy', '2017-10-04'),
	(4565, 500.00, 'Transfert', '2018-09-21', 'Gregory LETELLIER', 300.00, 'None', '2018-09-21'),
	(4568, 100.00, 'Check', '2017-09-05', 'Cedric LE FRANC', 60.00, 'Academy', '2018-01-03'),
	(4569, 100.00, 'Check', '2017-09-05', 'Cedric LE FRANC', 60.00, 'Academy', '2017-12-04'),
	(4570, 100.00, 'Check', '2017-09-05', 'Cedric LE FRANC', 60.00, 'Academy', '2017-11-04'),
	(4571, 100.00, 'Check', '2017-09-05', 'Cedric LE FRANC', 60.00, 'Academy', '2017-10-04'),
	(4572, 100.00, 'Check', '2017-09-05', 'Cedric LE FRANC', 60.00, 'Academy', '2017-09-06'),
	(4573, 200.00, 'Check', '2018-03-06', 'Cedric LE FRANC', 120.00, 'Academy', '2018-07-03'),
	(4574, 100.00, 'Check', '2018-03-06', 'Cedric LE FRANC', 60.00, 'Academy', '2018-04-03'),
	(4575, 100.00, 'Check', '2018-03-06', 'Cedric LE FRANC', 60.00, 'Academy', '2018-05-03'),
	(4576, 100.00, 'Check', '2018-03-06', 'Cedric LE FRANC', 60.00, 'Academy', '2018-06-04'),
	(4577, 450.00, 'Check', '2017-09-07', 'Yohann LES ENFANT', 270.00, 'Academy', '2017-09-07'),
	(4578, 500.00, 'Transfert', '2018-09-03', 'Yohann LES ENFANT', 300.00, 'None', '2018-09-03'),
	(4579, 500.00, 'Check', '2017-09-19', 'Marco MARZILLI', 300.00, 'Academy', '2017-10-04'),
	(4580, 500.00, 'Transfert', '2018-09-03', 'Marco MARZILLI', 300.00, 'None', '2018-09-03'),
	(4599, 500.00, 'Check', '2017-10-16', 'Didier MAUS', 300.00, 'Academy', '2017-11-04'),
	(4600, 500.00, 'Transfert', '2018-11-28', 'Didier MAUS', 300.00, 'None', '2018-11-28'),
	(4609, 500.00, 'Check', '2017-09-07', 'Franck NGUYEN', 300.00, 'Academy', '2017-09-07'),
	(4610, 500.00, 'Check', '2018-09-12', 'Franck NGUYEN', 300.00, 'Academy', '2018-09-12'),
	(4614, 210.00, 'Check', '2017-06-01', 'Samuel OLIVIER', 126.00, 'Academy', '2017-07-05'),
	(4615, 210.00, 'Check', '2017-06-01', 'Samuel OLIVIER', 126.00, 'Academy', '2017-06-04'),
	(4616, 500.00, 'Check', '2018-05-18', 'Samuel OLIVIER', 300.00, 'Academy', '2018-06-04'),
	(4623, 350.00, 'Check', '2017-09-25', 'François David PUCHEU LASHORES', 210.00, 'Academy', '2017-10-04'),
	(4624, 350.00, 'Check', '2018-10-11', 'François David PUCHEU LASHORES', 210.00, 'Perso', '2018-10-13'),
	(4628, 200.00, 'Check', '2017-09-14', 'Nelson SILVA', 120.00, 'Academy', '2017-11-04'),
	(4629, 150.00, 'Check', '2017-09-14', 'Nelson SILVA', 90.00, 'Academy', '2017-10-04'),
	(4630, 150.00, 'Check', '2017-09-14', 'Nelson SILVA', 90.00, 'Academy', '2017-09-15'),
	(4631, 200.00, 'Check', '2018-09-11', 'Nelson SILVA', 120.00, 'Perso', '2018-11-08'),
	(4632, 200.00, 'Check', '2018-09-11', 'Nelson SILVA', 120.00, 'Perso', '2018-12-11'),
	(4633, 100.00, 'Check', '2018-09-11', 'Nelson SILVA', 60.00, 'Perso', '2018-10-10'),
	(4634, 200.00, 'Cash', '2017-09-08', 'Yohan VERGNE', 0.00, 'None', '2017-10-26'),
	(4635, 500.00, 'Transfert', '2018-09-07', 'Yohan VERGNE', 300.00, 'None', '2018-09-07'),
	(4656, 80.00, 'Check', '2017-09-18', 'Nissim ZERBIB', 48.00, 'Academy', '2017-09-19'),
	(4657, 420.00, 'Check', '2017-10-16', 'Nissim ZERBIB', 252.00, 'Academy', '2017-11-04'),
	(4658, 500.00, 'Check', '2018-09-08', 'Nissim ZERBIB', 300.00, 'Perso', '2018-09-08'),
	(4659, 250.00, 'Check', '2017-11-09', 'Olivier ROINEL', 150.00, 'Perso', '2018-01-03'),
	(4660, 250.00, 'Check', '2017-11-09', 'Olivier ROINEL', 150.00, 'Academy', '2017-11-10'),
	(4679, 200.00, 'Check', '2017-09-25', 'Vincent LACERENZA', 120.00, 'Perso', '2018-02-03'),
	(4680, 150.00, 'Check', '2017-09-25', 'Vincent LACERENZA', 90.00, 'Academy', '2017-12-04'),
	(4681, 150.00, 'Check', '2017-09-25', 'Vincent LACERENZA', 90.00, 'Academy', '2017-10-04'),
	(4682, 200.00, 'Check', '2018-10-22', 'Vincent LACERENZA', 120.00, 'Perso', '2018-10-22'),
	(4683, 150.00, 'Check', '2018-10-22', 'Vincent LACERENZA', 90.00, 'Perso', '2019-01-03'),
	(4684, 150.00, 'Check', '2018-10-22', 'Vincent LACERENZA', 90.00, 'None', '2018-10-22'),
	(4685, 200.00, 'Check', '2017-09-28', 'Nicolas NZAMBA', 120.00, 'Academy', '2017-11-04'),
	(4686, 150.00, 'Check', '2017-09-28', 'Nicolas NZAMBA', 90.00, 'Academy', '2017-12-04'),
	(4687, 150.00, 'Check', '2017-09-28', 'Nicolas NZAMBA', 90.00, 'Academy', '2017-10-04'),
	(4688, 200.00, 'Check', '2018-11-13', 'Nicolas NZAMBA', 120.00, 'Perso', '2018-11-14'),
	(4689, 200.00, 'Check', '2018-11-13', 'Nicolas NZAMBA', 120.00, 'Perso', '2018-12-02'),
	(4690, 100.00, 'Check', '2018-11-13', 'Nicolas NZAMBA', 60.00, 'Perso', '2019-01-03'),
	(4691, 50.00, 'Check', '2017-12-07', 'dominique BOYER', 30.00, 'Academy', '2017-12-07'),
	(4692, 50.00, 'Check', '2017-12-07', 'dominique BOYER', 30.00, 'Academy', '2018-01-03'),
	(4693, 50.00, 'Check', '2017-12-07', 'dominique BOYER', 30.00, 'Perso', '2018-02-01'),
	(4694, 50.00, 'Check', '2017-12-07', 'dominique BOYER', 30.00, 'Coach', '2018-03-07'),
	(4695, 50.00, 'Check', '2018-11-06', 'Dominique BOYER', 30.00, 'Perso', '2018-12-02'),
	(4696, 50.00, 'Check', '2018-11-06', 'Dominique BOYER', 30.00, 'Perso', '2019-01-03'),
	(4697, 100.00, 'Check', '2018-11-06', 'Dominique BOYER', 60.00, 'None', '2018-11-06'),
	(4698, 500.00, 'Check', '2017-11-30', 'Yohann LY', 300.00, 'Academy', '2017-12-04'),
	(4699, 500.00, 'Check', '2018-12-06', 'Yohann LY', 300.00, 'Academy', '2019-01-03'),
	(4700, 100.00, 'Check', '2017-11-15', 'Michel-ange MATOUBA', 60.00, 'Academy', '2017-12-04'),
	(4701, 100.00, 'Check', '2017-11-15', 'Michel-ange MATOUBA', 60.00, 'Academy', '2018-01-03'),
	(4702, 75.00, 'Check', '2017-11-15', 'Michel-ange MATOUBA', 45.00, 'Academy', '2018-02-05'),
	(4703, 125.00, 'Check', '2018-11-13', 'Michel-Ange MATOUBA', 75.00, 'Academy', '2018-12-02'),
	(4704, 125.00, 'Check', '2018-11-13', 'Michel-Ange MATOUBA', 75.00, 'Academy', '2019-01-03'),
	(4705, 200.00, 'Check', '2017-11-15', 'FARAUT Julien', 120.00, 'Academy', '2018-01-03'),
	(4706, 200.00, 'Check', '2017-11-15', 'FARAUT Julien', 120.00, 'Academy', '2017-12-04'),
	(4707, 200.00, 'Check', '2018-11-29', 'Julien FARAUT', 120.00, 'Academy', '2019-01-03'),
	(4708, 150.00, 'Check', '2018-11-29', 'Julien FARAUT', 90.00, 'Academy', '2018-12-02'),
	(4709, 150.00, 'Check', '2018-11-29', 'Julien FARAUT', 90.00, 'None', '2018-11-29'),
	(4710, 125.00, 'Check', '2018-11-07', 'Manon BERIOT', 75.00, 'Academy', '2018-11-08'),
	(4711, 125.00, 'Check', '2018-11-07', 'Manon BERIOT', 75.00, 'Academy', '2019-01-03'),
	(4712, 125.00, 'Check', '2018-11-07', 'Manon BERIOT', 75.00, 'None', '2018-11-07'),
	(4713, 125.00, 'Check', '2018-11-07', 'Manon BERIOT', 75.00, 'None', '2018-11-07'),
	(4714, 300.00, 'Transfert', '2018-10-08', 'Isaura Bourgeois', 180.00, 'None', '2018-10-08'),
	(4734, 200.00, 'Cash', '2017-12-28', 'dioumé sangaré', 0.00, 'None', '2017-12-28'),
	(4735, 200.00, 'Cash', '2019-01-04', 'Dioumé SANGARÉ', 0.00, 'None', '2019-01-04'),
	(4736, 41.58, 'Prelev', '2018-10-05', 'Julien FAURE', 24.95, 'Academy', '2018-10-05'),
	(4737, 41.58, 'Prelev', '2018-11-05', 'Julien FAURE', 24.95, 'Academy', '2018-11-05'),
	(4738, 41.58, 'Prelev', '2018-12-07', 'Julien FAURE', 24.95, 'Academy', '2018-12-07'),
	(5672, 41.58, 'Prelev', '2018-07-05', 'Noureddine AJDID', 24.95, 'Academy', '2018-07-05'),
	(5673, 41.58, 'Prelev', '2018-08-05', 'Noureddine AJDID', 24.95, 'Academy', '2018-08-05'),
	(5674, 41.58, 'Prelev', '2018-09-05', 'Noureddine AJDID', 24.95, 'Academy', '2018-09-05'),
	(5675, 41.58, 'Prelev', '2018-10-05', 'Noureddine AJDID', 24.95, 'Academy', '2018-10-05'),
	(5676, 41.58, 'Prelev', '2018-11-05', 'Noureddine AJDID', 24.95, 'Academy', '2018-11-05'),
	(5677, 41.58, 'Prelev', '2018-12-07', 'Noureddine AJDID', 24.95, 'Academy', '2018-12-07'),
	(5678, 41.58, 'Prelev', '2019-01-08', 'Noureddine AJDID', 24.95, 'Academy', '2019-01-08'),
	(5679, 41.58, 'Prelev', '2018-10-05', 'Iraklis ALEXANDRIDIS', 24.95, 'Academy', '2018-10-05'),
	(5680, 41.58, 'Prelev', '2018-11-05', 'Iraklis ALEXANDRIDIS', 24.95, 'Academy', '2018-11-05'),
	(5681, 41.58, 'Prelev', '2018-12-07', 'Iraklis ALEXANDRIDIS', 24.95, 'Academy', '2018-12-07'),
	(5682, 41.58, 'Prelev', '2019-01-08', 'Iraklis ALEXANDRIDIS', 24.95, 'Academy', '2019-01-08'),
	(5683, 41.58, 'Prelev', '2018-12-07', 'Mike ALFREDO', 24.95, 'Academy', '2018-12-07'),
	(5684, 41.58, 'Prelev', '2019-01-08', 'Mike ALFREDO', 24.95, 'Academy', '2019-01-08'),
	(5685, 41.58, 'Prelev', '2018-11-05', 'David ALLIEL', 24.95, 'Academy', '2018-11-05'),
	(5686, 41.58, 'Prelev', '2018-12-07', 'David ALLIEL', 24.95, 'Academy', '2018-12-07'),
	(5687, 41.58, 'Prelev', '2019-01-08', 'David ALLIEL', 24.95, 'Academy', '2019-01-08'),
	(5688, 50.00, 'Cash', '2017-12-12', 'david ankri', 0.00, 'None', '2017-12-12'),
	(5689, 120.00, 'Check', '2017-12-26', 'David ANKRI', 72.00, 'Perso', '2017-12-26'),
	(5690, 140.00, 'Check', '2017-12-26', 'David ANKRI', 84.00, 'Perso', '2018-01-08'),
	(5691, 140.00, 'Check', '2017-12-26', 'David ANKRI', 84.00, 'Perso', '2018-02-07'),
	(5692, 41.58, 'Prelev', '2018-08-05', 'David ANKRI', 24.95, 'Academy', '2018-08-05'),
	(5693, 41.58, 'Prelev', '2018-09-05', 'David ANKRI', 24.95, 'Academy', '2018-09-05'),
	(5694, 41.58, 'Prelev', '2018-10-05', 'David ANKRI', 24.95, 'Academy', '2018-10-05'),
	(5695, 41.58, 'Prelev', '2018-11-05', 'David ANKRI', 24.95, 'Academy', '2018-11-05'),
	(5696, 41.58, 'Prelev', '2018-12-07', 'David ANKRI', 24.95, 'Academy', '2018-12-07'),
	(5697, 41.58, 'Prelev', '2019-01-08', 'David ANKRI', 24.95, 'Academy', '2019-01-08'),
	(5698, 80.00, 'Transfert', '2018-10-05', 'Aurélien Appéré', 48.00, 'None', '2018-10-05'),
	(5699, 41.58, 'Prelev', '2019-01-08', 'Aurélien APPÉRÉ', 24.95, 'Academy', '2019-01-08'),
	(5700, 40.00, 'Cash', '2017-09-05', 'Raphael ANI', 0.00, 'None', '2017-10-26'),
	(5701, 210.00, 'Cash', '2017-11-21', 'Raphael ARIE', 0.00, 'None', '2017-11-21'),
	(5702, 41.58, 'Prelev', '2018-12-07', 'Raphael ARIE', 24.95, 'Academy', '2018-12-07'),
	(5703, 41.58, 'Prelev', '2019-01-08', 'Raphael ARIE', 24.95, 'Academy', '2019-01-08'),
	(5704, 200.00, 'Check', '2017-09-18', 'Eddy BARCLAY', 120.00, 'Academy', '2017-11-10'),
	(5705, 150.00, 'Check', '2017-09-18', 'Eddy BARCLAY', 90.00, 'Academy', '2018-02-05'),
	(5706, 150.00, 'Check', '2017-09-18', 'Eddy BARCLAY', 90.00, 'Academy', '2017-10-04'),
	(5707, 41.58, 'Prelev', '2018-10-05', 'Eddy BARCLAY', 24.95, 'Academy', '2018-10-05'),
	(5708, 41.58, 'Prelev', '2018-11-05', 'Eddy BARCLAY', 24.95, 'Academy', '2018-11-05'),
	(5709, 41.58, 'Prelev', '2018-12-07', 'Eddy BARCLAY', 24.95, 'Academy', '2018-12-07'),
	(5710, 41.58, 'Prelev', '2019-01-08', 'Eddy BARCLAY', 24.95, 'Academy', '2019-01-08'),
	(5711, 41.58, 'Prelev', '2018-10-05', 'Thibaut BEDOUIN', 24.95, 'Academy', '2018-10-05'),
	(5712, 41.58, 'Prelev', '2018-11-05', 'Thibaut BEDOUIN', 24.95, 'Academy', '2018-11-05'),
	(5713, 41.58, 'Prelev', '2018-12-07', 'Thibaut BEDOUIN', 24.95, 'Academy', '2018-12-07'),
	(5714, 41.58, 'Prelev', '2019-01-08', 'Thibaut BEDOUIN', 24.95, 'Academy', '2019-01-08'),
	(5715, 29.70, 'Prelev', '2019-01-08', 'Laurent BELHASSEN', 17.82, 'Academy', '2019-01-08'),
	(5716, 41.58, 'Prelev', '2018-08-05', 'Anthony BENAIS', 24.95, 'Academy', '2018-08-05'),
	(5717, 41.58, 'Prelev', '2018-09-05', 'Anthony BENAIS', 24.95, 'Academy', '2018-09-05'),
	(5718, 41.58, 'Prelev', '2018-10-05', 'Anthony BENAIS', 24.95, 'Academy', '2018-10-05'),
	(5719, 41.58, 'Prelev', '2018-11-05', 'Anthony BENAIS', 24.95, 'Academy', '2018-11-05'),
	(5720, 41.58, 'Prelev', '2018-12-07', 'Anthony BENAIS', 24.95, 'Academy', '2018-12-07'),
	(5721, 41.58, 'Prelev', '2019-01-08', 'Anthony BENAIS', 24.95, 'Academy', '2019-01-08'),
	(5722, 41.58, 'Prelev', '2018-11-05', 'Marvin BERREMBOU', 24.95, 'Academy', '2018-11-05'),
	(5723, 41.58, 'Prelev', '2018-12-07', 'Marvin BERREMBOU', 24.95, 'Academy', '2018-12-07'),
	(5724, 41.58, 'Prelev', '2019-01-08', 'Marvin BERREMBOU', 24.95, 'Academy', '2019-01-08'),
	(5725, 100.00, 'Check', '2017-09-12', 'Sebastien BIDAULT', 60.00, 'Academy', '2018-02-05'),
	(5726, 100.00, 'Check', '2017-09-12', 'Sebastien BIDAULT', 60.00, 'Academy', '2018-01-03'),
	(5727, 100.00, 'Check', '2017-09-12', 'Sebastien BIDAULT', 60.00, 'Academy', '2017-12-04'),
	(5728, 100.00, 'Check', '2017-09-12', 'Sebastien BIDAULT', 60.00, 'Academy', '2017-11-04'),
	(5729, 100.00, 'Check', '2017-09-12', 'Sebastien BIDAULT', 60.00, 'Academy', '2017-10-04'),
	(5730, 41.58, 'Prelev', '2018-11-05', 'Sebastien BIDAULT', 24.95, 'Academy', '2018-11-05'),
	(5731, 41.58, 'Prelev', '2018-12-07', 'Sebastien BIDAULT', 24.95, 'Academy', '2018-12-07'),
	(5732, 41.58, 'Prelev', '2019-01-08', 'Sebastien BIDAULT', 24.95, 'Academy', '2019-01-08'),
	(5733, 41.58, 'Prelev', '2018-10-05', 'Ronan BILLAUD', 24.95, 'Academy', '2018-10-05'),
	(5734, 41.58, 'Prelev', '2018-11-05', 'Ronan BILLAUD', 24.95, 'Academy', '2018-11-05'),
	(5735, 41.58, 'Prelev', '2018-12-07', 'Ronan BILLAUD', 24.95, 'Academy', '2018-12-07'),
	(5736, 41.58, 'Prelev', '2019-01-08', 'Ronan BILLAUD', 24.95, 'Academy', '2019-01-08'),
	(5740, 100.00, 'Check', '2017-06-08', 'Jean-Marc BLOMBOU', 60.00, 'Academy', '2017-09-05'),
	(5741, 100.00, 'Check', '2017-06-08', 'Jean-Marc BLOMBOU', 60.00, 'Academy', '2017-08-02'),
	(5742, 100.00, 'Check', '2017-06-08', 'Jean-Marc BLOMBOU', 60.00, 'Academy', '2017-07-05'),
	(5743, 100.00, 'Cash', '2018-01-25', 'Jean-Marc BLOMBOU', 0.00, 'None', '2018-01-25'),
	(5744, 100.00, 'Check', '2018-05-18', 'Jean-Marc BLOMBOU', 60.00, 'Academy', '2018-06-04'),
	(5745, 41.58, 'Prelev', '2018-08-05', 'Jean-Marc BLOMBOU', 24.95, 'Academy', '2018-08-05'),
	(5746, 41.58, 'Prelev', '2018-09-05', 'Jean-Marc BLOMBOU', 24.95, 'Academy', '2018-09-05'),
	(5747, 100.00, 'Check', '2018-09-08', 'Jean-Marc BLOMBOU', 60.00, 'Academy', '2018-09-12'),
	(5748, 41.58, 'Prelev', '2018-10-05', 'Jean-Marc BLOMBOU', 24.95, 'Academy', '2018-10-05'),
	(5749, 41.58, 'Prelev', '2018-11-05', 'Jean-Marc BLOMBOU', 24.95, 'Academy', '2018-11-05'),
	(5750, 41.58, 'Prelev', '2018-12-07', 'Jean-Marc BLOMBOU', 24.95, 'Academy', '2018-12-07'),
	(5751, 41.58, 'Prelev', '2019-01-08', 'Jean-Marc BLOMBOU', 24.95, 'Academy', '2019-01-08'),
	(5752, 41.58, 'Prelev', '2018-10-05', 'Arnaud BLOUIN', 24.95, 'Academy', '2018-10-05'),
	(5753, 41.58, 'Prelev', '2018-11-05', 'Arnaud BLOUIN', 24.95, 'Academy', '2018-11-05'),
	(5754, 41.58, 'Prelev', '2018-12-07', 'Arnaud BLOUIN', 24.95, 'Academy', '2018-12-07'),
	(5755, 41.58, 'Prelev', '2019-01-08', 'Arnaud BLOUIN', 24.95, 'Academy', '2019-01-08'),
	(5756, 41.58, 'Prelev', '2018-11-05', 'Kamal BOUMOUR', 24.95, 'Academy', '2018-11-05'),
	(5757, 41.58, 'Prelev', '2018-12-07', 'Kamal BOUMOUR', 24.95, 'Academy', '2018-12-07'),
	(5758, 41.58, 'Prelev', '2019-01-08', 'Kamal BOUMOUR', 24.95, 'Academy', '2019-01-08'),
	(5759, 41.58, 'Prelev', '2018-10-05', 'Gaetan BOURBOTTE', 24.95, 'Academy', '2018-10-05'),
	(5760, 41.58, 'Prelev', '2018-11-05', 'Gaetan BOURBOTTE', 24.95, 'Academy', '2018-11-05'),
	(5761, 41.58, 'Prelev', '2018-12-07', 'Gaetan BOURBOTTE', 24.95, 'Academy', '2018-12-07'),
	(5762, 41.58, 'Prelev', '2019-01-08', 'Gaetan BOURBOTTE', 24.95, 'Academy', '2019-01-08'),
	(5763, 41.58, 'Prelev', '2019-01-08', 'Lyes BOUSSOUF', 24.95, 'Academy', '2019-01-08'),
	(5764, 41.58, 'Prelev', '2018-11-05', 'Fanny BOYER', 24.95, 'Academy', '2018-11-05'),
	(5765, 41.58, 'Prelev', '2018-12-07', 'Fanny BOYER', 24.95, 'Academy', '2018-12-07'),
	(5766, 41.58, 'Prelev', '2019-01-08', 'Fanny BOYER', 24.95, 'Academy', '2019-01-08'),
	(5767, 41.58, 'Prelev', '2018-11-05', 'Julien BREIT', 24.95, 'Academy', '2018-11-05'),
	(5768, 41.58, 'Prelev', '2018-12-07', 'Julien BREIT', 24.95, 'Academy', '2018-12-07'),
	(5769, 41.58, 'Prelev', '2019-01-08', 'Julien BREIT', 24.95, 'Academy', '2019-01-08'),
	(5770, 500.00, 'Check', '2017-10-05', 'Corentin CAHEN', 300.00, 'Academy', '2017-10-06'),
	(5771, 41.58, 'Prelev', '2018-12-07', 'Corentin CAHEN', 24.95, 'Academy', '2018-12-07'),
	(5772, 41.58, 'Prelev', '2019-01-08', 'Corentin CAHEN', 24.95, 'Academy', '2019-01-08'),
	(5773, 41.58, 'Prelev', '2018-06-05', 'Julien CARBONNELL', 24.95, 'Academy', '2018-06-05'),
	(5774, 41.58, 'Prelev', '2018-07-05', 'Julien CARBONNELL', 24.95, 'Academy', '2018-07-05'),
	(5775, 41.58, 'Prelev', '2018-08-05', 'Julien CARBONNELL', 24.95, 'Academy', '2018-08-05'),
	(5776, 41.58, 'Prelev', '2018-09-05', 'Julien CARBONNELL', 24.95, 'Academy', '2018-09-05'),
	(5777, 41.58, 'Prelev', '2018-10-05', 'Julien CARBONNELL', 24.95, 'Academy', '2018-10-05'),
	(5778, 41.58, 'Prelev', '2018-11-05', 'Julien CARBONNELL', 24.95, 'Academy', '2018-11-05'),
	(5779, 41.58, 'Prelev', '2018-12-07', 'Julien CARBONNELL', 24.95, 'Academy', '2018-12-07'),
	(5780, 41.58, 'Prelev', '2019-01-08', 'Julien CARBONNELL', 24.95, 'Academy', '2019-01-08'),
	(5781, 41.58, 'Prelev', '2018-11-05', 'Jocelyn CASSAND', 24.95, 'Academy', '2018-11-05'),
	(5782, 41.58, 'Prelev', '2018-12-07', 'Jocelyn CASSAND', 24.95, 'Academy', '2018-12-07'),
	(5783, 41.58, 'Prelev', '2019-01-08', 'Jocelyn CASSAND', 24.95, 'Academy', '2019-01-08'),
	(5784, 280.00, 'Check', '2017-09-25', 'Sarah CASSESE', 168.00, 'Academy', '2017-10-04'),
	(5785, 25.74, 'Prelev', '2018-10-05', 'Sarah CASSESE', 15.44, 'Academy', '2018-10-05'),
	(5786, 25.74, 'Prelev', '2018-11-05', 'Sarah CASSESE', 15.44, 'Academy', '2018-11-05'),
	(5787, 25.74, 'Prelev', '2018-12-07', 'Sarah CASSESE', 15.44, 'Academy', '2018-12-07'),
	(5788, 25.74, 'Prelev', '2019-01-08', 'Sarah CASSESE', 15.44, 'Academy', '2019-01-08'),
	(5789, 41.58, 'Prelev', '2018-10-05', 'Frederic CHALOPIN', 24.95, 'Academy', '2018-10-05'),
	(5790, 41.58, 'Prelev', '2018-11-05', 'Frederic CHALOPIN', 24.95, 'Academy', '2018-11-05'),
	(5791, 41.58, 'Prelev', '2018-12-07', 'Frederic CHALOPIN', 24.95, 'Academy', '2018-12-07'),
	(5792, 41.58, 'Prelev', '2019-01-08', 'Frederic CHALOPIN', 24.95, 'Academy', '2019-01-08'),
	(5793, 41.58, 'Prelev', '2018-08-05', 'Mathieu CHANTALAT', 24.95, 'Academy', '2018-08-05'),
	(5794, 41.58, 'Prelev', '2018-09-05', 'Mathieu CHANTALAT', 24.95, 'Academy', '2018-09-05'),
	(5795, 41.58, 'Prelev', '2018-10-05', 'Mathieu CHANTALAT', 24.95, 'Academy', '2018-10-05'),
	(5796, 41.58, 'Prelev', '2018-11-05', 'Mathieu CHANTALAT', 24.95, 'Academy', '2018-11-05'),
	(5797, 41.58, 'Prelev', '2018-12-07', 'Mathieu CHANTALAT', 24.95, 'Academy', '2018-12-07'),
	(5798, 41.58, 'Prelev', '2019-01-08', 'Mathieu CHANTALAT', 24.95, 'Academy', '2019-01-08'),
	(5799, 41.58, 'Prelev', '2018-10-05', 'Cyril CHARDONNET', 24.95, 'Academy', '2018-10-05'),
	(5800, 41.58, 'Prelev', '2018-11-05', 'Cyril CHARDONNET', 24.95, 'Academy', '2018-11-05'),
	(5801, 41.58, 'Prelev', '2018-12-07', 'Cyril CHARDONNET', 24.95, 'Academy', '2018-12-07'),
	(5802, 41.58, 'Prelev', '2019-01-08', 'Cyril CHARDONNET', 24.95, 'Academy', '2019-01-08'),
	(5803, 41.58, 'Prelev', '2018-12-07', 'Thomas CHARLES', 24.95, 'Academy', '2018-12-07'),
	(5804, 41.58, 'Prelev', '2019-01-08', 'Thomas CHARLES', 24.95, 'Academy', '2019-01-08'),
	(5805, 500.00, 'Check', '2017-09-25', 'Adrien CHEMINET', 300.00, 'Academy', '2017-10-04'),
	(5806, 41.58, 'Prelev', '2018-10-05', 'Adrien CHEMINET', 24.95, 'Academy', '2018-10-05'),
	(5807, 41.58, 'Prelev', '2018-11-05', 'Adrien CHEMINET', 24.95, 'Academy', '2018-11-05'),
	(5808, 41.58, 'Prelev', '2018-12-07', 'Adrien CHEMINET', 24.95, 'Academy', '2018-12-07'),
	(5809, 41.58, 'Prelev', '2019-01-08', 'Adrien CHEMINET', 24.95, 'Academy', '2019-01-08'),
	(5810, 50.00, 'Cash', '2018-01-08', 'stephane creantor', 0.00, 'None', '2018-01-08'),
	(5811, 120.00, 'Check', '2018-07-03', 'Stephane CREANTOR', 72.00, 'Perso', '2018-07-08'),
	(5812, 41.58, 'Prelev', '2018-10-05', 'Stephane CREANTOR', 24.95, 'Academy', '2018-10-05'),
	(5813, 41.58, 'Prelev', '2018-11-05', 'Stephane CREANTOR', 24.95, 'Academy', '2018-11-05'),
	(5814, 41.58, 'Prelev', '2018-12-07', 'Stephane CREANTOR', 24.95, 'Academy', '2018-12-07'),
	(5815, 41.58, 'Prelev', '2019-01-08', 'Stephane CREANTOR', 24.95, 'Academy', '2019-01-08'),
	(5816, 350.00, 'Check', '2017-07-11', 'Daniel CURVAT', 210.00, 'Academy', '2017-08-02'),
	(5817, 100.00, 'Check', '2018-07-04', 'Daniel CURVAT', 60.00, 'Academy', '2018-09-03'),
	(5818, 41.58, 'Prelev', '2018-11-05', 'Daniel CURVAT', 24.95, 'Academy', '2018-11-05'),
	(5819, 41.58, 'Prelev', '2018-12-07', 'Daniel CURVAT', 24.95, 'Academy', '2018-12-07'),
	(5820, 41.58, 'Prelev', '2019-01-08', 'Daniel CURVAT', 24.95, 'Academy', '2019-01-08'),
	(5821, 41.58, 'Prelev', '2018-12-07', 'Antoine CUZARD', 24.95, 'Academy', '2018-12-07'),
	(5822, 41.58, 'Prelev', '2019-01-08', 'Antoine CUZARD', 24.95, 'Academy', '2019-01-08'),
	(5823, 80.00, 'Check', '2017-11-09', 'Martin CZABADAJ', 48.00, 'Academy', '2017-11-10'),
	(5824, 420.00, 'Check', '2018-01-09', 'Martin CZABADAJ', 252.00, 'Academy', '2018-02-05'),
	(5825, 41.58, 'Prelev', '2018-11-05', 'Martin CZABADAJ', 24.95, 'Academy', '2018-11-05'),
	(5826, 41.58, 'Prelev', '2018-12-07', 'Martin CZABADAJ', 24.95, 'Academy', '2018-12-07'),
	(5827, 41.58, 'Prelev', '2019-01-08', 'Martin CZABADAJ', 24.95, 'Academy', '2019-01-08'),
	(5828, 41.58, 'Prelev', '2018-10-05', 'Jeanne DANGUY', 24.95, 'Academy', '2018-10-05'),
	(5829, 41.58, 'Prelev', '2018-11-05', 'Jeanne DANGUY', 24.95, 'Academy', '2018-11-05'),
	(5830, 41.58, 'Prelev', '2018-12-07', 'Jeanne DANGUY', 24.95, 'Academy', '2018-12-07'),
	(5831, 41.58, 'Prelev', '2019-01-08', 'Jeanne DANGUY', 24.95, 'Academy', '2019-01-08'),
	(5832, 41.58, 'Prelev', '2018-10-05', 'Mickael DAVOLI', 24.95, 'Academy', '2018-10-05'),
	(5833, 41.58, 'Prelev', '2018-11-05', 'Mickael DAVOLI', 24.95, 'Academy', '2018-11-05'),
	(5834, 41.58, 'Prelev', '2018-12-07', 'Mickael DAVOLI', 24.95, 'Academy', '2018-12-07'),
	(5835, 41.58, 'Prelev', '2019-01-08', 'Mickael DAVOLI', 24.95, 'Academy', '2019-01-08'),
	(5836, 41.58, 'Prelev', '2018-11-05', 'Matthew DOERKSEN', 24.95, 'Academy', '2018-11-05'),
	(5837, 41.58, 'Prelev', '2018-12-07', 'Matthew DOERKSEN', 24.95, 'Academy', '2018-12-07'),
	(5838, 41.58, 'Prelev', '2019-01-08', 'Matthew DOERKSEN', 24.95, 'Academy', '2019-01-08'),
	(5839, 125.00, 'Check', '2017-11-30', 'David DONNINI', 75.00, 'Academy', '2017-12-04'),
	(5840, 125.00, 'Check', '2017-11-30', 'David DONNINI', 75.00, 'Academy', '2018-01-03'),
	(5841, 125.00, 'Check', '2017-11-30', 'David DONNINI', 75.00, 'Academy', '2018-02-05'),
	(5842, 125.00, 'Check', '2017-11-30', 'David DONNINI', 75.00, 'Academy', '2018-03-03'),
	(5843, 41.58, 'Prelev', '2019-01-08', 'David DONNINI', 24.95, 'Academy', '2019-01-08'),
	(5844, 500.00, 'Check', '2017-09-07', 'Pierre DORE', 300.00, 'Academy', '2017-09-07'),
	(5845, 41.58, 'Prelev', '2018-10-05', 'Fabien DORE', 24.95, 'Academy', '2018-10-05'),
	(5846, 41.58, 'Prelev', '2018-11-05', 'Fabien DORE', 24.95, 'Academy', '2018-11-05'),
	(5847, 41.58, 'Prelev', '2018-12-07', 'Fabien DORE', 24.95, 'Academy', '2018-12-07'),
	(5848, 41.58, 'Prelev', '2019-01-08', 'Fabien DORE', 24.95, 'Academy', '2019-01-08'),
	(5849, 80.00, 'Cash', '2017-09-14', 'Eric DRIKES', 0.00, 'None', '2017-10-26'),
	(5850, 80.00, 'Cash', '2017-10-16', 'Eric DRIKES', 0.00, 'None', '2017-10-26'),
	(5851, 50.00, 'Cash', '2018-03-06', 'Eric DRIKES', 0.00, 'None', '2018-03-06'),
	(5852, 41.58, 'Prelev', '2018-11-05', 'Eric DRIKES', 24.95, 'Academy', '2018-11-05'),
	(5853, 41.58, 'Prelev', '2018-12-07', 'Eric DRIKES', 24.95, 'Academy', '2018-12-07'),
	(5854, 41.58, 'Prelev', '2019-01-08', 'Eric DRIKES', 24.95, 'Academy', '2019-01-08'),
	(5855, 100.00, 'Cash', '2018-11-09', 'Vincent FASOLI', 0.00, 'None', '2018-11-09'),
	(5856, 41.58, 'Prelev', '2018-12-07', 'Vincent FASOLI', 24.95, 'Academy', '2018-12-07'),
	(5857, 41.58, 'Prelev', '2019-01-08', 'Vincent FASOLI', 24.95, 'Academy', '2019-01-08'),
	(5858, 41.58, 'Prelev', '2018-11-05', 'Mickaël FELTEN', 24.95, 'Academy', '2018-11-05'),
	(5859, 41.58, 'Prelev', '2018-12-07', 'Mickaël FELTEN', 24.95, 'Academy', '2018-12-07'),
	(5860, 41.58, 'Prelev', '2019-01-08', 'Mickaël FELTEN', 24.95, 'Academy', '2019-01-08'),
	(5861, 41.58, 'Prelev', '2018-08-05', 'Thomas FOURNIER', 24.95, 'Academy', '2018-08-05'),
	(5862, 41.58, 'Prelev', '2018-09-05', 'Thomas FOURNIER', 24.95, 'Academy', '2018-09-05'),
	(5863, 41.58, 'Prelev', '2018-10-05', 'Thomas FOURNIER', 24.95, 'Academy', '2018-10-05'),
	(5864, 41.58, 'Prelev', '2018-11-05', 'Thomas FOURNIER', 24.95, 'Academy', '2018-11-05'),
	(5865, 41.58, 'Prelev', '2018-12-07', 'Thomas FOURNIER', 24.95, 'Academy', '2018-12-07'),
	(5866, 41.58, 'Prelev', '2019-01-08', 'Thomas FOURNIER', 24.95, 'Academy', '2019-01-08'),
	(5875, 80.00, 'Check', '2017-09-28', 'Julien GAZAVE', 48.00, 'Academy', '2017-10-04'),
	(5876, 80.00, 'Check', '2017-11-09', 'Julien GAZAVE', 48.00, 'Academy', '2017-11-10'),
	(5877, 100.00, 'Check', '2018-01-09', 'Julien GAZAVE', 60.00, 'Perso', '2018-02-01'),
	(5878, 140.00, 'Check', '2018-01-09', 'Julien GAZAVE', 84.00, 'Perso', '2018-03-31'),
	(5879, 100.00, 'Check', '2018-01-09', 'Julien GAZAVE', 60.00, 'Perso', '2018-03-03'),
	(5880, 41.58, 'Prelev', '2018-11-05', 'Julien GAZAVE', 24.95, 'Academy', '2018-11-05'),
	(5881, 41.58, 'Prelev', '2018-12-07', 'Julien GAZAVE', 24.95, 'Academy', '2018-12-07'),
	(5882, 41.58, 'Prelev', '2019-01-08', 'Julien GAZAVE', 24.95, 'Academy', '2019-01-08'),
	(5883, 41.58, 'Prelev', '2018-08-05', 'Marco GONCALVES', 24.95, 'Academy', '2018-08-05'),
	(5884, 41.58, 'Prelev', '2018-10-05', 'Marco GONCALVES', 24.95, 'Academy', '2018-10-05'),
	(5885, 41.58, 'Prelev', '2018-11-05', 'Marco GONCALVES', 24.95, 'Academy', '2018-11-05'),
	(5886, 41.58, 'Prelev', '2018-12-07', 'Marco GONCALVES', 24.95, 'Academy', '2018-12-07'),
	(5887, 41.58, 'Prelev', '2019-01-08', 'Marco GONCALVES', 24.95, 'Academy', '2019-01-08'),
	(5888, 41.58, 'Prelev', '2018-12-07', 'Dihere GOUMANE', 24.95, 'Academy', '2018-12-07'),
	(5889, 41.58, 'Prelev', '2019-01-08', 'Dihere GOUMANE', 24.95, 'Academy', '2019-01-08'),
	(5890, 125.00, 'Check', '2018-01-09', 'raphael grellet', 75.00, 'Academy', '2018-02-05'),
	(5891, 41.58, 'Prelev', '2018-12-07', 'Raphael GRELLET', 24.95, 'Academy', '2018-12-07'),
	(5892, 41.58, 'Prelev', '2019-01-08', 'Raphael GRELLET', 24.95, 'Academy', '2019-01-08'),
	(5893, 250.00, 'Check', '2017-06-01', 'MOUSTAKIM HASSANI', 150.00, 'Academy', '2017-06-04'),
	(5894, 250.00, 'Check', '2017-12-07', 'Moustakima HASSANI', 150.00, 'Academy', '2017-12-07'),
	(5895, 41.58, 'Prelev', '2018-10-05', 'Moustakima HASSANI', 24.95, 'Academy', '2018-10-05'),
	(5896, 41.58, 'Prelev', '2018-11-05', 'Moustakima HASSANI', 24.95, 'Academy', '2018-11-05'),
	(5897, 41.58, 'Prelev', '2018-12-07', 'Moustakima HASSANI', 24.95, 'Academy', '2018-12-07'),
	(5898, 41.58, 'Prelev', '2019-01-08', 'Moustakima HASSANI', 24.95, 'Academy', '2019-01-08'),
	(5899, 41.58, 'Prelev', '2018-10-05', 'Philippe HEYDARIAN', 24.95, 'Academy', '2018-10-05'),
	(5900, 41.58, 'Prelev', '2018-11-05', 'Philippe HEYDARIAN', 24.95, 'Academy', '2018-11-05'),
	(5901, 41.58, 'Prelev', '2018-12-07', 'Philippe HEYDARIAN', 24.95, 'Academy', '2018-12-07'),
	(5902, 41.58, 'Prelev', '2019-01-08', 'Philippe HEYDARIAN', 24.95, 'Academy', '2019-01-08'),
	(5903, 40.00, 'Cash', '2017-12-07', 'inconnnu HORSKYY', 0.00, 'None', '2017-12-07'),
	(5904, 65.00, 'Cash', '2018-03-06', 'Genedy HORSKYY', 0.00, 'None', '2018-03-06'),
	(5905, 65.00, 'Cash', '2018-03-12', 'Hennaddig HORSKYY', 0.00, 'None', '2018-03-12'),
	(5906, 41.58, 'Prelev', '2018-10-05', 'Hennaddig HORSKYY', 24.95, 'Academy', '2018-10-05'),
	(5907, 41.58, 'Prelev', '2018-11-05', 'Hennaddig HORSKYY', 24.95, 'Academy', '2018-11-05'),
	(5908, 41.58, 'Prelev', '2018-12-07', 'Hennaddig HORSKYY', 24.95, 'Academy', '2018-12-07'),
	(5909, 41.58, 'Prelev', '2019-01-08', 'Hennaddig HORSKYY', 24.95, 'Academy', '2019-01-08'),
	(5910, 41.58, 'Prelev', '2018-12-07', 'Claudia HULBERT', 24.95, 'Academy', '2018-12-07'),
	(5911, 41.58, 'Prelev', '2019-01-08', 'Claudia HULBERT', 24.95, 'Academy', '2019-01-08'),
	(5912, 41.58, 'Prelev', '2018-10-05', 'Frédéric JACQUET', 24.95, 'Academy', '2018-10-05'),
	(5913, 41.58, 'Prelev', '2018-11-05', 'Frédéric JACQUET', 24.95, 'Academy', '2018-11-05'),
	(5914, 41.58, 'Prelev', '2018-12-07', 'Frédéric JACQUET', 24.95, 'Academy', '2018-12-07'),
	(5915, 41.58, 'Prelev', '2019-01-08', 'Frédéric JACQUET', 24.95, 'Academy', '2019-01-08'),
	(5916, 41.58, 'Prelev', '2019-01-08', 'Julien JUTEAU', 24.95, 'Academy', '2019-01-08'),
	(5917, 41.58, 'Prelev', '2018-11-05', 'Axel LARIDON', 24.95, 'Academy', '2018-11-05'),
	(5918, 41.58, 'Prelev', '2018-12-07', 'Axel LARIDON', 24.95, 'Academy', '2018-12-07'),
	(5919, 41.58, 'Prelev', '2019-01-08', 'Axel LARIDON', 24.95, 'Academy', '2019-01-08'),
	(5920, 41.58, 'Prelev', '2018-11-05', 'Julien LAVERDURE', 24.95, 'Academy', '2018-11-05'),
	(5921, 41.58, 'Prelev', '2018-12-07', 'Julien LAVERDURE', 24.95, 'Academy', '2018-12-07'),
	(5922, 41.58, 'Prelev', '2019-01-08', 'Julien LAVERDURE', 24.95, 'Academy', '2019-01-08'),
	(5923, 100.00, 'Cash', '2017-09-18', 'Jonas LEBLANC', 0.00, 'None', '2017-10-26'),
	(5924, 20.79, 'Prelev', '2018-12-07', 'Jonas LEBLANC', 12.47, 'Academy', '2018-12-07'),
	(5925, 20.79, 'Prelev', '2019-01-08', 'Jonas LEBLANC', 12.47, 'Academy', '2019-01-08'),
	(5926, 41.58, 'Prelev', '2018-10-05', 'Rémi LESÉNÉCHAL', 24.95, 'Academy', '2018-10-05'),
	(5927, 41.58, 'Prelev', '2018-11-05', 'Rémi LESÉNÉCHAL', 24.95, 'Academy', '2018-11-05'),
	(5928, 41.58, 'Prelev', '2018-12-07', 'Rémi LESÉNÉCHAL', 24.95, 'Academy', '2018-12-07'),
	(5929, 41.58, 'Prelev', '2019-01-08', 'Rémi LESÉNÉCHAL', 24.95, 'Academy', '2019-01-08'),
	(5930, 41.58, 'Prelev', '2018-12-07', 'Gerard LINCERTIN', 24.95, 'Academy', '2018-12-07'),
	(5931, 41.58, 'Prelev', '2019-01-08', 'Gerard LINCERTIN', 24.95, 'Academy', '2019-01-08'),
	(5932, 41.58, 'Prelev', '2018-10-05', 'Julien LUCAS', 24.95, 'Academy', '2018-10-05'),
	(5933, 41.58, 'Prelev', '2018-11-05', 'Julien LUCAS', 24.95, 'Academy', '2018-11-05'),
	(5934, 41.58, 'Prelev', '2018-12-07', 'Julien LUCAS', 24.95, 'Academy', '2018-12-07'),
	(5935, 41.58, 'Prelev', '2019-01-08', 'Julien LUCAS', 24.95, 'Academy', '2019-01-08'),
	(5936, 40.00, 'Check', '2018-05-18', 'paul MAHON', 24.00, 'Academy', '2018-06-04'),
	(5937, 41.58, 'Prelev', '2018-06-05', 'Paul MAHON', 24.95, 'Academy', '2018-06-05'),
	(5938, 41.58, 'Prelev', '2018-07-05', 'Paul MAHON', 24.95, 'Academy', '2018-07-05'),
	(5939, 41.58, 'Prelev', '2018-08-05', 'Paul MAHON', 24.95, 'Academy', '2018-08-05'),
	(5940, 41.58, 'Prelev', '2018-09-05', 'Paul MAHON', 24.95, 'Academy', '2018-09-05'),
	(5941, 41.58, 'Prelev', '2018-10-05', 'Paul MAHON', 24.95, 'Academy', '2018-10-05'),
	(5942, 41.58, 'Prelev', '2018-11-05', 'Paul MAHON', 24.95, 'Academy', '2018-11-05'),
	(5943, 41.58, 'Prelev', '2018-12-07', 'Paul MAHON', 24.95, 'Academy', '2018-12-07'),
	(5944, 41.58, 'Prelev', '2019-01-08', 'Paul MAHON', 24.95, 'Academy', '2019-01-08'),
	(5945, 80.00, 'Check', '2017-05-10', 'Kevin MALGERARD', 48.00, 'Academy', '2017-05-11'),
	(5946, 80.00, 'Check', '2017-11-30', 'Jennifer MALGERARD', 48.00, 'Academy', '2017-12-04'),
	(5947, 125.00, 'Check', '2018-03-06', 'Kevin MALGERARD', 75.00, 'Perso', '2018-03-31'),
	(5948, 41.58, 'Prelev', '2018-06-05', 'Kevin MALGERARD', 24.95, 'Academy', '2018-06-05'),
	(5949, 41.58, 'Prelev', '2018-07-05', 'Kevin MALGERARD', 24.95, 'Academy', '2018-07-05'),
	(5950, 41.58, 'Prelev', '2018-08-05', 'Kevin MALGERARD', 24.95, 'Academy', '2018-08-05'),
	(5951, 41.58, 'Prelev', '2018-09-05', 'Kevin MALGERARD', 24.95, 'Academy', '2018-09-05'),
	(5952, 41.58, 'Prelev', '2018-10-05', 'Kevin MALGERARD', 24.95, 'Academy', '2018-10-05'),
	(5953, 41.58, 'Prelev', '2018-11-05', 'Kevin MALGERARD', 24.95, 'Academy', '2018-11-05'),
	(5954, 41.58, 'Prelev', '2018-12-07', 'Kevin MALGERARD', 24.95, 'Academy', '2018-12-07'),
	(5955, 41.58, 'Prelev', '2019-01-08', 'Kevin MALGERARD', 24.95, 'Academy', '2019-01-08'),
	(5956, 41.58, 'Prelev', '2018-06-05', 'Brian MANGOENPAWIRO', 24.95, 'Academy', '2018-06-05'),
	(5957, 41.58, 'Prelev', '2018-07-05', 'Brian MANGOENPAWIRO', 24.95, 'Academy', '2018-07-05'),
	(5958, 41.58, 'Prelev', '2018-08-05', 'Brian MANGOENPAWIRO', 24.95, 'Academy', '2018-08-05'),
	(5959, 41.58, 'Prelev', '2018-09-05', 'Brian MANGOENPAWIRO', 24.95, 'Academy', '2018-09-05'),
	(5960, 41.58, 'Prelev', '2018-10-05', 'Brian MANGOENPAWIRO', 24.95, 'Academy', '2018-10-05'),
	(5961, 41.58, 'Prelev', '2018-11-05', 'Brian MANGOENPAWIRO', 24.95, 'Academy', '2018-11-05'),
	(5962, 41.58, 'Prelev', '2018-12-07', 'Brian MANGOENPAWIRO', 24.95, 'Academy', '2018-12-07'),
	(5963, 41.58, 'Prelev', '2019-01-08', 'Brian MANGOENPAWIRO', 24.95, 'Academy', '2019-01-08'),
	(5964, 29.70, 'Prelev', '2018-11-05', 'Cedric MAUFROY', 17.82, 'Academy', '2018-11-05'),
	(5965, 29.70, 'Prelev', '2018-12-07', 'Cedric MAUFROY', 17.82, 'Academy', '2018-12-07'),
	(5966, 29.70, 'Prelev', '2019-01-08', 'Cedric MAUFROY', 17.82, 'Academy', '2019-01-08'),
	(5967, 100.00, 'Check', '2017-05-10', 'Joan MESINELE', 60.00, 'Academy', '2017-10-04'),
	(5968, 100.00, 'Check', '2017-05-10', 'Joan MESINELE', 60.00, 'Academy', '2017-09-05'),
	(5969, 100.00, 'Check', '2017-05-10', 'Joan MESINELE', 60.00, 'Academy', '2017-08-02'),
	(5970, 100.00, 'Check', '2017-05-10', 'Joan MESINELE', 60.00, 'Academy', '2017-07-05'),
	(5971, 100.00, 'Check', '2017-05-10', 'Joan MESINELE', 60.00, 'Academy', '2017-06-04'),
	(5972, 41.58, 'Prelev', '2018-10-05', 'Joan MESINELE', 24.95, 'Academy', '2018-10-05'),
	(5973, 41.58, 'Prelev', '2018-11-05', 'Joan MESINELE', 24.95, 'Academy', '2018-11-05'),
	(5974, 41.58, 'Prelev', '2018-12-07', 'Joan MESINELE', 24.95, 'Academy', '2018-12-07'),
	(5975, 41.58, 'Prelev', '2019-01-08', 'Joan MESINELE', 24.95, 'Academy', '2019-01-08'),
	(5976, 41.58, 'Prelev', '2018-12-07', 'Eddy MICHELET', 24.95, 'Academy', '2018-12-07'),
	(5977, 41.58, 'Prelev', '2019-01-08', 'Eddy MICHELET', 24.95, 'Academy', '2019-01-08'),
	(5978, 29.70, 'Prelev', '2018-10-05', 'Damien MILLAN', 17.82, 'Academy', '2018-10-05'),
	(5979, 29.70, 'Prelev', '2018-11-05', 'Damien MILLAN', 17.82, 'Academy', '2018-11-05'),
	(5980, 29.70, 'Prelev', '2018-12-07', 'Damien MILLAN', 17.82, 'Academy', '2018-12-07'),
	(5981, 29.70, 'Prelev', '2019-01-08', 'Damien MILLAN', 17.82, 'Academy', '2019-01-08'),
	(5982, 41.58, 'Prelev', '2019-01-08', 'Greg MOREL', 24.95, 'Academy', '2019-01-08'),
	(5983, 41.58, 'Prelev', '2018-10-05', 'Pierre MURATET', 24.95, 'Academy', '2018-10-05'),
	(5984, 41.58, 'Prelev', '2018-11-05', 'Pierre MURATET', 24.95, 'Academy', '2018-11-05'),
	(5985, 41.58, 'Prelev', '2018-12-07', 'Pierre MURATET', 24.95, 'Academy', '2018-12-07'),
	(5986, 41.58, 'Prelev', '2019-01-08', 'Pierre MURATET', 24.95, 'Academy', '2019-01-08'),
	(5987, 41.58, 'Prelev', '2018-07-05', 'Joris NADEAU', 24.95, 'Academy', '2018-07-05'),
	(5988, 41.58, 'Prelev', '2018-08-05', 'Joris NADEAU', 24.95, 'Academy', '2018-08-05'),
	(5989, 41.58, 'Prelev', '2018-09-05', 'Joris NADEAU', 24.95, 'Academy', '2018-09-05'),
	(5990, 41.58, 'Prelev', '2018-10-05', 'Joris NADEAU', 24.95, 'Academy', '2018-10-05'),
	(5991, 41.58, 'Prelev', '2018-11-05', 'Joris NADEAU', 24.95, 'Academy', '2018-11-05'),
	(5992, 41.58, 'Prelev', '2018-12-07', 'Joris NADEAU', 24.95, 'Academy', '2018-12-07'),
	(5993, 41.58, 'Prelev', '2019-01-08', 'Joris NADEAU', 24.95, 'Academy', '2019-01-08'),
	(5994, 100.00, 'Transfert', '2018-01-03', 'Farid NAÏR', 60.00, 'Academy', '2018-01-03'),
	(5995, 41.58, 'Prelev', '2018-06-05', 'Farid NAÏR', 24.95, 'Academy', '2018-06-05'),
	(5996, 41.58, 'Prelev', '2018-07-05', 'Farid NAÏR', 24.95, 'Academy', '2018-07-05'),
	(5997, 41.58, 'Prelev', '2018-08-05', 'Farid NAÏR', 24.95, 'Academy', '2018-08-05'),
	(5998, 41.58, 'Prelev', '2018-09-05', 'Farid NAÏR', 24.95, 'Academy', '2018-09-05'),
	(5999, 41.58, 'Prelev', '2018-10-05', 'Farid NAÏR', 24.95, 'Academy', '2018-10-05'),
	(6000, 41.58, 'Prelev', '2018-11-05', 'Farid NAÏR', 24.95, 'Academy', '2018-11-05'),
	(6001, 41.58, 'Prelev', '2018-12-07', 'Farid NAÏR', 24.95, 'Academy', '2018-12-07'),
	(6002, 41.58, 'Prelev', '2019-01-08', 'Farid NAÏR', 24.95, 'Academy', '2019-01-08'),
	(6003, 125.00, 'Check', '2017-09-25', 'Alban OUAHAB', 75.00, 'Academy', '2018-01-03'),
	(6004, 125.00, 'Check', '2017-09-25', 'Alban OUAHAB', 75.00, 'Academy', '2017-12-04'),
	(6005, 125.00, 'Check', '2017-09-25', 'Alban OUAHAB', 75.00, 'Academy', '2017-11-04'),
	(6006, 125.00, 'Check', '2017-09-25', 'Alban OUAHAB', 75.00, 'Academy', '2017-10-04'),
	(6007, 41.58, 'Prelev', '2018-11-05', 'Alban OUAHAB', 24.95, 'Academy', '2018-11-05'),
	(6008, 41.58, 'Prelev', '2018-12-07', 'Alban OUAHAB', 24.95, 'Academy', '2018-12-07'),
	(6009, 41.58, 'Prelev', '2019-01-08', 'Alban OUAHAB', 24.95, 'Academy', '2019-01-08'),
	(6013, 80.00, 'Check', '2017-09-14', 'Celine PERREARD', 48.00, 'Academy', '2017-09-15'),
	(6014, 220.00, 'Check', '2017-11-30', 'Celine PERREARD', 132.00, 'Academy', '2017-12-04'),
	(6015, 200.00, 'Check', '2017-11-30', 'Celine PERREARD', 120.00, 'Perso', '2018-01-03'),
	(6016, 41.58, 'Prelev', '2018-11-05', 'Celine PERREARD', 24.95, 'Academy', '2018-11-05'),
	(6017, 41.58, 'Prelev', '2018-12-07', 'Celine PERREARD', 24.95, 'Academy', '2018-12-07'),
	(6018, 41.58, 'Prelev', '2019-01-08', 'Celine PERREARD', 24.95, 'Academy', '2019-01-08'),
	(6019, 41.58, 'Prelev', '2018-09-05', 'Alexis PETITJEAN', 24.95, 'Academy', '2018-09-05'),
	(6020, 41.58, 'Prelev', '2018-10-05', 'Alexis PETITJEAN', 24.95, 'Academy', '2018-10-05'),
	(6021, 41.58, 'Prelev', '2018-11-05', 'Alexis PETITJEAN', 24.95, 'Academy', '2018-11-05'),
	(6022, 41.58, 'Prelev', '2018-12-07', 'Alexis PETITJEAN', 24.95, 'Academy', '2018-12-07'),
	(6023, 41.58, 'Prelev', '2019-01-08', 'Alexis PETITJEAN', 24.95, 'Academy', '2019-01-08'),
	(6024, 41.58, 'Prelev', '2019-01-08', 'Jules Hervé PINDY', 24.95, 'Academy', '2019-01-08'),
	(6025, 41.58, 'Prelev', '2018-10-05', 'Christian PINVILLE', 24.95, 'Academy', '2018-10-05'),
	(6026, 41.58, 'Prelev', '2018-11-05', 'Christian PINVILLE', 24.95, 'Academy', '2018-11-05'),
	(6027, 41.58, 'Prelev', '2018-12-07', 'Christian PINVILLE', 24.95, 'Academy', '2018-12-07'),
	(6028, 41.58, 'Prelev', '2019-01-08', 'Christian PINVILLE', 24.95, 'Academy', '2019-01-08'),
	(6029, 41.58, 'Prelev', '2018-11-05', 'Olivier PLAZAS', 24.95, 'Academy', '2018-11-05'),
	(6030, 41.58, 'Prelev', '2018-12-07', 'Olivier PLAZAS', 24.95, 'Academy', '2018-12-07'),
	(6031, 41.58, 'Prelev', '2019-01-08', 'Olivier PLAZAS', 24.95, 'Academy', '2019-01-08'),
	(6032, 100.00, 'Check', '2017-09-05', 'Yim DARINA', 60.00, 'Academy', '2017-10-04'),
	(6033, 100.00, 'Check', '2017-09-05', 'Yim DARINA', 60.00, 'Academy', '2017-09-06'),
	(6034, 80.00, 'Check', '2017-05-10', 'Yim DARINA', 48.00, 'Academy', '2017-05-11'),
	(6035, 41.58, 'Prelev', '2018-07-05', 'Ricardo RIBEIRO', 24.95, 'Academy', '2018-07-05'),
	(6036, 41.58, 'Prelev', '2018-08-05', 'Ricardo RIBEIRO', 24.95, 'Academy', '2018-08-05'),
	(6037, 41.58, 'Prelev', '2018-09-05', 'Ricardo RIBEIRO', 24.95, 'Academy', '2018-09-05'),
	(6038, 41.58, 'Prelev', '2018-10-05', 'Ricardo RIBEIRO', 24.95, 'Academy', '2018-10-05'),
	(6039, 41.58, 'Prelev', '2018-11-05', 'Ricardo RIBEIRO', 24.95, 'Academy', '2018-11-05'),
	(6040, 41.58, 'Prelev', '2018-12-07', 'Ricardo RIBEIRO', 24.95, 'Academy', '2018-12-07'),
	(6041, 41.58, 'Prelev', '2019-01-08', 'Ricardo RIBEIRO', 24.95, 'Academy', '2019-01-08'),
	(6042, 41.58, 'Prelev', '2018-10-05', 'Damien ROQUES', 24.95, 'Academy', '2018-10-05'),
	(6043, 41.58, 'Prelev', '2018-11-05', 'Damien ROQUES', 24.95, 'Academy', '2018-11-05'),
	(6044, 41.58, 'Prelev', '2018-12-07', 'Damien ROQUES', 24.95, 'Academy', '2018-12-07'),
	(6045, 41.58, 'Prelev', '2019-01-08', 'Damien ROQUES', 24.95, 'Academy', '2019-01-08'),
	(6046, 41.58, 'Prelev', '2018-11-05', 'Aly SALAMÉ', 24.95, 'Academy', '2018-11-05'),
	(6047, 29.70, 'Prelev', '2018-12-07', 'Aly SALAMÉ', 17.82, 'Academy', '2018-12-07'),
	(6048, 29.70, 'Prelev', '2019-01-08', 'Aly SALAMÉ', 17.82, 'Academy', '2019-01-08'),
	(6049, 41.58, 'Prelev', '2018-10-05', 'Mikael THOMAS', 24.95, 'Academy', '2018-10-05'),
	(6050, 41.58, 'Prelev', '2018-11-05', 'Mikael THOMAS', 24.95, 'Academy', '2018-11-05'),
	(6051, 41.58, 'Prelev', '2018-12-07', 'Mikael THOMAS', 24.95, 'Academy', '2018-12-07'),
	(6052, 41.58, 'Prelev', '2019-01-08', 'Mikael THOMAS', 24.95, 'Academy', '2019-01-08'),
	(6053, 100.00, 'Check', '2017-09-21', 'Emmanuel PEREIRA VIEIRA', 60.00, 'Perso', '2018-02-01'),
	(6054, 100.00, 'Check', '2017-09-21', 'Emmanuel PEREIRA VIEIRA', 60.00, 'Academy', '2018-01-03'),
	(6055, 100.00, 'Check', '2017-09-21', 'Emmanuel PEREIRA VIEIRA', 60.00, 'Academy', '2017-12-04'),
	(6056, 100.00, 'Check', '2017-09-21', 'Emmanuel PEREIRA VIEIRA', 60.00, 'Academy', '2017-11-04'),
	(6057, 100.00, 'Check', '2017-09-21', 'Emmanuel PEREIRA VIEIRA', 60.00, 'Academy', '2017-10-04'),
	(6058, 41.58, 'Prelev', '2018-10-05', 'Emanuel VIEIRA', 24.95, 'Academy', '2018-10-05'),
	(6059, 41.58, 'Prelev', '2018-11-05', 'Emanuel VIEIRA', 24.95, 'Academy', '2018-11-05'),
	(6060, 41.58, 'Prelev', '2018-12-07', 'Emanuel VIEIRA', 24.95, 'Academy', '2018-12-07'),
	(6061, 41.58, 'Prelev', '2019-01-08', 'Emanuel VIEIRA', 24.95, 'Academy', '2019-01-08'),
	(6062, 41.58, 'Prelev', '2019-01-08', 'Nicolas VIEL', 24.95, 'Academy', '2019-01-08'),
	(6063, 500.00, 'Check', '2017-05-10', 'Alexandre WALLOIS', 300.00, 'Academy', '2017-05-11'),
	(6064, 41.58, 'Prelev', '2018-06-05', 'Alexandre WALLOIS', 24.95, 'Academy', '2018-06-05'),
	(6065, 41.58, 'Prelev', '2018-07-05', 'Alexandre WALLOIS', 24.95, 'Academy', '2018-07-05'),
	(6066, 41.58, 'Prelev', '2018-08-05', 'Alexandre WALLOIS', 24.95, 'Academy', '2018-08-05'),
	(6067, 41.58, 'Prelev', '2018-09-05', 'Alexandre WALLOIS', 24.95, 'Academy', '2018-09-05'),
	(6068, 41.58, 'Prelev', '2018-10-05', 'Alexandre WALLOIS', 24.95, 'Academy', '2018-10-05'),
	(6069, 41.58, 'Prelev', '2018-11-05', 'Alexandre WALLOIS', 24.95, 'Academy', '2018-11-05'),
	(6070, 41.58, 'Prelev', '2018-12-07', 'Alexandre WALLOIS', 24.95, 'Academy', '2018-12-07'),
	(6071, 41.58, 'Prelev', '2019-01-08', 'Alexandre WALLOIS', 24.95, 'Academy', '2019-01-08'),
	(6072, 100.00, 'Check', '2017-09-25', 'Paul-François YGORRA', 60.00, 'Academy', '2018-04-03'),
	(6073, 100.00, 'Check', '2017-09-25', 'Paul-François YGORRA', 60.00, 'Academy', '2018-06-04'),
	(6074, 100.00, 'Check', '2017-09-25', 'Paul-François YGORRA', 60.00, 'Academy', '2018-03-03'),
	(6075, 100.00, 'Check', '2017-09-25', 'Paul-François YGORRA', 60.00, 'Academy', '2018-02-05'),
	(6076, 100.00, 'Check', '2017-09-25', 'Paul-François YGORRA', 60.00, 'Academy', '2017-12-04'),
	(6077, 50.00, 'Check', '2017-05-10', 'Paul-François YGORRA', 30.00, 'Academy', '2017-09-05'),
	(6078, 50.00, 'Check', '2017-05-10', 'Paul-François YGORRA', 30.00, 'Academy', '2017-06-04'),
	(6079, 60.00, 'Check', '2017-05-10', 'Paul-François YGORRA', 36.00, 'Academy', '2017-08-02'),
	(6080, 60.00, 'Check', '2017-05-10', 'Paul-François YGORRA', 36.00, 'Academy', '2017-07-05'),
	(6081, 41.58, 'Prelev', '2018-10-05', 'Paul-François YGORRA', 24.95, 'Academy', '2018-10-05'),
	(6082, 41.58, 'Prelev', '2018-11-05', 'Paul-François YGORRA', 24.95, 'Academy', '2018-11-05'),
	(6083, 41.58, 'Prelev', '2018-12-07', 'Paul-François YGORRA', 24.95, 'Academy', '2018-12-07'),
	(6084, 41.58, 'Prelev', '2019-01-08', 'Paul-François YGORRA', 24.95, 'Academy', '2019-01-08'),
	(6085, 500.00, 'Check', '2017-12-07', 'Roy HARRIS', 300.00, 'Academy', '2017-12-07'),
	(6086, 40.00, 'Cash', '2017-09-25', 'Thomas CASTAN', 0.00, 'None', '2017-10-26'),
	(6087, 210.00, 'Check', '2017-11-09', 'Thomas CASTAN', 126.00, 'Academy', '2017-11-10'),
	(6088, 210.00, 'Check', '2017-11-09', 'Thomas CASTAN', 126.00, 'Academy', '2017-11-10'),
	(6089, 200.00, 'Check', '2017-09-18', 'Yann MALARD', 120.00, 'Academy', '2017-09-19'),
	(6090, 150.00, 'Check', '2017-09-18', 'Yann MALARD', 90.00, 'Academy', '2017-10-04'),
	(6091, 150.00, 'Check', '2017-09-18', 'Yann MALARD', 90.00, 'Academy', '2017-11-04'),
	(6092, 41.58, 'Prelev', '2018-11-05', 'Antonio BLANCO', 24.95, 'Academy', '2018-11-05'),
	(6093, 41.58, 'Prelev', '2018-12-07', 'Antonio BLANCO', 24.95, 'Academy', '2018-12-07'),
	(6094, 41.58, 'Prelev', '2019-01-08', 'Antonio BLANCO', 24.95, 'Academy', '2019-01-08'),
	(6095, 125.00, 'Check', '2017-09-14', 'David Gauthier', 75.00, 'Academy', '2017-10-04'),
	(6096, 125.00, 'Check', '2017-09-14', 'David Gauthier', 75.00, 'Academy', '2017-11-04'),
	(6097, 125.00, 'Check', '2017-09-14', 'David Gauthier', 75.00, 'Academy', '2017-12-04'),
	(6098, 125.00, 'Check', '2017-09-14', 'David Gauthier', 75.00, 'Academy', '2018-01-03'),
	(6099, 41.58, 'Prelev', '2018-10-05', 'David GAUTHIER', 24.95, 'Academy', '2018-10-05'),
	(6100, 41.58, 'Prelev', '2018-11-05', 'David GAUTHIER', 24.95, 'Academy', '2018-11-05'),
	(6101, 41.58, 'Prelev', '2018-12-07', 'David GAUTHIER', 24.95, 'Academy', '2018-12-07'),
	(6102, 41.58, 'Prelev', '2019-01-08', 'David GAUTHIER', 24.95, 'Academy', '2019-01-08'),
	(6103, 500.00, 'Check', '2018-02-08', 'dominique pedinielli', 300.00, 'Academy', '2018-03-03'),
	(6104, 41.58, 'Prelev', '2018-11-05', 'Thomas PAYET', 24.95, 'Academy', '2018-11-05'),
	(6105, 41.58, 'Prelev', '2018-12-07', 'Thomas PAYET', 24.95, 'Academy', '2018-12-07'),
	(6106, 41.58, 'Prelev', '2019-01-08', 'Thomas PAYET', 24.95, 'Academy', '2019-01-08'),
	(6107, 350.00, 'Check', '2017-11-15', 'QUINQUENEL Jean-Baptiste', 210.00, 'Academy', '2017-12-04'),
	(6108, 100.00, 'Cash', '2017-09-05', 'Raphael DOS SANTOS', 0.00, 'None', '2017-10-26'),
	(6109, 250.00, 'Cash', '2017-11-09', 'Raphael DOS SANTOS', 0.00, 'None', '2017-11-09'),
	(6110, 200.00, 'Check', '2017-11-30', 'Juan NERINA', 120.00, 'Perso', '2018-02-02'),
	(6111, 150.00, 'Check', '2017-11-30', 'Juan NERINA', 90.00, 'Perso', '2018-03-03'),
	(6112, 150.00, 'Check', '2017-11-30', 'Juan NERINA', 90.00, 'Perso', '2018-03-31');
/*!40000 ALTER TABLE `PAYMENTS` ENABLE KEYS */;

-- Export de la structure de la table CERCLE. PLANS
DROP TABLE IF EXISTS `PLANS`;
CREATE TABLE IF NOT EXISTS `PLANS` (
  `ID` int(11) NOT NULL AUTO_INCREMENT,
  `Label` varchar(50) DEFAULT NULL,
  `Amount` int(11) DEFAULT NULL,
  `DebtPercentage` int(11) DEFAULT NULL,
  `Type` enum('Abonnement','Private') DEFAULT NULL,
  PRIMARY KEY (`ID`)
) ENGINE=InnoDB AUTO_INCREMENT=13 DEFAULT CHARSET=latin1;

-- Export de données de la table CERCLE.PLANS : ~10 rows (environ)
DELETE FROM `PLANS`;
/*!40000 ALTER TABLE `PLANS` DISABLE KEYS */;
INSERT INTO `PLANS` (`ID`, `Label`, `Amount`, `DebtPercentage`, `Type`) VALUES
	(1, 'Adulte', 42, 60, 'Abonnement'),
	(2, 'Mixte', 30, 60, 'Abonnement'),
	(3, 'Enfant', 26, 60, 'Abonnement'),
	(4, '1 par mois (6 mois)', 45, 0, 'Private'),
	(5, '1 toutes les 2 semaines (6 mois)', 90, 0, 'Private'),
	(6, '1 par semaine (6 mois)', 170, 0, 'Private'),
	(7, '1 par mois (12 mois)', 45, 0, 'Private'),
	(8, '1 toutes les 2 semaines (12 mois)', 80, 0, 'Private'),
	(9, '1 par semaine (12 mois)', 150, 0, 'Private'),
	(10, '2 par semaine (6 mois)', 320, 0, 'Private'),
	(11, '2 par semaine (12 mois)', 280, 0, 'Private'),
	(12, 'Mixte secondaire', 21, 60, 'Abonnement');
/*!40000 ALTER TABLE `PLANS` ENABLE KEYS */;

-- Export de la structure de la table CERCLE. PRIVATES
DROP TABLE IF EXISTS `PRIVATES`;
CREATE TABLE IF NOT EXISTS `PRIVATES` (
  `ID` int(11) NOT NULL AUTO_INCREMENT,
  `MemberID` int(11) NOT NULL,
  `Amount` decimal(10,2) NOT NULL,
  `Date` date NOT NULL,
  `bookedLessons` int(11) NOT NULL,
  `doneLessons` int(11) NOT NULL,
  `Description` text,
  PRIMARY KEY (`ID`),
  KEY `FK_MEMBERS` (`MemberID`),
  CONSTRAINT `FK_MEMBERS` FOREIGN KEY (`MemberID`) REFERENCES `MEMBERS` (`ID`)
) ENGINE=InnoDB AUTO_INCREMENT=85 DEFAULT CHARSET=utf8;

-- Export de données de la table CERCLE.PRIVATES : ~84 rows (environ)
DELETE FROM `PRIVATES`;
/*!40000 ALTER TABLE `PRIVATES` DISABLE KEYS */;
INSERT INTO `PRIVATES` (`ID`, `MemberID`, `Amount`, `Date`, `bookedLessons`, `doneLessons`, `Description`) VALUES
	(1, 143, 250.00, '2017-11-20', 5, 4, '3) Passages de worm, defense de berimbolo, defense de leg weave\r\n4) revision defense worm, defense berimbolo, passage lasso'),
	(2, 144, 200.00, '2017-11-30', 5, 5, NULL),
	(3, 142, 60.00, '2017-10-17', 1, 1, NULL),
	(4, 44, 250.00, '2017-11-23', 5, 5, NULL),
	(5, 145, 60.00, '2017-10-26', 1, 1, NULL),
	(6, 44, 250.00, '2017-12-11', 5, 5, '23/02: Révisions et attaques en monté, début de lasso à developper la prochaine fois\r\n05/03: Garde lasso pour recomposer, revision passage en QG, leg weave, knee slice\r\n03/04: revision qg, knee slide, leg weave. Lasso balloon sweep, lasso omoplata'),
	(7, 142, 60.00, '2017-11-28', 1, 1, NULL),
	(8, 144, 200.00, '2018-01-10', 5, 5, '27/02: Rappel sur overhook etranglement, omoplata clé de bras. Passage de la deep au over under à creuser la procahine fois. \r\n-> Augmenter les drills aussi....'),
	(9, 142, 60.00, '2018-02-13', 1, 1, NULL),
	(10, 23, 250.00, '2018-02-13', 5, 2, '2) Garde bras col, triangle omoplate, sweep en tomoinage, recompo en lasso'),
	(11, 188, 30.00, '2018-02-19', 1, 1, 'Défense sur QG, lasso et single leg'),
	(12, 145, 60.00, '2018-02-20', 1, 1, 'Single leg debout, sorties de demi garde flat, controle en monté. sparrings'),
	(13, 142, 60.00, '2018-03-08', 1, 1, 'sweep basique en lasso\r\npassage de lasso en sortant la main\r\ntentative de recomposition de garde en roulant sur les épaules\r\ncontrole en monté'),
	(14, 144, 200.00, '2018-03-13', 5, 5, '1) Over under, drills\r\n2) Over under drills et bull dog pass\r\n3) 30/04 questions diverses et variées\r\n4) 03/05 drill over under, crazy dog pass\r\n5) 07/05 drill over under, crazy dog pass'),
	(15, 44, 250.00, '2018-04-10', 5, 5, '1) Lasso, recomposition si stack, si passage de garde. Sweep standard, sweep a la tanquinho, revision jugi en monté\r\n2) Lasso revision, bull dog pass, reverse dlr, kiss of the dragon\r\n3) Revision du 2\r\n4) 26/11 attaques dans le dos'),
	(16, 63, 250.00, '2018-05-11', 5, 5, '1) Details sur passage knee slide, sur crazy dog pass\r\n2) 18/05 détails sur la garde a la rico, prise de dos a la leite, precision sur col manche\r\n3) 09/06 details leg weave, crazy dog, leg drag\r\n4) quoi faire pour passer lasso restante en croix, estima lock, sweep en lasso a la galvao\r\n5) Lasso meregali, lasso dlr misc'),
	(17, 142, 60.00, '2018-05-17', 1, 1, 'Revision bras col\r\ncontrole en croix'),
	(18, 144, 200.00, '2018-06-07', 5, 5, '1) On a surtout discuté, lister les drills a faire pour la prochaine fois\r\n2) Attaques en close guard: empecher le gars de se lever, prendre overhook, etranglement, clé de bras, sweep, reverse half guard: retention et hook sweep\r\n3) revision du over hook, jugi à la roger\r\n4) revision du over hook, jugi à la roger\r\n5) revision de tout son jeu la veille de la compet'),
	(19, 142, 60.00, '2018-06-11', 1, 1, 'collar sleeve, recomposition\r\nsuivi vers lasso, kick pour ressortir la jambe, plus adapté à lui :)\r\nfaire lacher les grips'),
	(20, 130, 200.00, '2018-10-18', 5, 5, '1) Concept de la collar sleeve. Notion de systeme\r\n2) attaque en worm, lapeloplata\r\n3) revision des attaques en worm: lasso, reverse dlw, lapeloplata etc Suivi berimbolo\r\n4) revision des attaques en worm, Passage de grade'),
	(21, 142, 60.00, '2018-06-21', 1, 1, 'intro a la single x\r\nPasser par la dlr pour arriver au collar sleeve, retention, travail des hanches\r\npression epaule en monté pour aller au jugi'),
	(22, 142, 60.00, '2018-06-26', 1, 1, 'Collar Sleeve revision.\r\nSuivi sur lasso ou kick pour recomposition\r\nGarde fermée: Overhook bases, etranglement'),
	(23, 203, 60.00, '2018-07-03', 1, 1, '03/07: ouverture garde fermée, passage papillon, defense col manche, defense dlr X'),
	(24, 207, 500.00, '2018-07-05', 10, 10, '1) croix et monté, dessous et dessus\r\n2) revision puis garde fermé dessous et dessus\r\n3) revision, defense de gezagatame soumissions cle de cheville jambe toe hold, guillotine\r\n4) demi garde, dos?\r\n'),
	(25, 146, 250.00, '2018-07-06', 5, 1, '1) 06/07: Collar sleeve base, jugi omoplata sweep, jugi behring -> lasso sur QG'),
	(26, 187, 120.00, '2018-07-11', 2, 2, '11/07: Demi garde inversé retention, worm\r\n12/07: passage en QG, leg weave, knee slide, stack pass'),
	(27, 142, 60.00, '2018-07-11', 1, 1, '11/07 reverse DLR, kiss of the dragon, half guard qd le mec arrive en QG'),
	(28, 142, 60.00, '2018-07-12', 1, 1, 'rdlr kiss of the dragon, dlr X'),
	(29, 2, 250.00, '2019-01-12', 5, 2, '16/07: clé de bras à la roger, overhook, cle de bras en attrapant jambes, col manche, exo simples de retention\r\n01/10: Passages de garde: knee slide leg weave, torreando'),
	(30, 209, 60.00, '2018-07-17', 1, 1, '17/07: worm'),
	(31, 213, 60.00, '2018-08-21', 1, 1, 'Spider guard sweep de base\r\ntriangle\r\nomoplata\r\nballon sweep'),
	(32, 203, 30.00, '2018-08-23', 1, 1, 'bases de la deep'),
	(33, 144, 0.00, '2018-08-31', 1, 1, '31/08: Over under affinage, misc'),
	(34, 142, 60.00, '2018-09-13', 1, 1, ''),
	(35, 237, 100.00, '2018-09-22', 2, 2, ''),
	(36, 244, 80.00, '2018-10-01', 2, 2, '09/10: \r\nGarde fermée: jugi, triangle, kimura, hip bump\r\ncroix: controle, kimura, americana\r\n26/10\r\nrevision triangle\r\noverhook triangle\r\noverhook choke\r\nprise de dos a partir de la garde fermée'),
	(37, 243, 150.00, '2018-10-19', 5, 5, '1)\r\ngarde fermée:\r\ndessous\r\njugi, triangle, kimura, hip bump\r\ndessus\r\nse lever ouvrir\r\n2)\r\ntorreano\r\namericana\r\nkimura\r\nkimura bras tendu\r\n3)\r\nswitch de hanche quand il pousse\r\nPassage en monté genou et pied\r\nsortie de croix\r\n4)\r\nSortie de croix basique\r\nsortie remise a genoux\r\nsortie switch hanche gurgel\r\n5)\r\nMonté\r\ncross choke\r\namericana -> jugi\r\ntriple attaque en poussant le bras\r\nprise de dos, etranglement, jugi\r\n'),
	(38, 63, 50.00, '2018-10-01', 1, 1, 'lasso guard'),
	(39, 142, 120.00, '2018-10-16', 2, 2, ''),
	(40, 25, 250.00, '2018-10-18', 5, 5, ''),
	(41, 271, 60.00, '2018-10-24', 1, 1, 'Kimura\r\nhip bump'),
	(42, 69, 0.00, '2019-01-12', 12, 3, '26/10: Petit bilan des differentes pistes\r\n09/11: single X full X\r\n18/12: Single X setup et on commence a parler de la full X'),
	(43, 130, 250.00, '2018-10-29', 4, 4, '1) Concept des PDG de base en QG\r\n2) Pdg leg weave, knee slide, stack pass\r\n3) 100% leg weave\r\n4) passages de garde'),
	(44, 244, 79.20, '2018-11-01', 2, 2, 'Col manche\r\nRecomposition\r\ntriangle omoplata\r\ntomo inage\r\n24/11:\r\nmisc'),
	(45, 260, 278.00, '2018-11-01', 9, 9, 'Montés: base au dessus\r\nbases en dessous\r\n15/11: Sorties de monté\r\n16/11: Dos: Bases et etranglements, stretch\r\n22/11: Sorties dos\r\n24/11: passage qg, knee slide\r\n27/11: defense dos, 2 sorties\r\n29/11: bases col manche\r\n03/12: Col manche recomposition, sweep tripod, sweep dlr balloon'),
	(46, 243, 148.50, '2018-11-01', 4, 4, '9/11: defenses de monté: upa et langouste\r\n16/11: Dos: Bases et etranglements, stretch\r\n24/11: sortie de dos\r\n30/11: base tour eiffel -> col manche bases et triangle'),
	(47, 142, 79.20, '2018-11-01', 2, 2, 'bases en monté et triple attaque\r\n22/11: Revision monté, attaques dos'),
	(48, 144, 148.50, '2018-11-01', 3, 3, '15/11: Sortie de monté\r\n19/11; Misc'),
	(49, 247, 60.00, '2018-11-13', 1, 1, 'revision garde fermée'),
	(50, 182, 90.00, '2018-11-16', 2, 2, 'forfait 45 par cours\r\n04/12: Bases de la col manche\r\n18/12: Col manche, et debut de knee lside'),
	(51, 263, 40.00, '2018-11-16', 1, 1, '16/11 QG knee slide crazy dog long step leg weave'),
	(52, 130, 100.00, '2018-11-29', 2, 2, '27/11: passages de 50/50\r\n30/11: Passages de 50/50, passage spider lasso'),
	(53, 257, 40.00, '2018-11-29', 1, 1, '29/11 Attaques et retention dans le dos. Garde fermée: jugi, triangle et kimura'),
	(54, 44, 900.00, '2019-01-12', 26, 3, '03/12: Bases de la lasso, retention, omoplata, sweep au sol jambe gauche et droite\r\n10/12: Dos?\r\n17/12: Garde lasso, toutes attaques'),
	(55, 244, 79.20, '2018-12-05', 2, 2, '7/12 Misc \r\n21/12: Entretien tel'),
	(56, 260, 278.00, '2018-12-05', 5, 5, '06/12: revision garde fermée, sortie de croix\r\n14/12: Revision d\'un peu tout\r\n20/12: Passages de demi garde: crazy dog, et passage de base flat\r\n21/12: attaques en demi: recomposition base, pontage, hook sweep recomposition\r\n28/12: Passages de col manche'),
	(57, 243, 148.50, '2018-12-05', 4, 4, '7/12 ?\r\n14/12 col manche\r\n21/12: Passage de demi gard, crazy dog, passage flat standard, knee slide, inverted half28/12: Passages de col manche'),
	(58, 257, 79.20, '2018-12-05', 2, 2, '18/12: Revision, ouvertures garde fermé (2 de bases), defenses de dos\r\n28/12: Revision. Croix (americana, kimura, jugi genou ventre, 2 passages en monté) Sorties (reprise garde, remise genou)'),
	(59, 142, 79.20, '2018-12-05', 2, 2, '06/12: Sorties du dos\r\n20/12: passages de demi garde: Crazy dog, passage de flat'),
	(60, 263, 79.20, '2018-12-05', 2, 2, '06/12: bases du collar sleeve, triangle omoplata, balloon sweep\r\n20/12: collar sleeve: triangle au sol, tripod sweep'),
	(61, 144, 148.50, '2018-12-05', 3, 3, '06/12: Sorties de dos\r\n21/12: Passage de demi garde\r\n28/12: Demi garde dessus, misc'),
	(62, 69, 39.60, '2018-12-05', 1, 1, '#PRELEVEMENT#'),
	(63, 130, 50.00, '2018-12-11', 1, 1, '11/12: Revision passages 50/50, squid'),
	(64, 256, 45.00, '2018-12-21', 1, 1, '21/12: Garde fermée: jugi, triangle, kimura, hip bump'),
	(65, 39, 50.00, '2018-12-28', 1, 1, '28/12 misc'),
	(66, 260, 0.00, '2019-01-13', 2, 0, '#CONGELATION#\r\n 1) 27/12 annulé par lui cf msg\r\n 2) 15/01 Lisbonne'),
	(67, 142, 0.00, '2019-01-13', 2, 1, '#CONGELATION#\r\n 1) 03/01 vacances -> fait le 10/01\r\n 2) 17/01 Lisbonne'),
	(68, 203, 148.50, '2019-01-05', 1, 1, '09/01: knee slide, leg weave, misc'),
	(69, 244, 79.20, '2019-01-05', 1, 1, '03/01: revision col manche, lasso, garde fermée'),
	(70, 260, 278.00, '2019-01-05', 2, 2, '05/01: Révision passage de col manche, initiation deep half, sweep en single leg\r\n09/01: overhook, poing gorge, triangle, straight arm bar, omoplata'),
	(71, 294, 79.20, '2019-01-05', 1, 1, '11/01: Collar sleeve bases et triangle omoplata debout et au sol'),
	(72, 243, 148.50, '2019-01-05', 2, 2, '05/01: retention a la braulio, torreano et ses variantes\r\n11/01: garde fermé: overhook attaques et passages'),
	(73, 257, 79.20, '2019-01-05', 1, 1, '10/01: Bases en monté: cross choke et triple attaque'),
	(74, 142, 79.20, '2019-01-05', 1, 1, '10/01:P Passages de demi garde en mettant la pression epaule'),
	(75, 263, 79.20, '2019-01-05', 1, 1, '10/01: Passages de collar and sleeve'),
	(76, 144, 148.50, '2019-01-05', 1, 1, '03/01: overhook et garde fermée'),
	(77, 69, 44.55, '2019-01-05', 1, 1, '#PRELEVEMENT#'),
	(78, 256, 89.10, '2019-01-05', 1, 1, '11/01: ouverture de garde fermée, passage double under'),
	(79, 182, 450.00, '2019-01-09', 10, 1, '08/01/2019: Résumé options en col manche, et meme chose en lasso'),
	(80, 243, 0.00, '2019-01-13', 1, 0, '#CONGELATION#\r\n 1) 18/01 Lisbonne'),
	(81, 203, 0.00, '2019-01-13', 1, 0, '#CONGELATION#\r\n 1) 15/01 Lisbonne'),
	(82, 144, 0.00, '2019-01-13', 1, 0, '#CONGELATION#\r\n 1) 17/01 Lisbonne'),
	(83, 244, 0.00, '2019-01-13', 1, 0, '#CONGELATION#\r\n 1) 18/01 Lisbonne'),
	(84, 263, 0.00, '2019-01-13', 1, 0, '#CONGELATION#\r\n 1) 17/01 Lisbonne');
/*!40000 ALTER TABLE `PRIVATES` ENABLE KEYS */;

-- Export de la structure de la table CERCLE. REFUNDS
DROP TABLE IF EXISTS `REFUNDS`;
CREATE TABLE IF NOT EXISTS `REFUNDS` (
  `ID` int(11) NOT NULL AUTO_INCREMENT,
  `Label` varchar(200) NOT NULL,
  `Amount` decimal(10,2) NOT NULL,
  `Date` date NOT NULL,
  `Comment` varchar(200) DEFAULT NULL,
  PRIMARY KEY (`ID`)
) ENGINE=InnoDB AUTO_INCREMENT=22 DEFAULT CHARSET=utf8;

-- Export de données de la table CERCLE.REFUNDS : ~21 rows (environ)
DELETE FROM `REFUNDS`;
/*!40000 ALTER TABLE `REFUNDS` DISABLE KEYS */;
INSERT INTO `REFUNDS` (`ID`, `Label`, `Amount`, `Date`, `Comment`) VALUES
	(1, 'Pot stage', 75.00, '2017-06-10', NULL),
	(2, 'Location', 4625.00, '2017-08-15', NULL),
	(3, 'Paiement Etienne Gregoire', 90.00, '2017-10-16', NULL),
	(4, 'Paiement Etienne Gregoire', 150.00, '2017-11-10', NULL),
	(5, 'Location', 10000.00, '2017-11-15', ''),
	(6, 'Paiement Etienne Gregoire', 90.00, '2017-12-01', ''),
	(7, 'Paiement Etienne Gregoire', 120.00, '2017-12-24', ''),
	(8, 'Location', 10000.00, '2018-01-30', ''),
	(9, 'Paiement Etienne Gregoire', 90.00, '2018-02-16', ''),
	(10, 'Paiement Etienne Gregoire', 90.00, '2018-03-10', ''),
	(11, 'Location', 10000.00, '2018-03-23', ''),
	(12, 'Paiement Etienne Gregoire', 90.00, '2018-04-12', ''),
	(13, 'Paiement Etienne Gregoire', 120.00, '2018-05-11', ''),
	(14, 'Paiement etienne gregoire mai juin', 210.00, '2018-06-16', '7 cours sur mai et juin'),
	(15, 'location', 1500.00, '2018-08-08', ''),
	(16, 'paiement etienne gregoire', 120.00, '2018-10-11', 'sept'),
	(17, 'Location', 7000.00, '2018-10-24', ''),
	(18, 'Paiement Etienne Gregoire', 90.00, '2018-11-03', ''),
	(19, 'Paiement Etienne Gregoire', 60.00, '2018-11-30', ''),
	(20, 'Location', 12000.00, '2018-12-28', ''),
	(21, 'Paiement Etienne Gregoire', 120.00, '2019-01-04', '');
/*!40000 ALTER TABLE `REFUNDS` ENABLE KEYS */;

-- Export de la structure de la table CERCLE. SEMINARS
DROP TABLE IF EXISTS `SEMINARS`;
CREATE TABLE IF NOT EXISTS `SEMINARS` (
  `ID` int(11) NOT NULL AUTO_INCREMENT,
  `Theme` varchar(200) NOT NULL,
  `Date` date NOT NULL,
  `WebMEMBERS` int(11) NOT NULL,
  `LocalMEMBERS` int(11) NOT NULL,
  `Amount` decimal(10,2) NOT NULL,
  `Debt` decimal(10,2) NOT NULL,
  `Comment` varchar(200) DEFAULT NULL,
  PRIMARY KEY (`ID`)
) ENGINE=InnoDB AUTO_INCREMENT=9 DEFAULT CHARSET=utf8;

-- Export de données de la table CERCLE.SEMINARS : ~7 rows (environ)
DELETE FROM `SEMINARS`;
/*!40000 ALTER TABLE `SEMINARS` DISABLE KEYS */;
INSERT INTO `SEMINARS` (`ID`, `Theme`, `Date`, `WebMEMBERS`, `LocalMEMBERS`, `Amount`, `Debt`, `Comment`) VALUES
	(1, 'Spider guard', '2017-06-10', 14, 21, 1000.00, 200.00, NULL),
	(2, 'Basics', '2017-09-10', 23, 31, 1357.00, 271.00, NULL),
	(3, 'Passages de gardes', '2017-12-02', 10, 13, 570.00, 114.00, '4 du gkd, 11 du cercle (3 passages ) , 8 ext -> 45% du cercle '),
	(4, 'Fondamentaux', '2018-02-11', 36, 31, 1696.00, 339.00, '34 du cercle (6 passages, tous venus... ), 7 du gkd, 26 ext -> 50% de gens du cercle'),
	(5, 'Basics + Submissions', '2018-06-16', 24, 17, 1056.24, 211.25, ''),
	(6, 'basics', '2018-09-01', 29, 6, 1100.00, 220.00, ''),
	(7, 'Self defense', '2018-10-20', 27, 6, 825.00, 165.00, ''),
	(8, 'Lasso gard', '2018-12-01', 19, 20, 1130.00, 226.00, '');
/*!40000 ALTER TABLE `SEMINARS` ENABLE KEYS */;

-- Export de la structure de la table CERCLE. SETTINGS
DROP TABLE IF EXISTS `SETTINGS`;
CREATE TABLE IF NOT EXISTS `SETTINGS` (
  `KeySettings` varchar(50) NOT NULL DEFAULT '    ',
  `Value` varchar(50) DEFAULT NULL,
  PRIMARY KEY (`KeySettings`)
) ENGINE=InnoDB DEFAULT CHARSET=utf8;

-- Export de données de la table CERCLE.SETTINGS : ~0 rows (environ)
DELETE FROM `SETTINGS`;
/*!40000 ALTER TABLE `SETTINGS` DISABLE KEYS */;
INSERT INTO `SETTINGS` (`KeySettings`, `Value`) VALUES
	('LastConnectDate', '14/01/2019 11:26:48');
/*!40000 ALTER TABLE `SETTINGS` ENABLE KEYS */;

/*!40101 SET SQL_MODE=IFNULL(@OLD_SQL_MODE, '') */;
/*!40014 SET FOREIGN_KEY_CHECKS=IF(@OLD_FOREIGN_KEY_CHECKS IS NULL, 1, @OLD_FOREIGN_KEY_CHECKS) */;
/*!40101 SET CHARACTER_SET_CLIENT=@OLD_CHARACTER_SET_CLIENT */;
