-- --------------------------------------------------------
-- Hôte :                        35.205.127.92
-- Version du serveur:           5.7.14-google-log - (Google)
-- SE du serveur:                Linux
-- HeidiSQL Version:             9.5.0.5196
-- --------------------------------------------------------

/*!40101 SET @OLD_CHARACTER_SET_CLIENT=@@CHARACTER_SET_CLIENT */;
/*!40101 SET NAMES utf8 */;
/*!50503 SET NAMES utf8mb4 */;
/*!40014 SET @OLD_FOREIGN_KEY_CHECKS=@@FOREIGN_KEY_CHECKS, FOREIGN_KEY_CHECKS=0 */;
/*!40101 SET @OLD_SQL_MODE=@@SQL_MODE, SQL_MODE='NO_AUTO_VALUE_ON_ZERO' */;


-- Export de la structure de la base pour CERCLE
DROP DATABASE IF EXISTS `CERCLE`;
CREATE DATABASE IF NOT EXISTS `CERCLE` /*!40100 DEFAULT CHARACTER SET latin1 */;
USE `CERCLE`;

-- Export de la structure de la table CERCLE. COACHSPAYMENTS
DROP TABLE IF EXISTS `COACHSPAYMENTS`;
CREATE TABLE IF NOT EXISTS `COACHSPAYMENTS` (
  `ID` int(11) NOT NULL AUTO_INCREMENT,
  `MemberID` int(11) NOT NULL,
  `Month` varchar(200) DEFAULT NULL,
  `Lessons` int(11) DEFAULT NULL,
  `Pay` int(11) DEFAULT NULL,
  `Amount` decimal(10,2) DEFAULT NULL,
  `Date` date DEFAULT NULL,
  `Comment` varchar(200) DEFAULT NULL,
  PRIMARY KEY (`ID`),
  KEY `FK_MEMBER` (`MemberID`),
  CONSTRAINT `FK_MEMBER` FOREIGN KEY (`MemberID`) REFERENCES `MEMBERS` (`ID`)
) ENGINE=InnoDB AUTO_INCREMENT=59 DEFAULT CHARSET=utf8;

-- Export de données de la table CERCLE.COACHSPAYMENTS : ~58 rows (environ)
DELETE FROM `COACHSPAYMENTS`;
/*!40000 ALTER TABLE `COACHSPAYMENTS` DISABLE KEYS */;
INSERT INTO `COACHSPAYMENTS` (`ID`, `MemberID`, `Month`, `Lessons`, `Pay`, `Amount`, `Date`, `Comment`) VALUES
	(1, 130, 'Septembre', 4, 25, 100.00, '2017-10-11', NULL),
	(2, 129, 'Septembre', 11, 25, 275.00, '2017-10-01', NULL),
	(3, 131, 'Septembre', 3, 30, 90.00, '2017-10-20', NULL),
	(4, 129, 'Octobre', 12, 25, 300.00, '2017-11-01', NULL),
	(5, 130, 'Octobre', 3, 25, 75.00, '2017-11-07', NULL),
	(6, 132, 'Octobre', 9, 25, 225.00, '2017-11-07', NULL),
	(7, 131, 'Octobre', 5, 30, 150.00, '2017-11-11', NULL),
	(8, 131, 'Novembre', 3, 30, 90.00, '2017-12-01', NULL),
	(9, 132, 'Novembre', 8, 25, 200.00, '2017-12-02', NULL),
	(10, 130, 'Novembre', 2, 25, 50.00, '2017-12-05', NULL),
	(11, 130, 'Decembre', 3, 25, 75.00, '2017-12-21', NULL),
	(12, 132, 'Decembre', 6, 25, 150.00, '2017-12-21', NULL),
	(13, 129, 'Decembre', 4, 25, 100.00, '2017-12-21', NULL),
	(14, 131, 'Decembre', 4, 30, 120.00, '2017-12-24', NULL),
	(15, 132, 'Janvier', 5, 25, 125.00, '2018-02-06', NULL),
	(16, 130, 'Janvier', 5, 25, 125.00, '2018-02-08', NULL),
	(17, 129, 'Janvier', 12, 25, 300.00, '2018-02-11', NULL),
	(18, 131, 'Janvier', 3, 30, 90.00, '2018-02-16', NULL),
	(19, 129, 'Fevrier', 9, 25, 225.00, '2018-03-07', NULL),
	(20, 130, 'Fevrier', 2, 25, 50.00, '2018-03-08', NULL),
	(21, 131, 'Fevrier', 3, 30, 90.00, '2018-03-10', NULL),
	(22, 132, 'Fevrier', 2, 25, 50.00, '2018-03-12', NULL),
	(23, 130, 'Mars', 3, 25, 75.00, '2018-04-10', NULL),
	(24, 129, 'Mars', 9, 25, 225.00, '2018-04-10', NULL),
	(25, 131, 'Mars', 3, 30, 90.00, '2018-04-12', NULL),
	(26, 132, 'Mars', 7, 25, 175.00, '2018-04-17', NULL),
	(27, 132, 'Avril', 6, 25, 150.00, '2018-05-09', NULL),
	(28, 129, 'Avril', 3, 25, 75.00, '2018-05-10', NULL),
	(29, 131, 'Avril', 4, 30, 120.00, '2018-05-11', NULL),
	(30, 130, 'Avril', 6, 25, 150.00, '2018-05-15', NULL),
	(31, 129, 'Mai', 8, 25, 200.00, '2018-06-07', NULL),
	(32, 130, 'Mai', 2, 25, 50.00, '2018-06-07', NULL),
	(33, 132, 'Mai', 6, 25, 150.00, '2018-06-16', NULL),
	(34, 131, 'Mai', 4, 30, 120.00, '2018-06-16', NULL),
	(35, 131, 'juin', 3, 30, 90.00, '2018-06-16', NULL),
	(36, 202, 'juin', 4, 25, 100.00, '2018-06-19', NULL),
	(37, 132, 'juin', 3, 25, 75.00, '2018-07-07', NULL),
	(38, 129, 'Juin', 7, 25, 175.00, '2018-07-09', NULL),
	(39, 130, 'juin', 2, 25, 50.00, '2018-07-17', NULL),
	(40, 132, 'Juillet', 4, 25, 100.00, '2018-09-04', NULL),
	(41, 129, 'Juillet', 4, 25, 100.00, '2018-09-04', NULL),
	(42, 130, 'Juillet', 2, 25, 50.00, '2018-09-11', NULL),
	(43, 130, 'aout', 7, 25, 175.00, '2018-09-11', NULL),
	(44, 130, 'Septembre', 4, 25, 100.00, '2018-10-10', NULL),
	(45, 255, 'Septembre', 2, 30, 60.00, '2018-10-10', NULL),
	(46, 132, 'Septembre', 3, 25, 75.00, '2018-10-10', NULL),
	(47, 202, 'Septembre', 3, 25, 75.00, '2018-10-10', NULL),
	(48, 131, 'Septembre', 4, 30, 120.00, '2018-10-11', NULL),
	(49, 131, 'Octobre', 3, 30, 90.00, '2018-11-03', NULL),
	(50, 255, 'Octobre', 2, 30, 60.00, '2018-11-03', NULL),
	(51, 130, 'Octobre', 6, 25, 150.00, '2018-11-07', NULL),
	(52, 202, 'Octobre', 4, 25, 100.00, '2018-11-07', NULL),
	(53, 132, 'octobre', 3, 25, 75.00, '2018-11-08', NULL),
	(54, 131, 'Novembre', 2, 30, 60.00, '2018-11-30', NULL),
	(55, 130, 'Novembre', 3, 25, 75.00, '2018-11-30', NULL),
	(56, 255, 'Novembre', 3, 30, 90.00, '2018-12-01', NULL),
	(57, 202, 'Novembre', 4, 15, 100.00, '2018-12-01', NULL),
	(58, 132, 'Novembre', 4, 25, 100.00, '2018-12-06', NULL);
/*!40000 ALTER TABLE `COACHSPAYMENTS` ENABLE KEYS */;

-- Export de la structure de la table CERCLE. DOJO
DROP TABLE IF EXISTS `DOJO`;
CREATE TABLE IF NOT EXISTS `DOJO` (
  `ID` int(11) NOT NULL AUTO_INCREMENT,
  `Name` varchar(20) NOT NULL,
  `Surface` int(11) DEFAULT NULL,
  PRIMARY KEY (`ID`)
) ENGINE=InnoDB AUTO_INCREMENT=4 DEFAULT CHARSET=utf8;

-- Export de données de la table CERCLE.DOJO : ~3 rows (environ)
DELETE FROM `DOJO`;
/*!40000 ALTER TABLE `DOJO` DISABLE KEYS */;
INSERT INTO `DOJO` (`ID`, `Name`, `Surface`) VALUES
	(1, 'Petite Salle du bas', 30),
	(2, 'Principale', 80),
	(3, 'Salle du haut', 50);
/*!40000 ALTER TABLE `DOJO` ENABLE KEYS */;

-- Export de la structure de la table CERCLE. MEMBERS
DROP TABLE IF EXISTS `MEMBERS`;
CREATE TABLE IF NOT EXISTS `MEMBERS` (
  `ID` int(11) NOT NULL AUTO_INCREMENT,
  `Firstname` varchar(200) NOT NULL,
  `Lastname` varchar(200) NOT NULL,
  `Enddate` date NOT NULL,
  `CreationDate` date NOT NULL,
  `Belt` enum('white','blue','purple','brown','black') NOT NULL,
  `Gender` enum('M','F') NOT NULL,
  `Comment` text CHARACTER SET latin1,
  `Job` varchar(200) DEFAULT NULL,
  `Mail` varchar(200) DEFAULT NULL,
  `Phone` varchar(200) DEFAULT NULL,
  `Address` varchar(200) DEFAULT NULL,
  `Facebook` varchar(200) DEFAULT NULL,
  `Child` tinyint(4) NOT NULL,
  `Alert` tinyint(4) NOT NULL,
  `FullYear` tinyint(4) NOT NULL,
  `Coach` tinyint(4) NOT NULL,
  `Competitor` tinyint(4) NOT NULL,
  `AboID` int(11) DEFAULT NULL,
  `PrivateID` int(11) DEFAULT NULL,
  PRIMARY KEY (`ID`),
  UNIQUE KEY `uq_MEMBERS` (`Firstname`,`Lastname`),
  KEY `FK_ABO` (`AboID`),
  KEY `FK_PRIVATE` (`PrivateID`),
  CONSTRAINT `FK_ABO` FOREIGN KEY (`AboID`) REFERENCES `PLANS` (`ID`),
  CONSTRAINT `FK_PRIVATE` FOREIGN KEY (`PrivateID`) REFERENCES `PLANS` (`ID`)
) ENGINE=InnoDB AUTO_INCREMENT=303 DEFAULT CHARSET=utf8;

-- Export de données de la table CERCLE.MEMBERS : ~273 rows (environ)
DELETE FROM `MEMBERS`;
/*!40000 ALTER TABLE `MEMBERS` DISABLE KEYS */;
INSERT INTO `MEMBERS` (`ID`, `Firstname`, `Lastname`, `Enddate`, `CreationDate`, `Belt`, `Gender`, `Comment`, `Job`, `Mail`, `Phone`, `Address`, `Facebook`, `Child`, `Alert`, `FullYear`, `Coach`, `Competitor`, `AboID`, `PrivateID`) VALUES
	(1, 'David', 'GAUTHIER', '0001-01-01', '2017-09-14', 'purple', 'M', '', 'prof d\'EPS', 'david321contact@yahoo.fr', '', '', '', 0, 0, 1, 0, 0, 1, NULL),
	(2, 'Raphael', 'ARIE', '0001-01-01', '2017-09-05', 'blue', 'M', '', '', 'raphael.arie@gmail.com', '', '', '', 0, 0, 1, 0, 1, 1, NULL),
	(3, 'Zacharie', 'ATTALI', '2018-10-17', '2017-10-17', 'white', 'M', 'Vient de débuter', '', 'zachaattali@gmail.com', '', '', '', 0, 0, 1, 0, 0, NULL, NULL),
	(4, 'Eddy', 'BARCLAY', '0001-01-01', '2017-09-18', 'white', 'M', 'En attente de 2 cheques que j\'ai donné à Kelly -> Récupérés le 09/11/2017 -> anciens cheques déchirés le 19/12', '', 'tacos972@hotmail.com', '', '', '', 0, 0, 1, 0, 1, 1, NULL),
	(6, 'Frederique', 'BARDEY', '2018-09-26', '2017-10-02', 'white', 'M', 'référencé en remy au cercle?', '', '', '', '', '', 0, 0, 1, 0, 0, NULL, NULL),
	(7, 'John', 'BARFF', '2017-10-05', '2017-09-05', 'white', 'M', '', '', '', '', '', '', 0, 0, 0, 0, 0, NULL, NULL),
	(8, 'Didier', 'BARRAUD', '2019-09-15', '2017-09-15', 'black', 'M', 'Son fils est aussi inscrit mais on lui a fait cadeau du paiement', '', 'didier.isa.barraud@gmail.com', '', '', '', 0, 0, 1, 1, 0, NULL, NULL),
	(9, 'Zoe', 'BENICHOU', '2019-09-28', '2017-09-28', 'white', 'F', '', '', '', '', '', '', 1, 0, 1, 0, 0, NULL, NULL),
	(10, 'Sebastien', 'BIDAULT', '0001-01-01', '2017-09-12', 'white', 'M', '', '', 'seb.bidault@hotmail.fr', '', '', '', 0, 0, 1, 0, 0, 1, NULL),
	(11, 'Farid', 'BOUHAZEM', '2018-09-12', '2017-05-10', 'brown', 'M', '', '', '', '', '', '', 0, 0, 1, 0, 0, NULL, NULL),
	(12, 'Julien', 'BOURGEOIS', '2018-09-15', '2017-09-15', 'white', 'M', '', '', 'julien.mns@gmail.com', '', '', '', 0, 0, 1, 0, 0, NULL, NULL),
	(13, 'Gauthier', 'BRYSBAERT', '2018-09-11', '2017-06-01', 'white', 'M', '', 'Scientist à polytechnique apparement', 'gauthierbr@hotmail.com', '', '', '', 0, 0, 1, 0, 0, NULL, NULL),
	(15, 'Sacha', 'BUKASSA', '2017-10-29', '2017-09-14', 'white', 'M', 'A demandé le remboursement....Puis se l\'est fait remboursé, je lui ai rendu un cheque', '', NULL, NULL, NULL, NULL, 1, 0, 1, 0, 0, NULL, NULL),
	(16, 'Corentin', 'CAHEN', '0001-01-01', '2017-10-05', 'white', 'M', '', '', 'corentin.cahen@gmail.com', '', '', '', 0, 0, 1, 0, 0, 1, NULL),
	(17, 'Sarah', 'CASSESE', '0001-01-01', '2017-09-25', 'blue', 'F', '', '', 'sylvie.casses@sfr.fr', '', '', '', 1, 0, 1, 0, 1, 3, NULL),
	(18, 'Thomas', 'CASTAN', '2018-09-25', '2017-09-25', 'white', 'M', 'Collèque de sylvain', 'Dans le service/evenementiel', 'thomascastan@hotmail.fr', '', '', '', 0, 0, 1, 0, 0, NULL, NULL),
	(19, 'Pierre', 'CHAMBON', '2018-10-05', '2017-10-05', 'white', 'M', '2 disciplines', '', 'chambon.pierre@gmail.com', '', '', '', 0, 0, 1, 0, 0, NULL, NULL),
	(20, 'Bagdad', 'CHECKRI', '2019-08-23', '2017-09-05', 'brown', 'M', 'tarif special 350 en cash a l\'annee', '', 'Chekry@hotmail.fr', '', '', '', 0, 0, 1, 0, 1, NULL, NULL),
	(21, 'Adrien', 'CHEMINET', '0001-01-01', '2017-09-25', 'white', 'M', '', '', 'adrien.cheminet@gmail.com', '', '30 rue Victor Basch, Vincennes, 94300, FR ', '', 0, 0, 1, 0, 0, 1, NULL),
	(22, 'Cléo', 'CHIMKIEVITCH', '2018-09-28', '2017-09-14', 'white', 'M', '', '', '', '', '', '', 1, 0, 1, 0, 0, NULL, NULL),
	(23, 'Aime', 'CONTI', '2019-12-20', '2017-10-10', 'black', 'M', '', 'Dans les assurances', 'scubafun@hotmail.fr', '', '', '', 0, 0, 1, 0, 0, NULL, NULL),
	(24, 'Ricardo', 'RIBEIRO', '0001-01-01', '2017-05-10', 'blue', 'M', 'blessé au genou le 3/11. Redonne les cheques ou pas?', 'cuisinier', 'ricridj@gmail.com', '', '', '', 0, 0, 1, 0, 0, 1, NULL),
	(25, 'Olivier', 'D\'AMARIO', '2019-09-27', '2017-09-28', 'black', 'M', '', '', '', '', '', '', 0, 0, 1, 0, 0, NULL, NULL),
	(26, 'Christian', 'DEGUIS', '2018-09-05', '2017-09-05', 'white', 'M', 'C\'est quoi ce taro? enfant?', '', '', '', '', '', 0, 0, 1, 0, 0, NULL, NULL),
	(27, 'Mamadou?', 'DJOULFAYAN', '2018-10-16', '2017-10-20', 'white', 'M', 'Rapport avec Mamadou konate? Prenom sebastien sur cfjjb!!', '', '', '', '', '', 0, 0, 1, 0, 0, NULL, NULL),
	(28, 'Fabien', 'DORE', '0001-01-01', '2017-09-07', 'purple', 'M', '', '', 'fabiendore@outlook.fr ', '', '31 rue Laporte , 33200, Bordeaux , FR ', '', 0, 0, 1, 0, 1, 1, NULL),
	(29, 'Raphael', 'DOS SANTOS', '2018-11-09', '2017-09-05', 'blue', 'M', '', '', 'RafiU4@outlook.fr', '', '', '', 0, 0, 1, 0, 1, NULL, NULL),
	(31, 'Eric', 'DRIKES', '0001-01-01', '2017-09-14', 'white', 'M', '', '', 'timbargeot@orange.fr', '', '', '', 0, 0, 1, 0, 0, 1, NULL),
	(32, 'Mickael', 'FERREIRA', '2018-09-21', '2017-09-21', 'white', 'M', '', '', 'ferreiram2410@gmail.com', '', '', '', 0, 0, 1, 0, 0, NULL, NULL),
	(33, 'Brice', 'FIGARO', '2019-10-04', '2017-10-05', 'purple', 'M', '', '', '', '', '', '', 0, 0, 1, 0, 0, NULL, NULL),
	(34, 'Marc Antoine', 'FIGHIERA', '2018-09-12', '2017-09-12', 'blue', 'M', '', 'graphiste je crois', 'MA.FIGHIERA@GMAIL.COM', '', '', '', 0, 0, 1, 0, 0, NULL, NULL),
	(36, 'Florian', 'FONTRIER', '2019-10-25', '2017-09-15', 'white', 'M', '', '', 'fontrier.florian@gmail.com', '', '', '', 0, 0, 1, 0, 0, NULL, NULL),
	(37, 'Jean Paul', 'FOURNET', '2019-09-11', '2017-09-28', 'white', 'M', '', '', 'fournetjeanpaul@gmail.com', '', '17 Rue du General LECLERC 94220 Charenton ', '', 0, 0, 1, 0, 0, NULL, NULL),
	(38, 'Simon', 'FRANQUET', '2019-09-19', '2017-07-11', 'white', 'M', '', '', 'simon.franquet@gmail.com', '', '', '', 0, 0, 1, 0, 0, NULL, NULL),
	(39, 'Bayle', 'GAO', '2018-10-04', '2017-09-25', 'purple', 'M', '', 'ingenieur robotique', '', '', '', '', 0, 0, 1, 0, 1, NULL, NULL),
	(42, 'Julien', 'GAZAVE', '0001-01-01', '2017-09-28', 'white', 'M', '', '', '', '', '', '', 0, 0, 1, 0, 0, 1, NULL),
	(43, 'Yoann', 'GOLESTIN', '2018-03-11', '2017-09-07', 'white', 'M', 'avait donné 5 cheques de 100. S\'est blessé au ligament du coup j\'ai déchiré les 2 derniers cheques et je l\'ai remboursé de 175 E.', '', '', '', '', '', 0, 0, 1, 0, 0, NULL, NULL),
	(44, 'Matias', 'GOURDON', '2019-09-14', '2017-07-18', 'white', 'M', '', '', 'lemail2mathias@gmail.com', '', '', '', 0, 0, 1, 0, 0, NULL, NULL),
	(45, 'Raphael', 'GRESSIN', '2019-10-02', '2017-10-05', 'white', 'M', '', '', '', '', '', '', 1, 0, 1, 0, 0, NULL, NULL),
	(46, 'Jules', 'GRUBO', '2018-10-12', '2017-10-10', 'white', 'M', '', '', '', '', '', '', 0, 0, 1, 0, 0, NULL, NULL),
	(47, 'Adrien', 'HASSID', '2019-09-30', '2017-09-21', 'white', 'M', '', '', '', '', '', '', 1, 0, 1, 0, 0, NULL, NULL),
	(48, 'Dominique', 'JACQUES', '2019-12-13', '2017-10-05', 'blue', 'F', '', '', 'domiminik@yahoo.fr', '', '', '', 0, 0, 1, 0, 0, NULL, NULL),
	(49, 'Sylvain', 'JOLIY', '2018-09-11', '2017-09-12', 'white', 'M', '', '', '', '', '', '', 0, 0, 1, 0, 0, NULL, NULL),
	(50, 'Nabil', 'KADID', '2018-10-05', '2017-10-05', 'white', 'M', '', '', '', '', '', '', 0, 0, 1, 0, 0, NULL, NULL),
	(51, 'Olivier', 'KAZ', '2017-11-20', '2017-10-20', 'white', 'M', '', '', '', '', '', '', 0, 0, 1, 0, 0, NULL, NULL),
	(52, 'Artyom', 'KORMESHOV', '2019-10-17', '2017-06-08', 'white', 'M', '', '', 'artyomkormeshov@hotmail.fr', '', '', '', 0, 0, 1, 0, 0, NULL, NULL),
	(53, 'Vincent', 'LACERENZA', '2019-10-22', '2017-09-25', 'blue', 'M', '', '', 'chat40700@hotmail.fr', '', '', '', 0, 0, 1, 0, 1, NULL, NULL),
	(54, 'Cedric', 'LE FRANC', '2019-03-06', '2017-09-05', 'white', 'M', '', '', 'vadineau@outlook.fr', '', '', '', 0, 0, 1, 0, 0, NULL, NULL),
	(55, 'Jonas', 'LEBLANC', '0001-01-01', '2017-09-18', 'blue', 'M', '2 disciplines', '', 'jonas.eljojo.leblanc@gmail.com', '', '', '', 0, 0, 1, 0, 0, 12, NULL),
	(56, 'Yohann', 'LES ENFANT', '2019-09-03', '2017-09-07', 'white', 'M', '', '', 'ylesenfant@gmail.com', '', '1 villa de la tourelle 94160 Saint Mande ', '', 0, 0, 1, 0, 0, NULL, NULL),
	(57, 'Gregory', 'LETELLIER', '2019-09-21', '2017-09-27', 'white', 'M', '', '', 'letellier.gr3gory@gmail.com', '', '47 rue Emile Boutrais 94120 FONTENAY-SOUS-BOIS ', '', 0, 0, 1, 0, 0, NULL, NULL),
	(58, 'Raphael', 'LETESSIER', '2019-09-20', '2017-09-18', 'white', 'F', 'argent détourné par le kung fu', '', '', '', '', '', 1, 0, 1, 0, 0, NULL, NULL),
	(59, 'Thomas', 'MACHADO', '2018-09-04', '2017-09-07', 'white', 'M', '', '', 't.alvesmachado@gmail.com', '', '', '', 0, 0, 1, 0, 0, NULL, NULL),
	(61, 'Charles', 'MACQUART MOULIN', '2019-10-17', '2017-09-28', 'white', 'M', 'Blessé pour le mois de novembre, pb aux cotes, s\'entraine surtout les matins', '', 'macquart-moulin.charles@orange.fr', '', '', '', 0, 0, 1, 0, 0, NULL, NULL),
	(62, 'Yann', 'MALARD', '2018-09-18', '2017-09-18', 'purple', 'M', '', 'notaire', 'yann.malard@paris.notaires.fr', '', '', '', 0, 0, 1, 0, 0, NULL, NULL),
	(63, 'Marco', 'MARZILLI', '2019-09-03', '2017-09-19', 'brown', 'M', '', 'gérant de restos', 'marco_marzilli@mac.com', '', '28 rue Camille Blanc 94800 Villejuif ', '', 0, 0, 1, 0, 0, NULL, NULL),
	(64, 'Didier', 'MAUS', '2019-11-28', '2017-10-16', 'purple', 'M', '', 'Policier je crois', 'm.didier1@free.fr', '', '', '', 0, 0, 1, 0, 0, NULL, NULL),
	(65, 'Franck', 'NGUYEN', '2019-09-12', '2017-09-07', 'purple', 'M', '', '', 'nguyen.franck@gmx.com', '', '', '', 0, 0, 1, 0, 0, NULL, NULL),
	(66, 'Stephane', 'NGUYEN', '2018-09-11', '2017-07-11', 'blue', 'M', 'Veut faire la compet ibjjf je crois, en attente de licence', '', 'stephanguyen@wanadoo.fr', '', '', '', 0, 0, 1, 0, 1, NULL, NULL),
	(67, 'Nicolas', 'NZAMBA', '2019-11-13', '2017-09-28', 'white', 'M', '', '', '', '', '', '', 0, 0, 1, 0, 0, NULL, NULL),
	(68, 'Noel', 'ONIZKO', '2017-10-14', '2017-09-14', 'white', 'M', '', '', NULL, NULL, NULL, NULL, 0, 0, 1, 0, 0, NULL, NULL),
	(69, 'Alban', 'OUAHAB', '0001-01-01', '2017-09-25', 'blue', 'M', '', 'étudiant / recherche commerce?', 'alban.ouahab@gmail.com', '0673660466', '', '', 0, 0, 1, 0, 1, 1, 7),
	(70, 'Samuel', 'PELLET', '2019-01-31', '2017-09-21', 'white', 'M', 'C\'est quoi son abonnement? enfant?', '', 'marc.pellet26@orange.fr', '', '', '', 0, 0, 1, 0, 0, NULL, NULL),
	(73, 'Emanuel', 'VIEIRA', '0001-01-01', '2017-09-21', 'blue', 'M', '', 'livreur dans les librairies', 'manisnatch@gmail.com', '', '', '', 0, 0, 1, 0, 1, 1, NULL),
	(74, 'Celine', 'PERREARD', '0001-01-01', '2017-09-14', 'white', 'F', '', '', 'perreard.celine@gmail.com', '', '46 rue des orteaux, Paris, 75020', '', 0, 0, 1, 0, 0, 1, NULL),
	(75, 'Jeremy', 'PICOSTE', '2019-11-05', '2017-10-16', 'black', 'M', 'tarif réduit du cercle', '', 'jeremy.picoste@gmail.com', '', '', '', 0, 0, 1, 0, 0, NULL, NULL),
	(76, 'Mirjana', 'POLJAKOVIC', '2018-10-04', '2017-10-05', 'white', 'M', 'Qui est ce derrière??', '', '', '', '', '', 0, 0, 1, 0, 0, NULL, NULL),
	(77, 'François David', 'PUCHEU LASHORES', '2019-10-11', '2017-09-25', 'purple', 'M', '', 'Dans le pétrole?', 'fdpucheu@gmail.com', '', '', '', 0, 0, 1, 0, 0, NULL, NULL),
	(78, 'Vincent', 'PUYDOYEUX', '2018-10-16', '2017-10-20', 'white', 'M', '', '', 'v.puydoyeux@gmail.com', '', '', '', 0, 0, 1, 0, 0, NULL, NULL),
	(79, 'Djamel', 'SAHRAOUI', '2018-09-25', '2017-09-25', 'white', 'M', '', '', 'djamel.sahraoui2587@gmail.com', '', '', '', 0, 0, 1, 0, 0, NULL, NULL),
	(80, 'Mehdi', 'SAIDI', '2018-09-20', '2017-09-21', 'white', 'M', '', '', 'saidi.m@gmail.com', '', '', '', 0, 0, 1, 0, 0, NULL, NULL),
	(81, 'Nelson', 'SILVA', '2019-09-11', '2017-09-14', 'brown', 'M', '', '', 'nelsonsilva@hotmail.fr', '', '', '', 0, 0, 1, 0, 0, NULL, NULL),
	(82, 'Andrei', 'STRUTGNSHGG', '2017-10-14', '2017-09-14', 'white', 'M', 'C\'est quoi son abo a 250 ?', '', NULL, NULL, NULL, NULL, 0, 0, 1, 0, 0, NULL, NULL),
	(83, 'Sylvain', 'TARIN', '2018-10-10', '2017-10-05', 'purple', 'M', '', '', '', '', '', '', 0, 0, 1, 0, 0, NULL, NULL),
	(84, 'Noah', 'TERRONI', '2018-09-21', '2017-09-21', 'white', 'M', '', '', '', '', '', '', 1, 0, 1, 0, 0, NULL, NULL),
	(85, 'Adrien', 'TIREL', '2018-10-20', '2017-10-20', 'white', 'M', 'A demandé pour des CP', '', 'adrienjet@gmail.com', '', '', '', 0, 0, 1, 0, 0, NULL, NULL),
	(86, 'Christophe', 'TROEL', '2018-09-15', '2017-05-10', 'white', 'M', '', '', 'christophe.troel@hotmail.fr', '', '', '', 0, 0, 1, 0, 0, NULL, NULL),
	(87, 'Alexis', 'TRUJILLO', '2019-10-03', '2017-10-02', 'white', 'M', '', '', 'alexis.atrujill@gmail.com', '', '', '', 0, 0, 1, 0, 0, NULL, NULL),
	(88, 'Arthur', 'TSIMI', '2018-09-12', '2017-09-21', 'white', 'M', '', '', '', '', '', '', 0, 0, 1, 0, 0, NULL, NULL),
	(89, 'Yohan', 'VERGNE', '2019-09-07', '2017-09-08', 'blue', 'M', '', '', 'ambulance.adam75@gmail.com', '', '48 rue des bruyères 93260 Les Lilas ', '', 0, 0, 1, 0, 1, NULL, NULL),
	(90, 'Guillaume', 'VIGNE', '2018-10-16', '2017-10-16', 'purple', 'M', '', '', 'guigui83@yahoo.fr', '', '', '', 0, 0, 1, 0, 0, NULL, NULL),
	(91, 'Paul-François', 'YGORRA', '0001-01-01', '2017-05-10', 'blue', 'M', '', '', 'ygorrapf@free.fr', '', '', '', 0, 0, 1, 0, 0, 1, NULL),
	(92, 'Nissim', 'ZERBIB', '2019-09-08', '2017-09-18', 'white', 'M', '', '', 'nissim.zerbib@ens.fr', '', '', '', 0, 0, 1, 0, 0, NULL, NULL),
	(99, 'Ned', 'ALZIEU', '2018-09-19', '2017-09-19', 'white', 'M', 'C\'est quoi son abo? un enfant?', '', 'ned.alzieu@gmail.com', '', '', '', 0, 0, 1, 0, 0, NULL, NULL),
	(100, 'Frederic', 'AMBROISE', '2019-07-04', '2017-06-28', 'white', 'M', 'Grand martiniquais, inscrit a 2 disciplines, vient de l\'hapkido', '', 'defre2k2@hotmail.com', '', '', '', 0, 0, 1, 0, 0, NULL, NULL),
	(101, 'Jean-Marc', 'BLOMBOU', '0001-01-01', '2017-06-08', 'blue', 'M', 'A repris ses derniers cheques et doit en rendre 2 autres... A priori c\'est bon j\'ai recup le reste en cash', '', 'jmblombou@yahoo.fr', '', '', '', 0, 0, 1, 0, 0, 1, NULL),
	(102, 'Amandine', 'BOUVAT', '2018-05-10', '2017-05-10', 'white', 'F', '', '', '', '', '', '', 0, 0, 1, 0, 0, NULL, NULL),
	(103, 'Manuel', 'BRUN', '2018-05-10', '2017-05-10', 'white', 'M', 'C\'est quoi son abo? enfant', '', '', '', '', '', 0, 0, 1, 0, 0, NULL, NULL),
	(104, 'Aurianne', 'CHARMET', '2017-06-04', '2017-05-10', 'white', 'M', '', '', NULL, NULL, NULL, NULL, 0, 0, 1, 0, 0, NULL, NULL),
	(105, 'Daniel', 'CURVAT', '0001-01-01', '2017-07-11', 'blue', 'M', '', '', 'daniel.curvat@gmail.com,bakidan@hotmail.fr ', '', '8 rue René Cassin, NEUILLY-PLAISANCE, 93360', '', 0, 0, 1, 0, 0, 1, NULL),
	(106, 'Jerome', 'DIVAC', '2018-05-10', '2017-05-10', 'blue', 'M', 'Est parti pour cause de changement de travail et de lieu d\'habitation', '', '', '', '', '', 0, 0, 1, 0, 0, NULL, NULL),
	(107, 'Jorge', 'DO PINHAL', '2019-09-08', '2017-07-18', 'blue', 'M', '', '', 'jorgedopinhal@yahoo.fr', '', '', '', 0, 0, 1, 0, 0, NULL, NULL),
	(108, 'Gwenael', 'HUET', '2019-03-06', '2017-05-10', 'blue', 'M', '', '', 'huetgwenael@gmail.com', '', '', '', 0, 0, 1, 0, 0, NULL, NULL),
	(109, 'Guillaume', 'LE MAUT', '2018-06-01', '2017-06-01', 'white', 'M', 'Enfant?', '', '', '', '', '', 1, 0, 1, 0, 0, NULL, NULL),
	(110, 'Kevin', 'MALGERARD', '0001-01-01', '2017-05-10', 'white', 'M', '', '', 'kevincdf@hotmail.fr', '', '', '', 0, 0, 1, 0, 0, 1, NULL),
	(111, 'Joan', 'MESINELE', '0001-01-01', '2017-05-10', 'white', 'M', '', '', 'angetjoan@hotmail.com', '', '1 Chemin des Coutures , Ivry sur Seine , 94200, FR ', '', 0, 0, 1, 0, 0, 1, NULL),
	(112, 'Moustakima', 'HASSANI', '0001-01-01', '2017-06-01', 'brown', 'M', '', '', 'mhassani@free-infra.fr ', '', '', '', 0, 0, 1, 0, 0, 1, NULL),
	(113, 'Samuel', 'OLIVIER', '2019-05-18', '2017-06-01', 'white', 'M', '', '', 'samuel.olivier.bonte@gmail.com', '', '', '', 0, 0, 1, 0, 0, NULL, NULL),
	(114, 'David', 'THOMAS', '2017-07-01', '2017-06-01', 'white', 'M', '', '', NULL, NULL, NULL, NULL, 0, 0, 1, 0, 0, NULL, NULL),
	(115, 'Moussa', 'TIMERA', '2019-11-07', '2017-05-10', 'purple', 'M', '', '', 'moussa.timera@laposte.net', '', '', '', 0, 0, 1, 0, 0, NULL, NULL),
	(116, 'Alexandre', 'WALLOIS', '0001-01-01', '2017-05-10', 'white', 'M', '', '', 'agpwallois@gmail.com', '', '', '', 0, 0, 1, 0, 0, 1, NULL),
	(120, 'Simon', 'THULEAU', '2018-09-01', '2017-11-09', 'white', 'M', 'Cheque de 500 puis remboursement en cours de 290E. Ca revient a un paiement de 210E..... Pkoi ce remboursement? inactif??', '', 'simon.thuleau@gmail.com', '', '', '', 0, 0, 1, 0, 0, NULL, NULL),
	(121, 'Thomas', 'BISSON', '2019-01-09', '2017-11-09', 'white', 'M', 'Oui c\'est bien thomas, a fait que 10 cours...', '', 'tom64b@gmail.com ', '', '', '', 0, 0, 1, 0, 0, NULL, NULL),
	(122, 'Sofien', 'ZAMITTI', '2017-12-09', '2017-11-09', 'white', 'M', '', '', '', '', '', '', 0, 0, 1, 0, 0, NULL, NULL),
	(123, 'Alessandro', 'ZANNI', '2018-11-09', '2017-11-09', 'black', 'M', 'C\'est quoi sa 2eme discipline à lui?', 'informaticien dans la sécurité', 'zanni.alessandro@gmail.com', '', '', '', 0, 0, 1, 0, 0, NULL, NULL),
	(124, 'Hichem', 'ARFAOUI', '2018-11-09', '2017-11-09', 'white', 'M', 'C\'est quoi ça comme taro 350 en cheque? 2 disciplines j\'imagine', '', 'hichem.a@hotmail.com', '', '', '', 0, 0, 1, 0, 0, NULL, NULL),
	(125, 'Olivier', 'ROINEL', '2018-11-09', '2017-11-09', 'white', 'M', '', '', 'olivierroinel@gmail.com', '', '', '', 0, 0, 1, 0, 0, NULL, NULL),
	(126, 'Martin', 'CZABADAJ', '0001-01-01', '2017-11-09', 'blue', 'M', '', '', 'martin.czabadaj@gmail.com', '', '', '', 0, 0, 1, 0, 1, 1, NULL),
	(127, 'Denis', 'DAVIDKOV', '2017-12-09', '2017-11-09', 'white', 'M', 'Pourquoi j\'ai reçu ce montant et pas 30 E?', '', '', '', '', '', 0, 0, 1, 0, 0, NULL, NULL),
	(128, 'Thibaut', 'OLIVIER', '2019-12-11', '2017-05-01', 'black', 'M', 'Moi', 'Jiu-Jitsu headcoach', 'thibautolivier77@gmail.com', '0675403464', '44 rue faidherbe 78800 HOUILLES', 'https://www.facebook.com/thibautolivier77', 0, 0, 1, 1, 0, NULL, NULL),
	(129, 'François', 'MOLESLAS', '2020-11-11', '2017-05-01', 'black', 'M', '', '', '', '', '', '', 0, 0, 1, 0, 1, NULL, NULL),
	(130, 'Stéphane', 'HENNEQUIN', '2020-11-11', '2017-05-01', 'black', 'M', '', '', 'stephanehennequin@hotmail.com', '', '', '', 0, 0, 1, 1, 1, NULL, NULL),
	(131, 'Etienne', 'GREGOIRE', '2019-12-01', '2017-05-01', 'black', 'M', '', '', 'celine.etienne60@hotmail.fr', '', '', '', 0, 0, 1, 1, 0, NULL, NULL),
	(132, 'Matthieu', 'DELALANDRE', '2019-12-11', '2017-05-01', 'black', 'M', '', '', 'delalandre.matthieu@gmail.com', '', '', '', 0, 0, 1, 1, 0, NULL, NULL),
	(136, 'Jean-Baptiste', 'QUINQUENEL', '2018-11-15', '2017-11-15', 'white', 'M', '2 disciplines j\'imagine', '', NULL, NULL, NULL, NULL, 0, 0, 1, 0, 0, NULL, NULL),
	(137, 'Julien', 'FARAUT', '2019-11-29', '2017-11-15', 'white', 'M', '', '', 'jfaraut@hotmail.com', '', '', '', 0, 0, 1, 0, 0, NULL, NULL),
	(138, 'Michel-Ange', 'MATOUBA', '2019-11-13', '2017-11-15', 'white', 'M', 'kaju premiere discipline', '', 'mmatouba@hotmail.com', '', '', '', 0, 0, 1, 0, 0, NULL, NULL),
	(139, 'Akhmed', 'SALAMOV', '2019-09-18', '2017-12-18', 'blue', 'M', '', '', '', '', '', '', 0, 0, 1, 0, 1, NULL, NULL),
	(142, 'Sylvain', 'DESHORS', '2018-12-19', '2017-12-19', 'white', 'M', '1 jeudi sur 2 à 14h15', 'Chez veolia', 'sdeshors@gmail.com', '0620552437', '', '', 0, 0, 1, 0, 0, NULL, 8),
	(143, 'Brice', 'DONADELLI', '2017-11-20', '2017-05-01', 'brown', 'M', '', '', NULL, NULL, NULL, NULL, 0, 0, 1, 0, 0, NULL, NULL),
	(144, 'Marco', 'GONCALVES', '0001-01-01', '2017-05-01', 'blue', 'M', 'Jeudi 13h30 à 14h15', '', 'marco.romeu@yahoo.com;marco.romeu40@gmail.com', '0610781212', '', '', 0, 0, 1, 0, 1, 1, 9),
	(145, 'Clara', 'CABRERIZO', '2017-11-20', '2017-05-01', 'white', 'F', '', '', NULL, NULL, NULL, NULL, 0, 0, 1, 0, 0, NULL, NULL),
	(146, 'Nicolas', 'DUVAUCHELLE', '2018-11-21', '2017-11-21', 'white', 'M', '', 'Acteur', 'Donduvo@gmail.com', '', '', '', 0, 0, 1, 0, 1, NULL, NULL),
	(147, 'Sebastien', 'LOPES', '2018-11-21', '2017-11-21', 'black', 'M', '', '', '', '', '', '', 0, 0, 1, 0, 0, NULL, NULL),
	(148, 'Denis', 'CEOLIN', '2019-10-17', '2017-11-30', 'blue', 'M', '', 'Chercheur en chimie', 'denis.ceolin@gmail.com', '', '', '', 0, 0, 1, 0, 0, NULL, NULL),
	(149, 'Yohann', 'LY', '2019-12-06', '2017-11-30', 'brown', 'M', '', '', 'yohann.ly@gmail.com', '', '', '', 0, 0, 1, 0, 0, NULL, NULL),
	(150, 'Thibaud', 'DENINGER', '2019-10-09', '2017-11-30', 'blue', 'M', '', 'Policier', 'tdeninger@hotmail.fr', '', '', '', 0, 0, 1, 0, 0, NULL, NULL),
	(152, 'Nicolas', 'MALARD', '2018-11-30', '2017-11-30', 'white', 'M', 'Frere de Yann la ceinture violette', '', NULL, NULL, NULL, NULL, 0, 0, 1, 0, 0, NULL, NULL),
	(153, 'David', 'DONNINI', '0001-01-01', '2017-11-30', 'white', 'M', '', '', 'davdons@gmail.com', '', '28, avenue de marinville, batiment c, Saint Maur des fossés, 94100', '', 0, 0, 1, 0, 0, 1, NULL),
	(154, 'Juan', 'NERINA', '2018-11-30', '2017-11-30', 'blue', 'M', '', '', 'totochi2i@outlook.fr', '', '', '', 0, 0, 1, 0, 0, NULL, NULL),
	(155, 'Roméo', 'YOMBOU', '2018-08-31', '2017-12-04', 'blue', 'M', 'Seulement le libre, !! non déclaré !! Comment le faire figurer.....????? Mettre en cours part??', '', '', '', '', '', 0, 0, 1, 0, 0, NULL, NULL),
	(156, 'Hennaddig', 'HORSKYY', '0001-01-01', '2017-12-07', 'white', 'M', 'ukrainien prof dans sa tete, javais négocié 250E jusqu\'a aout, il a payé que 65 (125) pour l\'instant..', 'vtc', 'vtchennadiy@gmail.com ', '', '108 rue de picpus, Paris, 75012, FR ', '', 0, 0, 1, 0, 0, 1, NULL),
	(157, 'Dominique', 'BOYER', '2019-11-06', '2017-12-07', 'white', 'M', 'aikidoka avec une sceance par semaine', '', '', '', '', '', 0, 0, 1, 0, 0, NULL, NULL),
	(158, 'Zou', 'THIEN DU CHABERT', '2018-12-07', '2017-12-07', 'purple', 'M', '', '', '', '', '', '', 0, 0, 1, 0, 1, NULL, NULL),
	(159, 'Roy', 'HARRIS', '2018-12-07', '2017-12-07', 'brown', 'M', '', '', 'roy.harris@gmail.com', '', '', '', 0, 0, 1, 0, 0, NULL, NULL),
	(160, 'Hernan', 'VASQUEZ MORA', '2018-12-07', '2017-12-07', 'black', 'M', '', 'policier', '', '', '', '', 0, 0, 1, 0, 0, NULL, NULL),
	(162, 'David', 'ANKRI', '0001-01-01', '2017-12-12', 'brown', 'M', 'Juif integriste', 'Vendeur de cuir', 'david.ankri1969@gmail.com', '', '', '', 0, 0, 1, 0, 0, 1, NULL),
	(163, 'Matthieu', 'LHOSPITALIER', '2018-03-08', '2017-12-19', 'white', 'M', '', '', '', '', '', '', 0, 0, 0, 0, 0, NULL, NULL),
	(164, 'Aissa', 'EDDAMI', '2018-12-19', '2017-12-19', 'white', 'M', 'pote de bagdad', '', '', '', '', '', 0, 0, 1, 0, 0, NULL, NULL),
	(165, 'Lothaire', 'EPEE', '2018-12-19', '2017-12-19', 'purple', 'M', '', '', '', '', '', '', 0, 0, 1, 0, 1, NULL, NULL),
	(166, 'Dioumé', 'SANGARÉ', '2018-12-28', '2017-12-28', 'black', 'M', 'club d\'origine le maccabi', 'finance?', 'disangare@gmail.com', '', '', 'https://www.facebook.com/dioum.sangare', 0, 0, 1, 0, 1, NULL, NULL),
	(167, 'Farid', 'NAÏR', '0001-01-01', '2018-01-03', 'purple', 'M', 'reste 200 à payer, tarif de 300 négocié car eleve au carreau aussi', '', 'nadiros@hotmail.com', '', '', '', 0, 0, 1, 0, 0, 1, NULL),
	(168, 'Francis', 'KRAUSE', '2019-01-04', '2018-01-04', 'white', 'M', '', '', 'francisetienne30@gmail.com', '', '', '', 0, 0, 1, 0, 0, NULL, NULL),
	(169, 'Stephane', 'CREANTOR', '0001-01-01', '2018-01-08', 'purple', 'M', 'grand martiniquais', '', 's_creantor@hotmail.fr', '', '', 'https://www.facebook.com/stephane.guadyguady', 0, 0, 1, 0, 0, 1, NULL),
	(170, 'Sully', 'CHANTEUR', '2019-01-08', '2018-01-08', 'white', 'M', 'Cours du matin', '', 'sullychanteur@hotmail.com', '', '', '', 0, 0, 1, 0, 0, NULL, NULL),
	(171, 'Raphael', 'GRELLET', '0001-01-01', '2018-01-09', 'white', 'M', '!!!! Cheque posé le 3, refusé le 8 mars 2018, annulé le 14 !!!! retente le 3/4, encore refusé le 6/04', '', 'grelletraph@gmail.com', '', '', '', 0, 0, 1, 0, 0, 1, NULL),
	(172, 'Kamal', 'YDIR', '2019-01-09', '2018-01-09', 'brown', 'M', '', '', 'kamal.ydir@gmail.com', '', '', '', 0, 0, 1, 0, 1, NULL, NULL),
	(173, 'Malik', 'N\'DIAW', '2019-01-09', '2018-01-09', 'white', 'M', '', '', 'maloko_80@hotmail.com', '', '', '', 0, 0, 1, 0, 0, NULL, NULL),
	(174, 'Simon', 'LOKIEC', '2019-09-16', '2018-01-24', 'white', 'M', '', '', '', '', '', '', 1, 0, 1, 0, 0, NULL, NULL),
	(175, 'Michel', 'GUELDRY', '2019-01-24', '2018-01-24', 'blue', 'M', 'Vient surtout le matin, pkoi 600', '', 'mgueldry@gmail.com', '', '', '', 0, 0, 1, 0, 0, NULL, NULL),
	(176, 'Mike', 'LATKA', '2019-01-25', '2018-01-25', 'white', 'M', '', '', '', '', '', '', 0, 0, 1, 0, 0, NULL, NULL),
	(177, 'Herve', 'GAILLARD', '2019-01-25', '2018-01-25', 'white', 'M', '', '', '', '', '', '', 0, 0, 1, 0, 0, NULL, NULL),
	(178, 'Frederic', 'CARPENTIER', '2019-01-25', '2018-01-25', 'white', 'M', '', '', 'f-carpentier@hotmail.fr', '', '', '', 0, 0, 1, 0, 0, NULL, NULL),
	(179, 'Sebastien', 'BOTTEY', '2019-01-25', '2018-01-25', 'white', 'M', '', '', 'sebastien.bottey@gmail.com', '', '', '', 0, 0, 1, 0, 0, NULL, NULL),
	(180, 'Damien', 'LAHMI', '2019-01-25', '2018-01-25', 'blue', 'M', 'Bleu??', '', 'damienlahmi@free.fr', '', '', '', 0, 0, 1, 0, 1, NULL, NULL),
	(181, 'Ahmed', 'ALLA', '2019-02-08', '2018-02-08', 'white', 'M', '', '', 'ahmed.alla1@gmail.com', '', '', '', 0, 0, 1, 0, 0, NULL, NULL),
	(182, 'Tiziano', 'PEDINIELLI', '2019-02-08', '2018-02-08', 'blue', 'M', '', '', 'tiziano.pedinielli@gmail.com', '', '', '', 0, 0, 1, 0, 0, NULL, NULL),
	(183, 'Sidney', 'CHAWATY', '2019-02-08', '2018-02-08', 'white', 'M', '', '', '', '', '', '', 1, 0, 1, 0, 0, NULL, NULL),
	(184, 'Charles-Edouard', 'DI GIAMPIETRO', '2019-02-08', '2018-02-08', 'blue', 'M', '', '', '', '', '', '', 0, 0, 0, 0, 0, NULL, NULL),
	(186, 'David', 'ARGIRAKIS', '2019-02-10', '2018-02-10', 'black', 'M', '', 'pilote de ligne', 'david.argirakis@gmail.com', '', '', '', 0, 0, 1, 0, 0, NULL, NULL),
	(187, 'Abdelkrim', 'AMROUCHE', '2019-02-11', '2018-02-11', 'black', 'M', '', '', 'karim_brasil@yahoo.fr', '', '', 'https://www.facebook.com/jakarim.gracie', 0, 0, 1, 0, 0, NULL, NULL),
	(188, 'Sélim', 'BEN CHEIKH', '2019-02-19', '2018-02-19', 'blue', 'M', '', '', '', '', '', '', 0, 0, 0, 0, 0, NULL, NULL),
	(189, 'Lionel', 'MESCAM', '2019-02-22', '2018-02-22', 'black', 'M', '', '', 'cyberyoyo@free.fr', '', '', '', 0, 0, 1, 0, 0, NULL, NULL),
	(190, 'Luc', 'DESCAMPS', '2018-03-24', '2018-02-24', 'white', 'M', '', '', '', '', '', '', 0, 0, 0, 0, 0, NULL, NULL),
	(191, 'Sebastien', 'LECOQ', '2021-01-24', '2018-02-24', 'black', 'M', '', '', '', '', '', '', 0, 0, 1, 0, 1, NULL, NULL),
	(192, 'Louis', 'BLECH-SEMIN', '2019-03-06', '2018-03-06', 'white', 'M', '2 discipline avec MMA', '', 'louisblech@gmail.com', '', '', '', 0, 0, 1, 0, 0, NULL, NULL),
	(193, 'Kamel', 'CHAOUCHE', '2019-03-06', '2018-03-06', 'white', 'M', 'algerien', '', '', '', '', '', 0, 0, 1, 0, 0, NULL, NULL),
	(194, 'Roméo', 'WAGNER', '2019-03-12', '2018-03-12', 'white', 'M', '', 'jeune éducateur kim noire sympa', 'wagner.romeo@gmail.com', '', '', '', 0, 0, 1, 0, 0, NULL, NULL),
	(195, 'Adams', 'SOULAIMANA', '2019-03-12', '2018-03-12', 'white', 'M', '2 disciplines j\'imagine', '', '', '', '', '', 0, 0, 1, 0, 0, NULL, NULL),
	(196, 'Romain', 'VILLA', '2019-03-22', '2018-03-22', 'purple', 'M', '2 disciplines', '', '', '', '', '', 0, 0, 1, 0, 0, NULL, NULL),
	(197, 'Stephane', 'BON', '2019-05-18', '2018-05-18', 'white', 'M', 'Il a payé 250 pour une deuxieme discipline, donc l\'autre discipline a recup 100 de trop', '', '', '', '', '', 0, 0, 1, 0, 0, NULL, NULL),
	(198, 'Paul', 'MAHON', '0001-01-01', '2018-05-18', 'white', 'M', '', '', 'linecb@msn.com', '', '', '', 0, 0, 1, 0, 0, 1, NULL),
	(199, 'Julien', 'CARBONNELL', '0001-01-01', '2018-05-25', 'white', 'M', '', '', 'julien.carbonnell@gmail.com', '', '', '', 0, 0, 1, 0, 0, 1, NULL),
	(200, 'Brian', 'MANGOENPAWIRO', '0001-01-01', '2018-05-26', 'white', 'M', '', '', 'bmangoen@gmail.com', '', '', '', 0, 0, 1, 0, 0, 1, NULL),
	(201, 'Joris', 'NADEAU', '0001-01-01', '2018-06-16', 'white', 'M', '', '', 'nadeaujoris5@gmail.com', '', '', '', 0, 0, 1, 0, 0, 1, NULL),
	(202, 'Emmanuel', 'COUSIN', '2019-06-19', '2018-06-19', 'black', 'M', '', '', 'emcousin@gmail.com', '', '', '', 0, 0, 1, 1, 0, NULL, NULL),
	(203, 'Noureddine', 'AJDID', '0001-01-01', '2018-06-29', 'white', 'M', 'Les mardis de 13h15 à 14', '', 'ajdid_noureddine@yahoo.fr ', '0626125277', '', '', 0, 0, 1, 0, 1, 1, 9),
	(204, 'Nassim', 'GRAINAT', '2019-09-29', '2018-07-03', 'white', 'M', '', '', '', '', '', '', 1, 0, 1, 0, 0, NULL, NULL),
	(205, 'Andrei', 'SATALOV', '2019-08-31', '2018-07-03', 'white', 'M', '', '', '', '', '', '', 0, 0, 0, 0, 0, NULL, NULL),
	(206, 'Giusepe', 'VIZZINI', '2019-03-01', '2018-07-03', 'white', 'M', '', '', '', '', '', '', 0, 0, 1, 0, 0, NULL, NULL),
	(207, 'Franck', 'ETIENNE', '2019-07-05', '2018-07-05', 'white', 'M', '', '', '', '', '', '', 0, 0, 0, 0, 0, NULL, NULL),
	(208, 'Anthony', 'BENAIS', '0001-01-01', '2018-07-11', 'blue', 'M', '', '', 'benais1cl@hotmail.fr', '', '', '', 0, 0, 1, 0, 1, 1, NULL),
	(209, 'Gabriel', 'AHOUANDOGBNO', '2019-07-17', '2018-07-17', 'purple', 'M', '', '', '', '', '', '', 0, 0, 0, 0, 0, NULL, NULL),
	(210, 'Thomas', 'FOURNIER', '0001-01-01', '2018-07-17', 'white', 'M', '', '', 'thomasfournier314@gmail.com', '', '', '', 0, 0, 1, 0, 0, 1, NULL),
	(211, 'Mathieu', 'CHANTALAT', '0001-01-01', '2018-07-25', 'white', 'M', '', '', 'mchantalat@gmail.com', '', '', '', 0, 0, 1, 0, 0, 1, NULL),
	(212, 'Arthus', 'DE SENNEVILLE GRAVE', '2019-08-20', '2018-08-20', 'white', 'M', '', '', 'arthussenneville@gmail.com', '0612856023', '148 boulevard Bineau	92200	Neuilly sur Seine', '', 1, 0, 1, 0, 0, NULL, NULL),
	(213, 'Francis', 'NIYONKURU', '2019-08-21', '2018-08-21', 'blue', 'M', '', '', '', '', '', '', 0, 0, 0, 0, 0, NULL, NULL),
	(214, 'Alexis', 'PETITJEAN', '0001-01-01', '2018-08-29', 'white', 'M', '', '', 'aleks0690@gmail.com ', '', '', '', 0, 0, 1, 0, 0, 1, NULL),
	(215, 'Cyril', 'CHARDONNET', '0001-01-01', '2018-09-04', 'blue', 'M', '', '', 'CYRIL.CHARDONNET@FREE.FR', '', '', '', 0, 0, 1, 0, 0, 1, NULL),
	(216, 'Julien', 'LUCAS', '0001-01-01', '2018-09-05', 'white', 'M', '', '', 'julien.lucas89@gmail.com ', '', '53 rue Claude Decaen, PARIS, 75012, FR ', '', 0, 0, 1, 0, 0, 1, NULL),
	(217, 'Damien', 'MILLAN', '0001-01-01', '2018-09-06', 'white', 'M', ' + MMA à vérifier', '', 'dmillan31@gmail.com', '', '11 avenue vergniaud, saint maure ses fosses, 94100, FR ', '', 0, 0, 1, 0, 0, 2, NULL),
	(218, 'Frédéric', 'JACQUET', '0001-01-01', '2018-09-09', 'white', 'M', '', '', 'fredericjacquet@yahoo.fr', '', '80 quai de Polangis 94340 Joinville-Le-Pont ', '', 0, 0, 1, 0, 0, 1, NULL),
	(219, 'Christian', 'PINVILLE', '0001-01-01', '2018-09-10', 'white', 'M', '', '', 'christian.pinville@gmail.com ', '', '6 AVENUE DUCIS, MAISONS-LAFFITTE, 78600, FR ', '', 0, 0, 1, 0, 0, 1, NULL),
	(220, 'Thibaut', 'BEDOUIN', '0001-01-01', '2018-09-10', 'white', 'M', '', '', 'thibaut.bedouin@gmail.com', '', '8 résidence plein sud , 83 avenue de Versailles , Thiais , 94320, FR ', '', 0, 0, 1, 0, 0, 1, NULL),
	(222, 'Iraklis', 'ALEXANDRIDIS', '0001-01-01', '2018-09-12', 'white', 'M', '', '', 'herculesalexandridis@msn.com', '', '15 AVENUE ERNEST RENAN, MONTREUIL, 93100', '', 0, 0, 1, 0, 0, 1, NULL),
	(223, 'Franck', 'BISSON', '2019-09-14', '2018-09-14', 'white', 'M', 'Ne paye pas car beauf de filou', '', 'bissonfranck78@gmail.com', '', '', '', 0, 0, 1, 0, 0, NULL, NULL),
	(224, 'Xavier', 'ROBERT', '2019-09-14', '2018-09-14', 'brown', 'M', '', '', 'xbiancardini@yahoo.fr', '', '91 rue saint fargeau 75020 Paris ', '', 0, 0, 1, 0, 0, NULL, NULL),
	(225, 'Jean Christophe', 'BOULADE', '2019-09-14', '2018-09-14', 'white', 'M', 'sponsor samsung... :)', '', 'jcboulade94@gmail.com', '', '', '', 0, 0, 1, 0, 0, NULL, NULL),
	(226, 'Philippe', 'HEYDARIAN', '0001-01-01', '2018-09-14', 'white', 'M', '', '', 'heydarian.philippe@gmail.com ', '', ' 21 rue Raymond du temple, Vincennes, 94300', '', 0, 0, 1, 0, 0, 1, NULL),
	(227, 'Rémi', 'LESÉNÉCHAL', '0001-01-01', '2018-09-14', 'white', 'M', '', '', 'lesenechal.remi@gmail.com ', '', '11 rue gossec, Paris, 75012', '', 0, 0, 1, 0, 0, 1, NULL),
	(228, 'Mikael', 'THOMAS', '0001-01-01', '2018-09-16', 'white', 'M', '', '', 'mikaelts82@gmail.com', '', '8 avenue des entrepreneurs , Mitry-mory, 77290', '', 0, 0, 1, 0, 0, 1, NULL),
	(229, 'Damien', 'ROQUES', '0001-01-01', '2018-09-16', 'white', 'M', '', '', 'damienrqes@gmail.com ', '', '35 bis rue pierre brosolette, Neuilly Plaisance', '', 0, 0, 1, 0, 0, 1, NULL),
	(230, 'Frederic', 'CHALOPIN', '0001-01-01', '2018-09-17', 'white', 'M', '', '', 'f_chalopin@yahoo.fr', '', '', '', 0, 0, 1, 0, 0, 1, NULL),
	(231, 'Abdel-Jalhil', 'TEIBI', '2019-09-18', '2018-09-18', 'white', 'M', '', '', 'jalhil.teibi@gmail.com', '', '1 allée des érables 94410 Saint Maurice ', '', 0, 0, 1, 0, 0, NULL, NULL),
	(232, 'Ronan', 'BILLAUD', '0001-01-01', '2018-09-18', 'white', 'M', '', '', '', '', '1 rue de la Libération, Nogent sur Marne , 94130', '', 0, 0, 1, 0, 0, 1, NULL),
	(233, 'Guillaume', 'BERNARD', '2019-10-10', '2018-09-19', 'white', 'M', '', '', 'guillaum3.bernard@gmail.com ', '', '35 RUE DE FONTENAY, VINCENNES, 94300', '', 0, 0, 1, 0, 0, NULL, NULL),
	(234, 'Mickael', 'DAVOLI', '0001-01-01', '2018-09-19', 'white', 'M', '', '', 'mikka.dav@hotmail.fr ', '', '', '', 0, 0, 1, 0, 0, 1, NULL),
	(235, 'Julien', 'FAURE', '0001-01-01', '2018-09-20', 'white', 'M', 'A resilier mi janvier, il se barre', '', '', '', '', '', 0, 0, 1, 0, 0, 1, NULL),
	(236, 'Arnaud', 'BLOUIN', '0001-01-01', '2018-09-21', 'white', 'M', '', '', 'arnaud.blouin@gmail.com', '', '13 rue andre bollier , Saint maur des fosses, 94100', '', 0, 0, 1, 0, 0, 1, NULL),
	(237, 'Greg', 'MOREL', '0001-01-01', '2018-09-22', 'brown', 'M', '', '', 'akiraparis75@gmail.com', '', '3 allée des grands champs , Bagnolet, 93170', '', 0, 0, 1, 0, 0, 1, NULL),
	(238, 'Pierre', 'MURATET', '0001-01-01', '2018-09-23', 'blue', 'M', '', '', 'lance.strapontin@gmail.com', '', '', '', 0, 0, 1, 0, 0, 1, NULL),
	(239, 'Gaetan', 'BOURBOTTE', '0001-01-01', '2018-09-24', 'blue', 'M', 'Copain de Celine?', '', 'gaetan.brb@gmail.com', '', '46 rue des orteaux, Paris, 75020', '', 0, 0, 1, 0, 0, 1, NULL),
	(240, 'Jeanne', 'DANGUY', '0001-01-01', '2018-09-25', 'white', 'M', '', '', 'jeannedanguy@gmail.com ', '', '4 avenue du Petit Parc, VINCENNES', '', 0, 0, 1, 0, 0, 1, NULL),
	(241, 'Fabien', 'NGUYEN', '2019-09-27', '2018-09-27', 'white', 'M', '', '', 'fabiennguyen@hotmail.fr', '', '', '', 0, 0, 1, 0, 0, NULL, NULL),
	(243, 'Romuald', 'BOUVARD', '2019-09-29', '2018-09-29', 'white', 'M', 'vendredi à 12h30', '', 'romuald.bouvard@hotmail.fr', '0648486408', '', '', 0, 0, 0, 0, 0, NULL, 9),
	(244, 'Nicolas', 'BABOUR', '2019-09-30', '2018-09-30', 'white', 'M', '1 vendredi sur 2 à 13h15', '', 'nicolasbabour@gmail.com', '0627950427', '', '', 0, 0, 0, 0, 0, NULL, 8),
	(245, 'Jed', 'LACROIX', '2019-10-02', '2018-10-02', 'white', 'M', '', '', '', '', '', '', 1, 0, 1, 0, 0, NULL, NULL),
	(247, 'Aurélien', 'APPÉRÉ', '0001-01-01', '2018-10-05', 'white', 'M', '', '', 'aurelien.appere@gmail.com', '', '30 Avenue Marinville, Saint-Maur-des-Fossés, 94100, FR ', '', 0, 0, 1, 0, 0, 1, NULL),
	(248, 'Thomas', 'PAYET', '0001-01-01', '2018-10-05', 'white', 'M', '', '', 'thomassamuelpayet@outlook.fr', '', '8 rue cure carreau, Nogent sur marne, 94130', '', 0, 0, 1, 0, 0, 1, NULL),
	(249, 'Kamal', 'BOUMOUR', '0001-01-01', '2018-10-05', 'white', 'M', '', '', 'kamal.boumour@gmail.com', '', '46 rue d\'Aguesseau, Boulogne-Billancourt, 92100', '', 0, 0, 1, 0, 0, 1, NULL),
	(250, 'Roman', 'BONATON', '2019-10-05', '2018-10-05', 'purple', 'M', '', '', 'romanbonaton@gmail.com', '', '22 rue du général de gaulle 78780 Maurecourt ', '', 0, 0, 1, 0, 0, NULL, NULL),
	(251, 'Alexandre', 'CHAUSSET', '2019-09-01', '2018-10-05', 'white', 'M', '', '', '', '', '', '', 0, 0, 0, 0, 0, NULL, NULL),
	(252, 'Clara', 'DESHAYES', '2019-10-08', '2018-10-08', 'white', 'M', '', '', '', '', '', '', 1, 0, 1, 0, 0, NULL, NULL),
	(253, 'Mohamed', 'ABDULKARIMOV', '2019-01-08', '2018-10-08', 'white', 'M', '', '', '', '', '', '', 1, 0, 0, 0, 0, NULL, NULL),
	(254, 'Isaura', 'BOURGEOIS', '2019-10-08', '2018-10-08', 'white', 'M', 'tarif enfant elle a 17 ans', '', 'isaura.bourgeois@gmail.com', '', '', '', 0, 0, 1, 0, 0, NULL, NULL),
	(255, 'Xavier', 'BARROUX', '2019-10-10', '2018-10-10', 'black', 'M', '', '', '', '', '', '', 0, 0, 0, 1, 0, NULL, NULL),
	(256, 'Charles', 'SUN', '2019-10-10', '2018-10-10', 'white', 'M', '1 vendredi sur 2 à 13h15', '', 'csun02@gmail.com', '0647612034', '172 RUE DU TEMPLE 75003 PARIS ', '', 0, 0, 1, 0, 0, NULL, 5),
	(257, 'Julien', 'BREIT', '0001-01-01', '2018-10-11', 'white', 'M', '1 jeudi sur 2 à 14h15', '', 'breitjul@gmail.com', '', '62 rue de Fontenay , Vincennes , 94300', '', 0, 0, 1, 0, 0, 1, 8),
	(258, 'Marvin', 'BERREMBOU', '0001-01-01', '2018-10-11', 'white', 'M', '', '', 'berrembou@yahoo.fr', '', '', '', 0, 0, 1, 0, 0, 1, NULL),
	(259, 'Cedric', 'MAUFROY', '0001-01-01', '2018-10-12', 'purple', 'M', '', '', 'maufroycedric@hotmail.com', '', '', '', 0, 0, 1, 0, 0, 2, NULL),
	(260, 'Antonio', 'BLANCO', '0001-01-01', '2018-10-13', 'white', 'M', '', '', 'bitonio@sfr.fr', '0626184835', '10 rue lacharriere, paris, 75011', '', 0, 0, 1, 0, 0, 1, 11),
	(261, 'Florian', 'LETELLIER', '2019-10-13', '2018-10-13', 'white', 'M', '', '', '', '', '', '', 1, 0, 1, 0, 0, NULL, NULL),
	(262, 'Jean', 'MALARD', '2019-10-13', '2018-10-13', 'white', 'M', '', '', '', '', '', '', 1, 0, 1, 0, 0, NULL, NULL),
	(263, 'Matthew', 'DOERKSEN', '0001-01-01', '2018-10-14', 'white', 'M', '1 jeudi sur 2 à 15h', '', 'matthewdoerksen@gmail.com ', '0762560085', '41 Rue Dauphine, 3G, Paris, 75006', '', 0, 0, 1, 0, 0, 1, 8),
	(264, 'Fanny', 'BOYER', '0001-01-01', '2018-10-14', 'white', 'M', '', 'Fliquette apparement', 'fannouboyer@hotmail.fr', '', '8 rue de la Poste , Saint Maur Des Fossés', '', 0, 0, 1, 0, 0, 1, NULL),
	(265, 'Mickaël', 'FELTEN', '0001-01-01', '2018-10-16', 'purple', 'M', '', '', 'felten.mickael@orange.fr', '', '4 rue Auguste Blanqui, bagnolet', '', 0, 0, 1, 0, 0, 1, NULL),
	(266, 'Olivier', 'PLAZAS', '0001-01-01', '2018-10-16', 'white', 'M', '', '', 'olivierplazas@gmail.com', '', '', '', 0, 0, 1, 0, 0, 1, NULL),
	(267, 'Axel', 'LARIDON', '0001-01-01', '2018-10-17', 'white', 'M', '', '', 'laridon_axel@yahoo.fr', '', '', '', 0, 0, 1, 0, 0, 1, NULL),
	(268, 'Julien', 'LAVERDURE', '0001-01-01', '2018-10-22', 'white', 'M', '', '', 'laverdureju@gmail.com', '', '132 ter boulevard Aristide Briand, CHAMPIGNY SUR MARNE, 94500', '', 0, 0, 1, 0, 0, 1, NULL),
	(269, 'Loreto', 'TULLIO', '2019-10-22', '2018-10-22', 'white', 'M', '', 'pizzaiolo', 'tullio.loreto@yahoo.com', '', '58 sentier des frettes 94230 cachan', '', 0, 0, 1, 0, 0, NULL, NULL),
	(270, 'Aly', 'SALAMÉ', '0001-01-01', '2018-10-25', 'white', 'M', '', '', 'aly-9@hotmail.fr', '', '25 avenue des murs du parc vincennes , Vincennes', '', 0, 0, 1, 0, 0, 2, NULL),
	(271, 'Thomas', 'ROYERE', '2019-10-27', '2018-10-27', 'white', 'M', '', '', 'thomas.royere@wanadoo.fr', '', '', '', 0, 0, 0, 0, 0, NULL, NULL),
	(272, 'Gregoire', 'BARAT', '2019-10-28', '2018-10-28', 'white', 'M', '', '', 'gregoirebarat@gmail.com', '', '6 SENTIER DES SUREAUX 93100 MONTREUIL ', '', 0, 0, 1, 0, 0, NULL, NULL),
	(273, 'Jocelyn', 'CASSAND', '0001-01-01', '2018-10-29', 'blue', 'M', '', '', 'docjoce11@gmail.com', '', '03 Cours Sainte Marthe, THIAIS, 94320', '', 0, 0, 1, 0, 0, 1, NULL),
	(274, 'David', 'ALLIEL', '0001-01-01', '2018-10-29', 'white', 'M', '', '', 'allielyehouda@gmail.com', '', '59 rue Pierre voyant , 59 rue Pierre voyant , VIleurbanne', '', 0, 0, 1, 0, 0, 1, NULL),
	(275, 'Anthar', 'BLIZAK', '2019-10-31', '2018-10-31', 'white', 'M', '', '', 'Anthar@hotmail.fr', '', '49ter Boulevard Davout 75020 Paris ', '', 0, 0, 1, 0, 0, NULL, NULL),
	(276, 'Clement', 'DUCOL', '2019-10-31', '2018-10-31', 'white', 'M', '', '', 'clement.ducol@gmail.com', '', '82 AVENUE FOCH 94120 FONTENAY-SOUS-BOIS ', '', 0, 0, 1, 0, 0, NULL, NULL),
	(277, 'Marius', 'DUCOL', '2019-10-31', '2018-10-31', 'white', 'M', '', '', 'clement.ducol@gmail.com', '', '', '', 1, 0, 1, 0, 0, NULL, NULL),
	(278, 'Claudia', 'HULBERT', '0001-01-01', '2018-11-03', 'white', 'M', '', '', 'claudia.hulbert@gmail.com', '', '4 rue du general de Larminat, Paris, 75015', '', 0, 0, 1, 0, 0, 1, NULL),
	(279, 'Thomas', 'CHARLES', '0001-01-01', '2018-11-03', 'purple', 'M', '', '', 'thomaspomme@gmail.com', '', '29 Avenue Gabriel Péri, Montreuil, 93100', '', 0, 0, 1, 0, 0, 1, NULL),
	(280, 'Vincent', 'FASOLI', '0001-01-01', '2018-11-03', 'white', 'M', '', '', 'vincent.fasoli@gmail.com', '', '22 bis rue de la réunion, Paris, 75020', '', 0, 0, 1, 0, 0, 1, NULL),
	(281, 'Manon', 'BERIOT', '2019-11-03', '2018-11-03', 'white', 'M', '', '', 'manon.beriot@gmail.com', '', '8 villa de la tourelle 93100 Montreuil', '', 0, 0, 1, 0, 0, NULL, NULL),
	(282, 'Dihere', 'GOUMANE', '0001-01-01', '2018-11-04', 'white', 'M', '', '', 'diheregoumane@yahoo.fr', '', '27 rue André Tessier, Fontenay sous bois, 94120', '', 0, 0, 1, 0, 0, 1, NULL),
	(283, 'Guillaume', 'LE BOLLOCH', '2019-11-05', '2018-11-05', 'white', 'M', 'double discipline prise en route', '', '', '', '', '', 0, 0, 1, 0, 0, NULL, NULL),
	(284, 'Mustapha', 'AMARA', '2019-11-06', '2018-11-06', 'white', 'M', 'tarif special que libre + ceinture noire', '', '', '', '', '', 0, 0, 1, 0, 0, NULL, NULL),
	(285, 'Mike', 'ALFREDO', '0001-01-01', '2018-11-13', 'blue', 'M', 'Vrai prenom Gina', '', 'alfredo-gina@outlook.fr', '', '10 rue Edmond michelet, Villemomble, 93250', '', 0, 0, 1, 0, 0, 1, NULL),
	(286, 'Antoine', 'CUZARD', '0001-01-01', '2018-11-15', 'white', 'M', '', '', 'antoine.cuzard@gmail.com', '', '4-6 rue du Lieutenant Quennehen, Vincennes', '', 0, 0, 1, 0, 0, 1, NULL),
	(287, 'Eddy', 'MICHELET', '0001-01-01', '2018-11-15', 'white', 'M', '', '', 'jean.marcel.michelet@gmail.com ', '', '2 rue de la maison neuve, Maison-Lafitte', '', 0, 0, 1, 0, 0, 1, NULL),
	(288, 'Hamoudi', 'DIAF', '2019-11-15', '2018-11-15', 'white', 'M', '2 disciplines', '', '', '', '', '', 0, 0, 1, 0, 0, NULL, NULL),
	(289, 'Gerard', 'LINCERTIN', '0001-01-01', '2018-11-20', 'white', 'M', '', '', 'gerard.lincertin@gmail.com', '', '', '', 0, 0, 1, 0, 0, 1, NULL),
	(290, 'Frero', 'LOKIEC', '2019-09-16', '2018-11-22', 'white', 'M', '', '', '', '', '', '', 0, 0, 1, 0, 0, NULL, NULL),
	(291, 'Florian', 'GALLIOU', '2018-12-23', '2018-11-23', 'white', 'M', '', '', 'florian.galliou22@orange.fr', '', '', '', 0, 0, 0, 0, 0, NULL, NULL),
	(292, 'Laurent', 'BELHASSEN', '0001-01-01', '2018-12-03', 'brown', 'M', '', '', 'laurent.belhassen@orange.fr', '', '', '', 0, 0, 1, 0, 0, 2, NULL),
	(293, 'Jerome', 'RECULARD', '2019-12-03', '2018-12-03', 'white', 'M', '', '', '', '', '', '', 0, 0, 0, 0, 0, NULL, NULL),
	(294, 'Sebastien', 'BOUIMBA', '2019-12-05', '2018-12-05', 'purple', 'M', '1 vendredi sur 2 à 11h15', '', 'sebastien.bouimba@hotmail.fr', '0626591898', '', '', 0, 0, 1, 0, 0, NULL, 8),
	(295, 'Remy', 'BARDEY', '2019-12-06', '2018-12-06', 'white', 'M', 'Judoka seulement le lundi soir', '', '', '', '', '', 0, 0, 1, 0, 0, NULL, NULL),
	(296, 'Serge', 'PEYRO', '2019-06-16', '2018-12-13', 'blue', 'M', '', '', '', '', '', '', 0, 0, 1, 0, 0, NULL, NULL),
	(297, 'Nicolas', 'VIEL', '0001-01-01', '2018-12-18', 'white', 'M', '', '', 'nicolas.viel@gmail.com ', '', '', '', 0, 0, 1, 0, 0, 1, NULL),
	(298, 'Julien', 'JUTEAU', '0001-01-01', '2018-12-18', 'purple', 'M', '', '', 'soulja62@msn.com ', '', '17 Clos Perault, Athis-Mons, 91200', '', 0, 0, 1, 0, 0, 1, NULL),
	(299, 'Wilfried', 'BENOTMANE', '2019-12-20', '2018-12-20', 'white', 'M', '2 disciplines', '', 'wilfried.benotmane@gmail.com', '', '', '', 0, 0, 1, 0, 0, NULL, NULL),
	(300, 'Lyes', 'BOUSSOUF', '0001-01-01', '2018-12-28', 'purple', 'M', '', '', 'contact@netaudience.fr', '', '8 rue Christian Dewet, Paris, 75012', '', 0, 0, 1, 0, 0, 1, NULL),
	(301, 'Caroline', 'BREMBILLA', '2019-12-29', '2018-12-29', 'white', 'M', '', '', 'superversal@gmail.com', '', '11 rue Taine 75012 Paris ', '', 0, 0, 0, 0, 0, NULL, NULL),
	(302, 'Alexia', 'ROUET-LEDUC', '2019-12-29', '2018-12-29', 'white', 'M', '', '', 'alexiarouet.lc@gmail.com', '', '1 avenue Paul Déroulède 75015 Paris ', '', 0, 0, 0, 0, 0, NULL, NULL);
/*!40000 ALTER TABLE `MEMBERS` ENABLE KEYS */;

-- Export de la structure de la table CERCLE. MEMBERS_PAYMENTS
DROP TABLE IF EXISTS `MEMBERS_PAYMENTS`;
CREATE TABLE IF NOT EXISTS `MEMBERS_PAYMENTS` (
  `MemberID` int(11) NOT NULL,
  `PaymentID` int(11) NOT NULL,
  PRIMARY KEY (`MemberID`,`PaymentID`),
  KEY `FKPayment` (`PaymentID`),
  CONSTRAINT `FKMember` FOREIGN KEY (`MemberID`) REFERENCES `MEMBERS` (`ID`),
  CONSTRAINT `FKPayment` FOREIGN KEY (`PaymentID`) REFERENCES `PAYMENTS` (`ID`)
) ENGINE=InnoDB DEFAULT CHARSET=utf8;

-- Export de données de la table CERCLE.MEMBERS_PAYMENTS : ~682 rows (environ)
DELETE FROM `MEMBERS_PAYMENTS`;
/*!40000 ALTER TABLE `MEMBERS_PAYMENTS` DISABLE KEYS */;
INSERT INTO `MEMBERS_PAYMENTS` (`MemberID`, `PaymentID`) VALUES
	(114, 1068),
	(15, 1078),
	(15, 1079),
	(15, 1080),
	(104, 1082),
	(136, 1325),
	(152, 1337),
	(82, 1381),
	(68, 1385),
	(147, 1503),
	(147, 1504),
	(164, 1604),
	(160, 1656),
	(160, 1657),
	(127, 1758),
	(51, 1759),
	(122, 1764),
	(7, 1836),
	(165, 1943),
	(165, 1944),
	(165, 1945),
	(193, 2014),
	(158, 2022),
	(158, 2023),
	(158, 2024),
	(43, 2041),
	(177, 2088),
	(177, 2089),
	(177, 2090),
	(176, 2210),
	(176, 2211),
	(176, 2212),
	(190, 2219),
	(163, 2220),
	(163, 2221),
	(184, 2257),
	(106, 2281),
	(103, 2315),
	(102, 2318),
	(102, 2319),
	(102, 2320),
	(102, 2321),
	(102, 2322),
	(183, 2332),
	(183, 2333),
	(183, 2334),
	(195, 2353),
	(195, 2354),
	(195, 2355),
	(196, 2416),
	(196, 2417),
	(109, 2429),
	(11, 2484),
	(11, 2485),
	(11, 2486),
	(11, 2487),
	(11, 2488),
	(11, 2489),
	(11, 2490),
	(11, 2491),
	(11, 2492),
	(212, 2559),
	(205, 2658),
	(78, 2731),
	(192, 2732),
	(125, 2739),
	(125, 2740),
	(179, 2744),
	(179, 2745),
	(54, 2755),
	(54, 2756),
	(54, 2757),
	(54, 2758),
	(54, 2759),
	(54, 2760),
	(54, 2761),
	(54, 2762),
	(54, 2763),
	(29, 2802),
	(29, 2803),
	(100, 2805),
	(100, 2806),
	(63, 2823),
	(63, 2824),
	(166, 2828),
	(182, 2843),
	(194, 2844),
	(194, 2845),
	(194, 2846),
	(194, 2847),
	(37, 2848),
	(37, 2849),
	(37, 2850),
	(173, 2885),
	(173, 2886),
	(175, 2890),
	(175, 2891),
	(175, 2892),
	(175, 2893),
	(175, 2894),
	(65, 2895),
	(65, 2896),
	(159, 2897),
	(154, 2902),
	(154, 2903),
	(154, 2904),
	(66, 2905),
	(66, 2906),
	(180, 2934),
	(113, 2942),
	(113, 2943),
	(113, 2944),
	(168, 2945),
	(107, 2956),
	(107, 2957),
	(146, 2958),
	(197, 2975),
	(231, 2987),
	(155, 3004),
	(62, 3019),
	(62, 3020),
	(62, 3021),
	(8, 3031),
	(241, 3049),
	(245, 3179),
	(206, 3191),
	(206, 3192),
	(87, 3193),
	(87, 3194),
	(121, 3360),
	(121, 3361),
	(178, 3362),
	(178, 3363),
	(178, 3364),
	(178, 3365),
	(250, 3369),
	(251, 3385),
	(181, 3386),
	(181, 3387),
	(181, 3388),
	(181, 3389),
	(187, 3391),
	(39, 3398),
	(39, 3399),
	(18, 3400),
	(18, 3401),
	(18, 3402),
	(34, 3406),
	(34, 3407),
	(34, 3408),
	(34, 3409),
	(44, 3415),
	(44, 3416),
	(44, 3417),
	(56, 3428),
	(56, 3429),
	(57, 3430),
	(57, 3431),
	(224, 3440),
	(120, 3446),
	(86, 3447),
	(86, 3448),
	(86, 3449),
	(86, 3450),
	(89, 3451),
	(89, 3452),
	(172, 3453),
	(172, 3454),
	(92, 3455),
	(92, 3456),
	(92, 3457),
	(123, 3473),
	(123, 3474),
	(170, 3485),
	(170, 3486),
	(170, 3487),
	(170, 3488),
	(108, 3489),
	(108, 3490),
	(254, 3499),
	(33, 3500),
	(33, 3501),
	(33, 3502),
	(47, 3520),
	(47, 3521),
	(233, 3529),
	(20, 3536),
	(20, 3537),
	(20, 3538),
	(20, 3539),
	(13, 3540),
	(13, 3541),
	(261, 3542),
	(77, 3544),
	(77, 3545),
	(262, 3546),
	(88, 3547),
	(253, 3568),
	(9, 3574),
	(148, 3582),
	(148, 3583),
	(61, 3584),
	(61, 3585),
	(52, 3586),
	(52, 3587),
	(52, 3588),
	(53, 3597),
	(53, 3598),
	(53, 3599),
	(53, 3600),
	(53, 3601),
	(53, 3602),
	(59, 3603),
	(59, 3604),
	(59, 3605),
	(36, 3610),
	(36, 3611),
	(26, 3612),
	(272, 3616),
	(49, 3620),
	(275, 3621),
	(276, 3626),
	(277, 3627),
	(12, 3628),
	(12, 3629),
	(12, 3630),
	(12, 3631),
	(12, 3632),
	(75, 3886),
	(75, 3887),
	(283, 3888),
	(99, 3917),
	(281, 3918),
	(281, 3919),
	(281, 3920),
	(281, 3921),
	(271, 3922),
	(204, 3931),
	(204, 3932),
	(32, 3935),
	(32, 3936),
	(80, 3957),
	(45, 3959),
	(45, 3960),
	(288, 3962),
	(70, 3965),
	(70, 3966),
	(70, 3967),
	(70, 3968),
	(6, 3969),
	(6, 3970),
	(6, 3971),
	(22, 3974),
	(22, 3975),
	(84, 3977),
	(84, 3978),
	(84, 3979),
	(291, 3980),
	(58, 3982),
	(64, 3983),
	(64, 3984),
	(83, 3991),
	(157, 3996),
	(157, 3997),
	(157, 3998),
	(157, 3999),
	(157, 4000),
	(157, 4001),
	(157, 4002),
	(67, 4003),
	(67, 4004),
	(67, 4005),
	(67, 4006),
	(67, 4007),
	(67, 4008),
	(138, 4009),
	(138, 4010),
	(138, 4011),
	(138, 4012),
	(138, 4013),
	(174, 4014),
	(174, 4015),
	(38, 4016),
	(38, 4017),
	(38, 4018),
	(38, 4019),
	(38, 4020),
	(252, 4021),
	(252, 4022),
	(252, 4023),
	(150, 4024),
	(150, 4025),
	(150, 4026),
	(150, 4027),
	(137, 4028),
	(137, 4029),
	(137, 4030),
	(137, 4031),
	(137, 4032),
	(76, 4033),
	(19, 4035),
	(293, 4036),
	(295, 4037),
	(27, 4038),
	(149, 4039),
	(149, 4040),
	(222, 4047),
	(222, 4048),
	(222, 4049),
	(285, 4050),
	(274, 4051),
	(274, 4052),
	(162, 4053),
	(162, 4054),
	(162, 4055),
	(162, 4056),
	(162, 4057),
	(162, 4058),
	(162, 4059),
	(162, 4060),
	(162, 4061),
	(2, 4062),
	(2, 4063),
	(2, 4064),
	(4, 4065),
	(4, 4066),
	(4, 4067),
	(4, 4068),
	(4, 4069),
	(4, 4070),
	(220, 4071),
	(220, 4072),
	(220, 4073),
	(208, 4074),
	(208, 4075),
	(208, 4076),
	(208, 4077),
	(208, 4078),
	(258, 4079),
	(258, 4080),
	(10, 4081),
	(10, 4082),
	(10, 4083),
	(10, 4084),
	(10, 4085),
	(10, 4086),
	(10, 4087),
	(232, 4088),
	(232, 4089),
	(232, 4090),
	(101, 4093),
	(101, 4094),
	(101, 4095),
	(101, 4096),
	(101, 4097),
	(101, 4098),
	(101, 4099),
	(101, 4100),
	(101, 4101),
	(101, 4102),
	(101, 4103),
	(236, 4104),
	(236, 4105),
	(236, 4106),
	(249, 4107),
	(249, 4108),
	(239, 4109),
	(239, 4110),
	(239, 4111),
	(264, 4112),
	(264, 4113),
	(16, 4116),
	(16, 4117),
	(199, 4118),
	(199, 4119),
	(199, 4120),
	(199, 4121),
	(199, 4122),
	(199, 4123),
	(199, 4124),
	(273, 4125),
	(273, 4126),
	(17, 4127),
	(17, 4128),
	(17, 4129),
	(17, 4130),
	(230, 4131),
	(230, 4132),
	(230, 4133),
	(211, 4134),
	(211, 4135),
	(211, 4136),
	(211, 4137),
	(211, 4138),
	(215, 4139),
	(215, 4140),
	(215, 4141),
	(279, 4142),
	(21, 4143),
	(21, 4144),
	(21, 4145),
	(21, 4146),
	(169, 4147),
	(169, 4148),
	(169, 4149),
	(169, 4150),
	(169, 4151),
	(105, 4152),
	(105, 4153),
	(105, 4154),
	(105, 4155),
	(286, 4156),
	(126, 4157),
	(126, 4158),
	(126, 4159),
	(126, 4160),
	(240, 4161),
	(240, 4162),
	(240, 4163),
	(234, 4164),
	(234, 4165),
	(234, 4166),
	(28, 4169),
	(28, 4170),
	(28, 4171),
	(28, 4172),
	(31, 4173),
	(31, 4174),
	(31, 4175),
	(31, 4176),
	(31, 4177),
	(280, 4178),
	(280, 4179),
	(235, 4180),
	(235, 4181),
	(235, 4182),
	(265, 4183),
	(265, 4184),
	(210, 4185),
	(210, 4186),
	(210, 4187),
	(210, 4188),
	(210, 4189),
	(1, 4190),
	(1, 4191),
	(1, 4192),
	(1, 4193),
	(1, 4194),
	(1, 4195),
	(1, 4196),
	(42, 4197),
	(42, 4198),
	(42, 4199),
	(42, 4200),
	(42, 4201),
	(42, 4202),
	(42, 4203),
	(282, 4208),
	(112, 4211),
	(112, 4212),
	(112, 4213),
	(112, 4214),
	(112, 4215),
	(226, 4216),
	(226, 4217),
	(226, 4218),
	(156, 4219),
	(156, 4220),
	(156, 4221),
	(156, 4222),
	(156, 4223),
	(156, 4224),
	(278, 4225),
	(218, 4226),
	(218, 4227),
	(218, 4228),
	(267, 4229),
	(267, 4230),
	(268, 4231),
	(268, 4232),
	(55, 4233),
	(55, 4234),
	(227, 4235),
	(227, 4236),
	(227, 4237),
	(289, 4238),
	(216, 4239),
	(216, 4240),
	(216, 4241),
	(198, 4242),
	(198, 4243),
	(198, 4244),
	(198, 4245),
	(198, 4246),
	(198, 4247),
	(198, 4248),
	(198, 4249),
	(110, 4250),
	(110, 4251),
	(110, 4252),
	(110, 4253),
	(110, 4254),
	(110, 4255),
	(110, 4256),
	(110, 4257),
	(110, 4258),
	(110, 4259),
	(200, 4260),
	(200, 4261),
	(200, 4262),
	(200, 4263),
	(200, 4264),
	(200, 4265),
	(200, 4266),
	(259, 4267),
	(259, 4268),
	(111, 4269),
	(111, 4270),
	(111, 4271),
	(111, 4272),
	(111, 4273),
	(111, 4274),
	(111, 4275),
	(111, 4276),
	(287, 4277),
	(217, 4278),
	(217, 4279),
	(217, 4280),
	(238, 4281),
	(238, 4282),
	(238, 4283),
	(201, 4284),
	(201, 4285),
	(201, 4286),
	(201, 4287),
	(201, 4288),
	(201, 4289),
	(167, 4290),
	(167, 4291),
	(167, 4292),
	(167, 4293),
	(167, 4294),
	(167, 4295),
	(167, 4296),
	(167, 4297),
	(248, 4304),
	(248, 4305),
	(74, 4306),
	(74, 4307),
	(74, 4308),
	(74, 4309),
	(74, 4310),
	(214, 4311),
	(214, 4312),
	(214, 4313),
	(214, 4314),
	(219, 4315),
	(219, 4316),
	(219, 4317),
	(266, 4318),
	(266, 4319),
	(24, 4320),
	(24, 4321),
	(24, 4322),
	(24, 4323),
	(24, 4324),
	(24, 4325),
	(24, 4326),
	(24, 4327),
	(24, 4328),
	(229, 4329),
	(229, 4330),
	(229, 4331),
	(270, 4332),
	(270, 4333),
	(228, 4334),
	(228, 4335),
	(228, 4336),
	(73, 4337),
	(73, 4338),
	(73, 4339),
	(73, 4340),
	(73, 4341),
	(73, 4342),
	(73, 4343),
	(73, 4344),
	(116, 4345),
	(116, 4346),
	(116, 4347),
	(116, 4348),
	(116, 4349),
	(116, 4350),
	(116, 4351),
	(116, 4352),
	(91, 4353),
	(91, 4354),
	(91, 4355),
	(91, 4356),
	(91, 4357),
	(91, 4358),
	(91, 4359),
	(91, 4360),
	(91, 4361),
	(91, 4362),
	(91, 4363),
	(91, 4364),
	(284, 4375),
	(284, 4376),
	(284, 4377),
	(81, 4378),
	(81, 4379),
	(81, 4380),
	(81, 4381),
	(81, 4382),
	(81, 4383),
	(296, 4386),
	(85, 4387),
	(85, 4388),
	(85, 4389),
	(85, 4390),
	(48, 4391),
	(48, 4392),
	(50, 4399),
	(50, 4400),
	(50, 4401),
	(50, 4402),
	(3, 4403),
	(3, 4404),
	(79, 4408),
	(79, 4409),
	(79, 4410),
	(79, 4411),
	(79, 4412),
	(299, 4413),
	(23, 4416),
	(23, 4417),
	(25, 4418),
	(25, 4419),
	(25, 4420),
	(25, 4421),
	(171, 4422),
	(171, 4423),
	(115, 4424),
	(115, 4425),
	(247, 4427),
	(46, 4428),
	(203, 4429),
	(203, 4430),
	(203, 4431),
	(203, 4432),
	(203, 4433),
	(203, 4434),
	(260, 4435),
	(260, 4436),
	(142, 4437),
	(263, 4438),
	(263, 4439),
	(144, 4440),
	(144, 4441),
	(144, 4442),
	(144, 4443),
	(69, 4444),
	(69, 4445),
	(69, 4446),
	(69, 4447),
	(69, 4448),
	(69, 4449),
	(153, 4458),
	(153, 4459),
	(153, 4460),
	(153, 4461),
	(301, 4462),
	(90, 4463),
	(90, 4464),
	(90, 4465),
	(90, 4466),
	(90, 4467),
	(302, 4468),
	(124, 4469),
	(256, 4470),
	(257, 4471),
	(257, 4472);
/*!40000 ALTER TABLE `MEMBERS_PAYMENTS` ENABLE KEYS */;

-- Export de la structure de la table CERCLE. MEMBERS_STATUS
DROP TABLE IF EXISTS `MEMBERS_STATUS`;
CREATE TABLE IF NOT EXISTS `MEMBERS_STATUS` (
  `MemberID` int(11) DEFAULT NULL,
  `Active` tinyint(4) DEFAULT NULL,
  `Date` date DEFAULT NULL,
  `Current` tinyint(4) DEFAULT NULL,
  KEY `FK_MEMBERS2` (`MemberID`),
  CONSTRAINT `FK_MEMBERS2` FOREIGN KEY (`MemberID`) REFERENCES `MEMBERS` (`ID`)
) ENGINE=InnoDB DEFAULT CHARSET=utf8;

-- Export de données de la table CERCLE.MEMBERS_STATUS : ~336 rows (environ)
DELETE FROM `MEMBERS_STATUS`;
/*!40000 ALTER TABLE `MEMBERS_STATUS` DISABLE KEYS */;
INSERT INTO `MEMBERS_STATUS` (`MemberID`, `Active`, `Date`, `Current`) VALUES
	(21, 1, '2017-09-25', 1),
	(85, 1, '2017-10-20', 0),
	(181, 1, '2018-02-08', 1),
	(23, 1, '2017-10-10', 1),
	(164, 1, '2017-12-19', 1),
	(139, 1, '2017-12-18', 1),
	(69, 1, '2017-09-25', 1),
	(123, 1, '2017-11-09', 0),
	(116, 1, '2017-05-10', 1),
	(87, 1, '2017-10-02', 1),
	(102, 1, '2017-05-10', 0),
	(82, 0, '2017-09-14', 1),
	(58, 1, '2017-09-18', 1),
	(88, 1, '2017-09-21', 0),
	(52, 1, '2017-06-08', 1),
	(104, 0, '2017-05-10', 1),
	(20, 1, '2017-09-05', 1),
	(39, 1, '2017-09-25', 0),
	(143, 0, '2017-05-01', 1),
	(33, 1, '2017-10-05', 1),
	(54, 1, '2017-09-05', 1),
	(74, 1, '2017-09-14', 1),
	(61, 1, '2017-09-28', 1),
	(184, 1, '2018-02-08', 0),
	(26, 1, '2017-09-05', 0),
	(86, 1, '2017-05-10', 0),
	(145, 0, '2017-05-01', 1),
	(16, 1, '2017-10-05', 1),
	(22, 1, '2017-09-14', 0),
	(180, 1, '2018-01-25', 1),
	(105, 1, '2017-07-11', 0),
	(162, 1, '2017-12-12', 0),
	(153, 1, '2017-11-30', 1),
	(1, 1, '2017-09-14', 1),
	(114, 0, '2017-06-01', 1),
	(148, 1, '2017-11-30', 1),
	(127, 0, '2017-12-09', 1),
	(8, 1, '2017-09-15', 1),
	(64, 1, '2017-10-16', 1),
	(166, 1, '2017-12-28', 1),
	(79, 1, '2017-09-25', 0),
	(157, 1, '2017-12-07', 1),
	(48, 1, '2017-10-05', 1),
	(4, 1, '2017-09-18', 1),
	(73, 1, '2017-09-21', 1),
	(31, 1, '2017-09-14', 1),
	(131, 1, '2017-05-01', 1),
	(28, 1, '2017-09-07', 1),
	(11, 1, '2017-05-10', 1),
	(167, 1, '2018-01-03', 1),
	(36, 1, '2017-09-15', 1),
	(168, 1, '2018-01-04', 1),
	(65, 1, '2017-09-07', 1),
	(129, 1, '2017-05-01', 0),
	(77, 1, '2017-09-25', 1),
	(178, 1, '2018-01-25', 1),
	(100, 1, '2017-06-28', 1),
	(6, 1, '2017-10-02', 0),
	(13, 1, '2017-06-01', 0),
	(57, 1, '2017-09-27', 1),
	(109, 1, '2017-06-01', 0),
	(90, 1, '2017-10-16', 0),
	(108, 1, '2017-05-10', 1),
	(160, 1, '2017-12-07', 1),
	(177, 1, '2018-01-25', 1),
	(124, 1, '2017-11-09', 0),
	(156, 0, '2018-01-07', 0),
	(37, 1, '2017-09-28', 1),
	(136, 1, '2017-11-15', 1),
	(101, 1, '2017-06-08', 1),
	(75, 1, '2017-10-16', 1),
	(106, 1, '2017-05-10', 0),
	(111, 1, '2017-05-10', 1),
	(7, 0, '2017-09-05', 1),
	(55, 1, '2017-09-18', 1),
	(107, 1, '2017-07-18', 1),
	(154, 1, '2017-11-30', 1),
	(46, 1, '2017-10-10', 0),
	(12, 1, '2017-09-15', 0),
	(137, 1, '2017-11-15', 1),
	(42, 1, '2017-09-28', 1),
	(172, 1, '2018-01-09', 1),
	(110, 0, '2017-05-10', 0),
	(9, 1, '2017-09-28', 0),
	(165, 1, '2017-12-19', 1),
	(173, 1, '2018-01-09', 1),
	(27, 1, '2017-10-20', 0),
	(103, 1, '2017-05-10', 0),
	(34, 1, '2017-09-12', 1),
	(144, 0, '2017-05-01', 0),
	(63, 1, '2017-09-19', 1),
	(126, 1, '2017-11-09', 1),
	(44, 1, '2017-07-18', 1),
	(132, 1, '2017-05-01', 1),
	(163, 1, '2017-12-19', 0),
	(80, 1, '2017-09-21', 0),
	(175, 1, '2018-01-24', 1),
	(138, 1, '2017-11-15', 1),
	(32, 1, '2017-09-21', 0),
	(176, 1, '2018-01-25', 1),
	(76, 1, '2017-10-05', 0),
	(115, 1, '2017-05-10', 0),
	(112, 1, '2017-06-01', 1),
	(50, 1, '2017-10-05', 0),
	(81, 1, '2017-09-14', 1),
	(99, 1, '2017-09-19', 0),
	(146, 1, '2017-11-21', 1),
	(152, 1, '2017-11-30', 1),
	(67, 1, '2017-09-28', 1),
	(92, 1, '2017-09-18', 1),
	(68, 0, '2017-09-14', 1),
	(25, 1, '2017-09-28', 1),
	(47, 1, '2017-09-21', 1),
	(51, 0, '2017-11-20', 1),
	(125, 1, '2017-11-09', 1),
	(91, 1, '2017-05-10', 1),
	(19, 1, '2017-10-05', 0),
	(174, 1, '2018-01-24', 1),
	(2, 1, '2017-09-05', 1),
	(29, 1, '2017-09-05', 1),
	(171, 1, '2018-01-09', 0),
	(45, 1, '2017-10-05', 1),
	(24, 0, '2017-05-10', 0),
	(155, 1, '2017-12-04', 0),
	(159, 1, '2017-12-07', 1),
	(15, 0, '2017-09-14', 1),
	(113, 1, '2017-06-01', 1),
	(70, 1, '2017-09-21', 1),
	(17, 1, '2017-09-25', 1),
	(10, 1, '2017-09-12', 1),
	(179, 1, '2018-01-25', 1),
	(147, 1, '2017-11-21', 1),
	(183, 1, '2018-02-08', 1),
	(38, 1, '2017-07-11', 1),
	(120, 1, '2017-11-09', 0),
	(122, 0, '2017-12-09', 1),
	(169, 1, '2018-01-08', 0),
	(130, 1, '2017-05-01', 1),
	(66, 1, '2017-07-11', 1),
	(170, 1, '2018-01-08', 1),
	(142, 1, '2017-12-19', 1),
	(49, 1, '2017-09-12', 0),
	(83, 1, '2017-10-05', 0),
	(150, 1, '2017-11-30', 1),
	(128, 1, '2017-05-01', 1),
	(121, 1, '2017-11-09', 1),
	(18, 1, '2017-09-25', 1),
	(59, 1, '2017-09-07', 0),
	(182, 1, '2018-02-08', 1),
	(53, 1, '2017-09-25', 1),
	(78, 1, '2017-10-20', 1),
	(84, 1, '2017-09-21', 0),
	(62, 1, '2017-09-18', 1),
	(43, 1, '2017-09-07', 0),
	(89, 1, '2017-09-08', 1),
	(56, 1, '2017-09-07', 1),
	(149, 1, '2017-11-30', 1),
	(3, 1, '2017-10-17', 0),
	(158, 1, '2017-12-07', 1),
	(127, 1, '2017-11-09', 0),
	(51, 1, '2017-10-20', 0),
	(156, 1, '2017-12-07', 0),
	(122, 1, '2017-11-09', 0),
	(162, 0, '2018-02-10', 0),
	(162, 1, '2018-02-11', 1),
	(186, 1, '2018-02-10', 1),
	(187, 1, '2018-02-11', 1),
	(188, 0, '2018-02-19', 1),
	(189, 1, '2018-02-22', 1),
	(190, 1, '2018-02-24', 0),
	(191, 1, '2018-02-24', 1),
	(156, 1, '2018-03-06', 1),
	(192, 1, '2018-03-06', 1),
	(193, 1, '2018-03-06', 1),
	(110, 1, '2018-03-06', 1),
	(43, 0, '2018-03-11', 1),
	(194, 1, '2018-03-12', 1),
	(195, 1, '2018-03-12', 1),
	(196, 1, '2018-03-22', 1),
	(171, 0, '2018-04-06', 0),
	(190, 0, '2018-05-05', 1),
	(163, 0, '2018-05-05', 1),
	(197, 1, '2018-05-18', 1),
	(198, 1, '2018-05-18', 1),
	(184, 0, '2018-05-18', 1),
	(106, 0, '2018-05-21', 1),
	(199, 1, '2018-05-25', 1),
	(200, 1, '2018-05-26', 1),
	(103, 0, '2018-05-30', 1),
	(115, 0, '2018-05-30', 0),
	(102, 0, '2018-06-01', 1),
	(24, 1, '2018-06-11', 1),
	(201, 1, '2018-06-16', 1),
	(202, 1, '2018-06-19', 1),
	(203, 1, '2018-06-29', 1),
	(204, 1, '2018-07-03', 1),
	(205, 1, '2018-07-03', 0),
	(206, 1, '2018-07-03', 0),
	(109, 0, '2018-07-04', 1),
	(207, 0, '2018-07-05', 1),
	(144, 1, '2018-07-06', 1),
	(208, 1, '2018-07-11', 1),
	(209, 0, '2018-07-17', 1),
	(210, 1, '2018-07-17', 1),
	(211, 1, '2018-07-25', 1),
	(212, 1, '2018-08-20', 1),
	(213, 0, '2018-08-21', 1),
	(214, 1, '2018-08-29', 1),
	(215, 1, '2018-09-04', 1),
	(216, 1, '2018-09-05', 1),
	(217, 1, '2018-09-06', 1),
	(205, 0, '2018-09-06', 1),
	(206, 0, '2018-09-07', 0),
	(218, 1, '2018-09-09', 1),
	(219, 1, '2018-09-10', 1),
	(220, 1, '2018-09-10', 1),
	(222, 1, '2018-09-12', 1),
	(223, 1, '2018-09-14', 1),
	(224, 1, '2018-09-14', 1),
	(225, 1, '2018-09-14', 1),
	(226, 1, '2018-09-14', 1),
	(227, 1, '2018-09-14', 1),
	(228, 1, '2018-09-16', 1),
	(229, 1, '2018-09-16', 1),
	(230, 1, '2018-09-17', 1),
	(231, 1, '2018-09-18', 1),
	(232, 1, '2018-09-18', 1),
	(233, 1, '2018-09-19', 0),
	(234, 1, '2018-09-19', 1),
	(155, 0, '2018-09-20', 1),
	(235, 1, '2018-09-20', 1),
	(236, 1, '2018-09-21', 1),
	(237, 1, '2018-09-22', 1),
	(238, 1, '2018-09-23', 1),
	(169, 0, '2018-09-23', 0),
	(169, 1, '2018-09-23', 0),
	(169, 0, '2018-09-23', 0),
	(239, 1, '2018-09-24', 1),
	(240, 1, '2018-09-25', 1),
	(169, 1, '2018-09-27', 1),
	(241, 1, '2018-09-27', 1),
	(243, 1, '2018-09-29', 0),
	(243, 0, '2018-09-29', 1),
	(244, 0, '2018-09-30', 1),
	(245, 1, '2018-10-02', 1),
	(206, 1, '2018-10-04', 1),
	(247, 1, '2018-10-05', 1),
	(248, 1, '2018-10-05', 1),
	(249, 1, '2018-10-05', 1),
	(250, 1, '2018-10-05', 1),
	(251, 0, '2018-10-05', 1),
	(39, 0, '2018-10-07', 1),
	(120, 0, '2018-10-07', 1),
	(86, 0, '2018-10-07', 1),
	(123, 0, '2018-10-07', 1),
	(252, 1, '2018-10-08', 1),
	(253, 1, '2018-10-08', 1),
	(254, 1, '2018-10-08', 1),
	(255, 0, '2018-10-10', 1),
	(256, 1, '2018-10-10', 1),
	(233, 0, '2018-10-10', 1),
	(257, 1, '2018-10-11', 1),
	(258, 1, '2018-10-11', 1),
	(259, 1, '2018-10-12', 1),
	(260, 1, '2018-10-13', 1),
	(13, 0, '2018-10-13', 1),
	(261, 1, '2018-10-13', 1),
	(262, 1, '2018-10-13', 1),
	(263, 1, '2018-10-14', 1),
	(264, 1, '2018-10-14', 1),
	(265, 1, '2018-10-16', 1),
	(88, 0, '2018-10-16', 1),
	(266, 1, '2018-10-16', 1),
	(267, 1, '2018-10-17', 1),
	(9, 0, '2018-10-17', 1),
	(105, 0, '2018-10-20', 0),
	(268, 1, '2018-10-22', 1),
	(269, 1, '2018-10-22', 1),
	(59, 0, '2018-10-24', 1),
	(26, 0, '2018-10-25', 1),
	(270, 1, '2018-10-25', 1),
	(271, 1, '2018-10-27', 1),
	(272, 1, '2018-10-28', 1),
	(273, 1, '2018-10-29', 1),
	(274, 1, '2018-10-29', 1),
	(105, 1, '2018-10-31', 1),
	(49, 0, '2018-10-31', 1),
	(129, 0, '2018-10-31', 1),
	(275, 1, '2018-10-31', 1),
	(276, 1, '2018-10-31', 1),
	(277, 1, '2018-10-31', 1),
	(278, 1, '2018-11-03', 1),
	(279, 1, '2018-11-03', 1),
	(280, 1, '2018-11-03', 1),
	(281, 1, '2018-11-03', 1),
	(12, 0, '2018-11-04', 1),
	(171, 1, '2018-11-04', 1),
	(282, 1, '2018-11-04', 1),
	(283, 1, '2018-11-05', 1),
	(284, 1, '2018-11-06', 1),
	(115, 1, '2018-11-07', 1),
	(99, 0, '2018-11-08', 1),
	(32, 0, '2018-11-13', 1),
	(285, 1, '2018-11-13', 1),
	(80, 0, '2018-11-15', 1),
	(286, 1, '2018-11-15', 1),
	(287, 1, '2018-11-15', 1),
	(288, 1, '2018-11-15', 1),
	(289, 1, '2018-11-20', 1),
	(6, 0, '2018-11-20', 1),
	(290, 1, '2018-11-22', 1),
	(22, 0, '2018-11-22', 1),
	(291, 1, '2018-11-23', 1),
	(84, 0, '2018-11-23', 1),
	(83, 0, '2018-12-01', 1),
	(76, 0, '2018-12-03', 1),
	(292, 1, '2018-12-03', 1),
	(293, 1, '2018-12-03', 1),
	(19, 0, '2018-12-03', 1),
	(294, 0, '2018-12-05', 1),
	(295, 1, '2018-12-06', 1),
	(27, 0, '2018-12-06', 1),
	(296, 1, '2018-12-13', 1),
	(85, 0, '2018-12-13', 1),
	(297, 1, '2018-12-18', 1),
	(50, 0, '2018-12-18', 1),
	(298, 1, '2018-12-18', 1),
	(3, 0, '2018-12-18', 1),
	(299, 1, '2018-12-20', 1),
	(79, 0, '2018-12-20', 1),
	(300, 1, '2018-12-28', 1),
	(46, 0, '2018-12-28', 1),
	(301, 1, '2018-12-29', 1),
	(90, 0, '2018-12-29', 1),
	(302, 1, '2018-12-29', 1),
	(124, 0, '2018-12-29', 1);
/*!40000 ALTER TABLE `MEMBERS_STATUS` ENABLE KEYS */;

-- Export de la structure de la table CERCLE. PAYMENTS
DROP TABLE IF EXISTS `PAYMENTS`;
CREATE TABLE IF NOT EXISTS `PAYMENTS` (
  `ID` int(11) NOT NULL AUTO_INCREMENT,
  `Amount` decimal(10,2) DEFAULT NULL,
  `Type` enum('Cash','Check','Transfert','Prelev') DEFAULT NULL,
  `ReceptionDate` date DEFAULT NULL,
  `Name` varchar(200) DEFAULT NULL,
  `Debt` decimal(10,2) DEFAULT NULL,
  `Bank` enum('None','Academy','Perso','Coach') NOT NULL DEFAULT 'None',
  `DepotDate` date DEFAULT NULL,
  PRIMARY KEY (`ID`)
) ENGINE=InnoDB AUTO_INCREMENT=4473 DEFAULT CHARSET=utf8;

-- Export de données de la table CERCLE.PAYMENTS : ~682 rows (environ)
DELETE FROM `PAYMENTS`;
/*!40000 ALTER TABLE `PAYMENTS` DISABLE KEYS */;
INSERT INTO `PAYMENTS` (`ID`, `Amount`, `Type`, `ReceptionDate`, `Name`, `Debt`, `Bank`, `DepotDate`) VALUES
	(1068, 50.00, 'Cash', '2017-06-01', 'David THOMAS', 30.00, 'None', '2017-10-26'),
	(1078, 56.00, 'Check', '2017-09-14', 'Fabrice BUKASSA', 34.00, 'Academy', '2017-10-04'),
	(1079, 56.00, 'Check', '2017-09-14', 'Fabrice BUKASSA', 34.00, 'Academy', '2017-11-04'),
	(1080, 50.00, 'Cash', '2017-09-14', 'Fabrice BUKASSA', 0.00, 'None', '2017-10-27'),
	(1082, 80.00, 'Check', '2017-05-10', 'Aurianne CHARMET', 48.00, 'Academy', '2017-05-11'),
	(1325, 350.00, 'Check', '2017-11-15', 'QUINQUENEL Jean-Baptiste', 210.00, 'Academy', '2017-12-04'),
	(1337, 500.00, 'Check', '2017-11-30', 'Nicolas MALARD', 300.00, 'Academy', '2017-12-04'),
	(1381, 80.00, 'Cash', '2017-09-14', 'Andrei STRUTGNSHGG', 0.00, 'None', '2017-10-26'),
	(1385, 40.00, 'Cash', '2017-09-14', 'Noel ONIZKO', 0.00, 'None', '2017-10-26'),
	(1503, 125.00, 'Check', '2017-11-21', 'Sebastien LOPES', 75.00, 'Academy', '2017-12-04'),
	(1504, 125.00, 'Check', '2017-11-21', 'Sebastien LOPES', 75.00, 'Academy', '2018-01-03'),
	(1604, 250.00, 'Cash', '2017-12-19', 'aissa eddami', 0.00, 'None', '2017-12-19'),
	(1656, 200.00, 'Check', '2017-12-07', 'Hernan VASQUEZ MORA', 120.00, 'Perso', '2017-12-17'),
	(1657, 200.00, 'Check', '2017-12-07', 'Hernan VASQUEZ MORA', 120.00, 'Perso', '2018-02-02'),
	(1758, 70.00, 'Cash', '2017-11-09', 'Denis DAVIDKOV', 0.00, 'None', '2017-11-09'),
	(1759, 30.00, 'Cash', '2017-10-20', 'Olivier KAZ', 0.00, 'None', '2017-10-26'),
	(1764, 80.00, 'Check', '2017-11-09', 'Sofien ZAMITTI', 48.00, 'Academy', '2017-11-10'),
	(1836, 40.00, 'Cash', '2017-09-05', 'John BARFF', 0.00, 'None', '2017-10-26'),
	(1943, 150.00, 'Check', '2017-12-19', 'lothaire epee', 90.00, 'Academy', '2018-03-03'),
	(1944, 150.00, 'Check', '2017-12-19', 'lothaire epee', 90.00, 'Academy', '2018-02-05'),
	(1945, 200.00, 'Check', '2017-12-19', 'lothaire epee', 120.00, 'Academy', '2018-01-03'),
	(2014, 500.00, 'Check', '2018-03-06', 'kamel chaouche', 300.00, 'Perso', '2018-03-06'),
	(2022, 160.00, 'Check', '2017-12-07', 'zou thien du chabert', 96.00, 'Academy', '2017-12-07'),
	(2023, 170.00, 'Check', '2018-02-08', 'Zou THIEN DU CHABERT', 102.00, 'Coach', '2018-02-11'),
	(2024, 170.00, 'Check', '2018-02-08', 'Zou THIEN DU CHABERT', 102.00, 'Coach', '2018-03-07'),
	(2041, 125.00, 'Check', '2017-09-07', 'Yoann GOLESTIN', 75.00, 'Academy', '2017-10-04'),
	(2088, 150.00, 'Check', '2018-01-25', 'herve gaillard', 90.00, 'Perso', '2018-03-03'),
	(2089, 100.00, 'Check', '2018-01-25', 'herve gaillard', 60.00, 'Perso', '2018-03-31'),
	(2090, 100.00, 'Check', '2018-01-25', 'herve gaillard', 60.00, 'Perso', '2018-02-03'),
	(2210, 150.00, 'Check', '2018-01-25', 'mike latka', 90.00, 'Academy', '2018-04-03'),
	(2211, 200.00, 'Check', '2018-01-25', 'mike latka', 120.00, 'Academy', '2018-05-03'),
	(2212, 150.00, 'Check', '2018-01-25', 'mike latka', 90.00, 'Academy', '2018-03-03'),
	(2219, 40.00, 'Cash', '2018-02-23', 'Luc DESCAMPS', 0.00, 'None', '2018-02-23'),
	(2220, 80.00, 'Check', '2017-12-19', 'Matthieu LHOSPITALIER', 48.00, 'Academy', '2018-01-03'),
	(2221, 80.00, 'Check', '2018-02-08', 'Matthieu LHOSPITALIER', 48.00, 'Coach', '2018-02-11'),
	(2257, 80.00, 'Check', '2018-02-08', 'charles-edouard di giampietro', 48.00, 'Academy', '2018-03-03'),
	(2281, 500.00, 'Check', '2017-05-10', 'Jerome DIVAC', 300.00, 'Academy', '2017-05-11'),
	(2315, 200.00, 'Check', '2017-05-10', 'Manuel BRUN', 120.00, 'Academy', '2017-06-04'),
	(2318, 100.00, 'Check', '2017-05-10', 'Amandine BOUVAT', 60.00, 'Academy', '2017-05-11'),
	(2319, 100.00, 'Check', '2017-05-10', 'Amandine BOUVAT', 60.00, 'Academy', '2017-06-04'),
	(2320, 100.00, 'Check', '2017-05-10', 'Amandine BOUVAT', 60.00, 'Academy', '2017-07-05'),
	(2321, 100.00, 'Check', '2017-05-10', 'Amandine BOUVAT', 60.00, 'Academy', '2017-08-02'),
	(2322, 100.00, 'Check', '2017-05-10', 'Amandine BOUVAT', 60.00, 'Academy', '2017-09-05'),
	(2332, 100.00, 'Check', '2018-02-08', 'dalila Hiba', 60.00, 'Perso', '2018-04-23'),
	(2333, 100.00, 'Check', '2018-02-08', 'dalila Hiba', 60.00, 'Perso', '2018-05-03'),
	(2334, 100.00, 'Check', '2018-02-08', 'dalila Hiba', 60.00, 'Perso', '2018-06-03'),
	(2353, 150.00, 'Check', '2018-03-12', 'adams soulaimana', 90.00, 'Academy', '2018-06-04'),
	(2354, 100.00, 'Check', '2018-03-12', 'adams soulaimana', 60.00, 'Academy', '2018-05-03'),
	(2355, 100.00, 'Check', '2018-03-12', 'adams soulaimana', 60.00, 'Academy', '2018-04-03'),
	(2416, 200.00, 'Check', '2018-03-22', 'Romain VILLA', 120.00, 'Academy', '2018-07-03'),
	(2417, 150.00, 'Check', '2018-03-22', 'Romain VILLA', 90.00, 'Academy', '2018-04-03'),
	(2429, 140.00, 'Cash', '2017-06-01', 'Guillaume LE MAUT', 84.00, 'None', '2017-10-26'),
	(2484, 100.00, 'Check', '2017-09-18', 'Farid BOUHAZEM', 60.00, 'Perso', '2018-02-03'),
	(2485, 100.00, 'Check', '2017-09-18', 'Farid BOUHAZEM', 60.00, 'Academy', '2018-01-03'),
	(2486, 100.00, 'Check', '2017-09-18', 'Farid BOUHAZEM', 60.00, 'Academy', '2017-12-04'),
	(2487, 100.00, 'Check', '2017-09-18', 'Farid BOUHAZEM', 60.00, 'Academy', '2017-11-04'),
	(2488, 100.00, 'Check', '2017-09-18', 'Farid BOUHAZEM', 60.00, 'Academy', '2017-10-04'),
	(2489, 55.00, 'Check', '2017-05-10', 'Farid BOUHAZEM', 33.00, 'Academy', '2017-09-05'),
	(2490, 55.00, 'Check', '2017-05-10', 'Farid BOUHAZEM', 33.00, 'Academy', '2017-08-02'),
	(2491, 55.00, 'Check', '2017-05-10', 'Farid BOUHAZEM', 33.00, 'Academy', '2017-07-07'),
	(2492, 55.00, 'Check', '2017-05-10', 'Farid BOUHAZEM', 33.00, 'Academy', '2017-06-04'),
	(2559, 300.00, 'Transfert', '2018-08-20', 'Arthus de Senneville Grave', 180.00, 'None', '2018-08-20'),
	(2658, 50.00, 'Cash', '2018-07-03', 'Andrei SATALOV', 0.00, 'None', '2018-07-03'),
	(2731, 500.00, 'Check', '2017-10-20', 'Vincent PUYDOYEUX', 300.00, 'Academy', '2017-11-04'),
	(2732, 350.00, 'Check', '2018-03-06', 'louis blech-semin', 210.00, 'Academy', '2018-04-03'),
	(2739, 250.00, 'Check', '2017-11-09', 'Olivier ROINEL', 150.00, 'Perso', '2018-01-03'),
	(2740, 250.00, 'Check', '2017-11-09', 'Olivier ROINEL', 150.00, 'Academy', '2017-11-10'),
	(2744, 250.00, 'Check', '2018-01-25', 'sebastien bottey', 150.00, 'Academy', '2018-02-05'),
	(2745, 250.00, 'Check', '2018-01-25', 'sebastien bottey', 150.00, 'Academy', '2018-03-03'),
	(2755, 100.00, 'Check', '2017-09-05', 'Cedric LE FRANC', 60.00, 'Academy', '2018-01-03'),
	(2756, 100.00, 'Check', '2017-09-05', 'Cedric LE FRANC', 60.00, 'Academy', '2017-12-04'),
	(2757, 100.00, 'Check', '2017-09-05', 'Cedric LE FRANC', 60.00, 'Academy', '2017-11-04'),
	(2758, 100.00, 'Check', '2017-09-05', 'Cedric LE FRANC', 60.00, 'Academy', '2017-10-04'),
	(2759, 100.00, 'Check', '2017-09-05', 'Cedric LE FRANC', 60.00, 'Academy', '2017-09-06'),
	(2760, 200.00, 'Check', '2018-03-06', 'Cedric LE FRANC', 120.00, 'Academy', '2018-07-03'),
	(2761, 100.00, 'Check', '2018-03-06', 'Cedric LE FRANC', 60.00, 'Academy', '2018-04-03'),
	(2762, 100.00, 'Check', '2018-03-06', 'Cedric LE FRANC', 60.00, 'Academy', '2018-05-03'),
	(2763, 100.00, 'Check', '2018-03-06', 'Cedric LE FRANC', 60.00, 'Academy', '2018-06-04'),
	(2802, 100.00, 'Cash', '2017-09-05', 'Raphael DOS SANTOS', 0.00, 'None', '2017-10-26'),
	(2803, 250.00, 'Cash', '2017-11-09', 'Raphael DOS SANTOS', 0.00, 'None', '2017-11-09'),
	(2805, 350.00, 'Check', '2017-06-28', 'Frederique AMBROISE', 210.00, 'Academy', '2017-07-05'),
	(2806, 350.00, 'Check', '2018-07-04', 'Frederique AMBROISE', 210.00, 'Perso', '2018-07-05'),
	(2823, 500.00, 'Check', '2017-09-19', 'Marco MARZILLI', 300.00, 'Academy', '2017-10-04'),
	(2824, 500.00, 'Transfert', '2018-09-03', 'Marco MARZILLI', 300.00, 'None', '2018-09-03'),
	(2828, 200.00, 'Cash', '2017-12-28', 'dioumé sangaré', 0.00, 'None', '2017-12-28'),
	(2843, 500.00, 'Check', '2018-02-08', 'dominique pedinielli', 300.00, 'Academy', '2018-03-03'),
	(2844, 125.00, 'Check', '2018-03-12', 'Nathalie Page', 75.00, 'Academy', '2018-04-03'),
	(2845, 125.00, 'Check', '2018-03-12', 'Nathalie Page', 75.00, 'Academy', '2018-05-03'),
	(2846, 125.00, 'Check', '2018-03-12', 'Nathalie Page', 75.00, 'Academy', '2018-06-04'),
	(2847, 125.00, 'Check', '2018-03-12', 'Nathalie Page', 75.00, 'Academy', '2018-07-03'),
	(2848, 250.00, 'Check', '2017-09-28', 'Jean Paul FOURNET', 150.00, 'Academy', '2017-10-04'),
	(2849, 250.00, 'Check', '2017-09-28', 'Jean Paul FOURNET', 150.00, 'Academy', '2017-11-04'),
	(2850, 500.00, 'Transfert', '2018-09-11', 'Jean Paul FOURNET', 300.00, 'None', '2018-09-11'),
	(2885, 250.00, 'Check', '2018-01-09', 'malik n\'diaw', 150.00, 'Academy', '2018-02-05'),
	(2886, 250.00, 'Check', '2018-01-09', 'malik n\'diaw', 150.00, 'Academy', '2018-03-03'),
	(2890, 100.00, 'Check', '2018-01-24', 'michel gueldry', 60.00, 'Perso', '2018-06-03'),
	(2891, 100.00, 'Check', '2018-01-24', 'michel gueldry', 60.00, 'Perso', '2018-05-03'),
	(2892, 100.00, 'Check', '2018-01-24', 'michel gueldry', 60.00, 'Perso', '2018-03-31'),
	(2893, 150.00, 'Check', '2018-01-24', 'michel gueldry', 90.00, 'Perso', '2018-03-03'),
	(2894, 150.00, 'Check', '2018-01-24', 'michel gueldry', 90.00, 'Perso', '2018-02-01'),
	(2895, 500.00, 'Check', '2017-09-07', 'Franck NGUYEN', 300.00, 'Academy', '2017-09-07'),
	(2896, 500.00, 'Check', '2018-09-12', 'Franck NGUYEN', 300.00, 'Academy', '2018-09-12'),
	(2897, 500.00, 'Check', '2017-12-07', 'Roy HARRIS', 300.00, 'Academy', '2017-12-07'),
	(2902, 200.00, 'Check', '2017-11-30', 'Juan NERINA', 120.00, 'Perso', '2018-02-02'),
	(2903, 150.00, 'Check', '2017-11-30', 'Juan NERINA', 90.00, 'Perso', '2018-03-03'),
	(2904, 150.00, 'Check', '2017-11-30', 'Juan NERINA', 90.00, 'Perso', '2018-03-31'),
	(2905, 100.00, 'Check', '2017-09-28', 'Stephane NGUYEN', 60.00, 'Academy', '2017-10-04'),
	(2906, 500.00, 'Check', '2017-07-11', 'Stephane NGUYEN', 300.00, 'Academy', '2017-08-02'),
	(2934, 500.00, 'Check', '2018-01-25', 'damien lahmi', 300.00, 'Academy', '2018-02-05'),
	(2942, 210.00, 'Check', '2017-06-01', 'Samuel OLIVIER', 126.00, 'Academy', '2017-07-05'),
	(2943, 210.00, 'Check', '2017-06-01', 'Samuel OLIVIER', 126.00, 'Academy', '2017-06-04'),
	(2944, 500.00, 'Check', '2018-05-18', 'Samuel OLIVIER', 300.00, 'Academy', '2018-06-04'),
	(2945, 400.00, 'Check', '2018-01-04', 'Francis KRAUSE', 240.00, 'Academy', '2018-02-05'),
	(2956, 500.00, 'Check', '2017-07-18', 'Jorge DO PINHAL', 300.00, 'Academy', '2017-08-02'),
	(2957, 500.00, 'Check', '2018-09-08', 'Jorge DO PINHAL', 300.00, 'Academy', '2018-09-12'),
	(2958, 400.00, 'Check', '2017-11-21', 'nicolas duvauchelle', 240.00, 'Academy', '2017-12-04'),
	(2975, 130.00, 'Cash', '2018-05-18', 'Stephane BON', 0.00, 'None', '2018-05-18'),
	(2987, 500.00, 'Transfert', '2018-09-18', 'Abdel-Jalhil TEIBI', 300.00, 'None', '2018-09-18'),
	(3004, 150.00, 'Check', '2017-12-04', 'Roméo YOMBOU', 0.00, 'Academy', '2017-12-04'),
	(3019, 200.00, 'Check', '2017-09-18', 'Yann MALARD', 120.00, 'Academy', '2017-09-19'),
	(3020, 150.00, 'Check', '2017-09-18', 'Yann MALARD', 90.00, 'Academy', '2017-10-04'),
	(3021, 150.00, 'Check', '2017-09-18', 'Yann MALARD', 90.00, 'Academy', '2017-11-04'),
	(3031, 500.00, 'Check', '2017-09-15', 'Didier BARRAUD', 300.00, 'Academy', '2017-09-16'),
	(3049, 350.00, 'Check', '2018-09-27', 'fabien nguyen', 210.00, 'Perso', '2018-09-29'),
	(3179, 300.00, 'Check', '2018-10-02', 'Marc BRAUNSTEIN', 180.00, 'Academy', '2018-10-02'),
	(3191, 40.00, 'Cash', '2018-07-03', 'Giusepe VIZZINI', 0.00, 'None', '2018-07-03'),
	(3192, 125.00, 'Cash', '2018-10-04', 'Giusepe VIZZINI', 0.00, 'None', '2018-10-04'),
	(3193, 380.00, 'Check', '2017-10-02', 'Alexis TRUJILLO', 228.00, 'Academy', '2017-10-04'),
	(3194, 500.00, 'Check', '2018-10-03', 'Alexis TRUJILLO', 300.00, 'Academy', '2018-10-04'),
	(3360, 80.00, 'Check', '2017-11-09', 'Thomas BISSON', 48.00, 'Academy', '2017-11-10'),
	(3361, 420.00, 'Check', '2018-01-09', 'Thomas BISSON', 252.00, 'Perso', '2018-01-10'),
	(3362, 80.00, 'Check', '2018-01-25', 'frederic carpentier', 48.00, 'Academy', '2018-02-05'),
	(3363, 120.00, 'Check', '2018-04-10', 'Frederic CARPENTIER', 72.00, 'Perso', '2018-06-03'),
	(3364, 150.00, 'Check', '2018-04-10', 'Frederic CARPENTIER', 90.00, 'Perso', '2018-05-03'),
	(3365, 150.00, 'Check', '2018-04-10', 'Frederic CARPENTIER', 90.00, 'Perso', '2018-04-11'),
	(3369, 500.00, 'Transfert', '2018-10-05', 'roman bonaton', 300.00, 'None', '2018-10-05'),
	(3385, 100.00, 'Check', '2018-10-05', 'alexandre chausset', 60.00, 'Perso', '2018-10-05'),
	(3386, 80.00, 'Check', '2018-02-08', 'ahmed alla', 48.00, 'Academy', '2018-03-03'),
	(3387, 140.00, 'Check', '2018-03-06', 'Ahmed ALLA', 84.00, 'Coach', '2018-03-07'),
	(3388, 140.00, 'Check', '2018-03-06', 'Ahmed ALLA', 84.00, 'Perso', '2018-03-31'),
	(3389, 140.00, 'Check', '2018-03-06', 'Ahmed ALLA', 84.00, 'Academy', '2018-05-03'),
	(3391, 500.00, 'Check', '2018-02-11', 'ABDELKRIM AMROUCHE', 300.00, 'Academy', '2018-03-03'),
	(3398, 365.00, 'Check', '2017-09-25', 'Delphine GAO', 219.00, 'Academy', '2017-10-04'),
	(3399, 365.00, 'Check', '2017-10-16', 'Delphine GAO', 219.00, 'Academy', '2017-11-04'),
	(3400, 40.00, 'Cash', '2017-09-25', 'Thomas CASTAN', 0.00, 'None', '2017-10-26'),
	(3401, 210.00, 'Check', '2017-11-09', 'Thomas CASTAN', 126.00, 'Academy', '2017-11-10'),
	(3402, 210.00, 'Check', '2017-11-09', 'Thomas CASTAN', 126.00, 'Academy', '2017-11-10'),
	(3406, 125.00, 'Check', '2017-09-12', 'Marc antoine FIGHIERA', 75.00, 'Academy', '2017-09-13'),
	(3407, 125.00, 'Check', '2017-09-21', 'Marc antoine FIGHIERA', 75.00, 'Academy', '2017-10-04'),
	(3408, 125.00, 'Check', '2017-09-21', 'Marc antoine FIGHIERA', 75.00, 'Academy', '2017-11-04'),
	(3409, 125.00, 'Check', '2017-09-21', 'Marc antoine FIGHIERA', 75.00, 'Academy', '2017-12-04'),
	(3415, 170.00, 'Cash', '2017-09-07', 'Matias GOURDON', 0.00, 'None', '2017-10-26'),
	(3416, 80.00, 'Cash', '2017-07-18', 'Matias GOURDON', 40.00, 'None', '2017-10-26'),
	(3417, 250.00, 'Cash', '2018-09-14', 'Matias GOURDON', 0.00, 'None', '2018-09-14'),
	(3428, 450.00, 'Check', '2017-09-07', 'Yohann LES ENFANT', 270.00, 'Academy', '2017-09-07'),
	(3429, 500.00, 'Transfert', '2018-09-03', 'Yohann LES ENFANT', 300.00, 'None', '2018-09-03'),
	(3430, 500.00, 'Check', '2017-09-27', 'Gregory LETELLIER', 300.00, 'Academy', '2017-10-04'),
	(3431, 500.00, 'Transfert', '2018-09-21', 'Gregory LETELLIER', 300.00, 'None', '2018-09-21'),
	(3440, 500.00, 'Transfert', '2018-09-14', 'Xavier ROBERT', 300.00, 'None', '2018-09-14'),
	(3446, 210.00, 'Check', '2017-11-09', 'Simon THULEAU', 126.00, 'Academy', '2017-11-10'),
	(3447, 250.00, 'Check', '2017-09-18', 'Christophe TROEL', 150.00, 'Academy', '2017-11-04'),
	(3448, 250.00, 'Check', '2017-09-18', 'Christophe TROEL', 150.00, 'Academy', '2017-10-04'),
	(3449, 110.00, 'Check', '2017-05-10', 'Christophe TROEL', 66.00, 'Academy', '2017-06-04'),
	(3450, 110.00, 'Check', '2017-05-10', 'Christophe TROEL', 66.00, 'Academy', '2017-05-11'),
	(3451, 200.00, 'Cash', '2017-09-08', 'Yohan VERGNE', 0.00, 'None', '2017-10-26'),
	(3452, 500.00, 'Transfert', '2018-09-07', 'Yohan VERGNE', 300.00, 'None', '2018-09-07'),
	(3453, 250.00, 'Check', '2018-01-09', 'kamal ydir', 150.00, 'Academy', '2018-02-05'),
	(3454, 250.00, 'Check', '2018-01-09', 'kamal ydir', 150.00, 'Academy', '2018-05-03'),
	(3455, 80.00, 'Check', '2017-09-18', 'Nissim ZERBIB', 48.00, 'Academy', '2017-09-19'),
	(3456, 420.00, 'Check', '2017-10-16', 'Nissim ZERBIB', 252.00, 'Academy', '2017-11-04'),
	(3457, 500.00, 'Check', '2018-09-08', 'Nissim ZERBIB', 300.00, 'Perso', '2018-09-08'),
	(3473, 250.00, 'Check', '2017-11-09', 'Alessandro ZANNI', 150.00, 'Academy', '2018-03-03'),
	(3474, 100.00, 'Cash', '2017-11-09', 'Alessandro ZANNI', 0.00, 'None', '2017-11-09'),
	(3485, 100.00, 'Check', '2018-01-08', 'sully chanteur', 60.00, 'Academy', '2018-02-05'),
	(3486, 100.00, 'Check', '2018-01-08', 'sully chanteur', 60.00, 'Perso', '2018-03-03'),
	(3487, 100.00, 'Check', '2018-01-08', 'sully chanteur', 60.00, 'Perso', '2018-03-31'),
	(3488, 50.00, 'Check', '2018-01-08', 'sully chanteur', 30.00, 'Academy', '2018-05-03'),
	(3489, 500.00, 'Check', '2017-05-10', 'Gwenael HUET', 300.00, 'Academy', '2017-05-11'),
	(3490, 500.00, 'Check', '2018-03-06', 'Gwenael HUET', 300.00, 'Academy', '2018-04-03'),
	(3499, 300.00, 'Transfert', '2018-10-08', 'Isaura Bourgeois', 180.00, 'None', '2018-10-08'),
	(3500, 80.00, 'Cash', '2017-10-05', 'Brice FIGARO', 0.00, 'None', '2017-10-26'),
	(3501, 150.00, 'Cash', '2017-11-15', 'Brice FIGARO', 0.00, 'None', '2017-11-15'),
	(3502, 250.00, 'Cash', '2018-10-05', 'Brice FIGARO', 0.00, 'None', '2018-10-05'),
	(3520, 280.00, 'Check', '2017-09-21', 'Olivier HASSID', 168.00, 'Academy', '2017-10-04'),
	(3521, 280.00, 'Check', '2018-10-05', 'Adrien HASSID', 168.00, 'Academy', '2018-10-10'),
	(3529, 29.70, 'Prelev', '2018-10-05', 'Guillaume BERNARD', 17.82, 'Academy', '2018-10-05'),
	(3536, 120.00, 'Cash', '2017-09-05', 'Bagdad CHECKRI', 0.00, 'None', '2017-10-26'),
	(3537, 50.00, 'Cash', '2018-01-09', 'Bagdad CHECKRI', 0.00, 'None', '2018-01-09'),
	(3538, 125.00, 'Cash', '2018-08-23', 'Bagdad CHECKRI', 0.00, 'None', '2018-08-23'),
	(3539, 50.00, 'Cash', '2018-10-11', 'Bagdad CHECKRI', 0.00, 'None', '2018-10-11'),
	(3540, 500.00, 'Check', '2017-09-12', 'Gauthier BRYSBAERT', 300.00, 'Academy', '2017-12-04'),
	(3541, 80.00, 'Check', '2017-06-01', 'Gauthier BRYSBAERT', 48.00, 'Academy', '2017-06-04'),
	(3542, 300.00, 'Transfert', '2018-10-13', 'florian letellier', 180.00, 'None', '2018-10-13'),
	(3544, 350.00, 'Check', '2017-09-25', 'François David PUCHEU LASHORES', 210.00, 'Academy', '2017-10-04'),
	(3545, 350.00, 'Check', '2018-10-11', 'François David PUCHEU LASHORES', 210.00, 'Perso', '2018-10-13'),
	(3546, 300.00, 'Transfert', '2018-10-13', 'Jean Malard', 180.00, 'None', '2018-10-13'),
	(3547, 350.00, 'Check', '2017-09-21', 'Arthur TSIMI', 210.00, 'Academy', '2017-10-04'),
	(3568, 100.00, 'Check', '2018-10-08', 'Modango ABDULKARIMOV', 60.00, 'Perso', '2018-10-10'),
	(3574, 280.00, 'Check', '2017-09-28', 'Lionel BENICHOU', 168.00, 'Academy', '2017-10-04'),
	(3582, 500.00, 'Check', '2017-11-30', 'Denis CEOLIN', 300.00, 'Academy', '2018-02-05'),
	(3583, 500.00, 'Check', '2018-10-17', 'Denis CEOLIN', 300.00, 'Perso', '2018-10-18'),
	(3584, 500.00, 'Check', '2017-09-28', 'Charles MACQUART MOULIN', 300.00, 'Academy', '2017-10-04'),
	(3585, 500.00, 'Check', '2018-10-17', 'Charles MACQUART MOULIN', 300.00, 'Perso', '2018-10-18'),
	(3586, 500.00, 'Check', '2017-09-27', 'Artyom KORMESHOV', 300.00, 'Academy', '2017-10-04'),
	(3587, 100.00, 'Check', '2017-06-08', 'Artyom KORMESHOV', 60.00, 'Academy', '2017-07-05'),
	(3588, 500.00, 'Check', '2018-10-17', 'Artyom KORMESHOV', 300.00, 'Academy', '2018-10-18'),
	(3597, 200.00, 'Check', '2017-09-25', 'Vincent LACERENZA', 120.00, 'Perso', '2018-02-03'),
	(3598, 150.00, 'Check', '2017-09-25', 'Vincent LACERENZA', 90.00, 'Academy', '2017-12-04'),
	(3599, 150.00, 'Check', '2017-09-25', 'Vincent LACERENZA', 90.00, 'Academy', '2017-10-04'),
	(3600, 200.00, 'Check', '2018-10-22', 'Vincent LACERENZA', 120.00, 'Perso', '2018-10-22'),
	(3601, 150.00, 'Check', '2018-10-22', 'Vincent LACERENZA', 90.00, 'None', '2018-10-22'),
	(3602, 150.00, 'Check', '2018-10-22', 'Vincent LACERENZA', 90.00, 'None', '2018-10-22'),
	(3603, 80.00, 'Check', '2017-09-07', 'Thomas MACHADO', 48.00, 'Academy', '2017-09-07'),
	(3604, 210.00, 'Check', '2017-10-10', 'Thomas MACHADO', 126.00, 'Academy', '2017-12-04'),
	(3605, 210.00, 'Check', '2017-10-10', 'Thomas MACHADO', 126.00, 'Academy', '2017-11-04'),
	(3610, 500.00, 'Check', '2017-09-15', 'Florian FONTRIER', 300.00, 'Academy', '2017-09-16'),
	(3611, 500.00, 'Transfert', '2018-10-25', 'Florian FONTRIER', 300.00, 'None', '2018-10-25'),
	(3612, 220.00, 'Check', '2017-09-05', 'Christian DEGUIS', 132.00, 'Academy', '2017-09-06'),
	(3616, 500.00, 'Transfert', '2018-10-28', 'gregoire barat', 300.00, 'None', '2018-10-28'),
	(3620, 500.00, 'Check', '2017-09-12', 'Sylvain JOLIY', 300.00, 'Academy', '2017-09-13'),
	(3621, 500.00, 'Transfert', '2018-10-31', 'Anthar Blizak', 300.00, 'None', '2018-10-31'),
	(3626, 500.00, 'Transfert', '2018-10-31', 'clement ducol', 300.00, 'None', '2018-10-31'),
	(3627, 300.00, 'Transfert', '2018-10-31', 'Marius Ducol', 180.00, 'None', '2018-10-31'),
	(3628, 100.00, 'Check', '2017-09-15', 'Julien BOURGEOIS', 60.00, 'Perso', '2018-02-03'),
	(3629, 100.00, 'Check', '2017-09-15', 'Julien BOURGEOIS', 60.00, 'Academy', '2018-01-03'),
	(3630, 100.00, 'Check', '2017-09-15', 'Julien BOURGEOIS', 60.00, 'Academy', '2017-12-04'),
	(3631, 100.00, 'Check', '2017-09-15', 'Julien BOURGEOIS', 60.00, 'Academy', '2017-11-04'),
	(3632, 100.00, 'Check', '2017-09-15', 'Julien BOURGEOIS', 60.00, 'Academy', '2017-09-16'),
	(3886, 175.00, 'Check', '2017-10-16', 'Jeremy PICOSTE', 105.00, 'Academy', '2017-11-04'),
	(3887, 250.00, 'Check', '2018-11-05', 'Jeremy PICOSTE', 0.00, 'Academy', '2018-11-05'),
	(3888, 250.00, 'Check', '2018-11-05', 'guillaume le bolloch', 150.00, 'Academy', '2018-11-05'),
	(3917, 120.00, 'Cash', '2017-09-19', 'Neo ALZIEU', 0.00, 'None', '2017-10-26'),
	(3918, 125.00, 'Check', '2018-11-07', 'Manon BERIOT', 75.00, 'Academy', '2018-11-08'),
	(3919, 125.00, 'Check', '2018-11-07', 'Manon BERIOT', 75.00, 'None', '2018-11-07'),
	(3920, 125.00, 'Check', '2018-11-07', 'Manon BERIOT', 75.00, 'None', '2018-11-07'),
	(3921, 125.00, 'Check', '2018-11-07', 'Manon BERIOT', 75.00, 'None', '2018-11-07'),
	(3922, 80.00, 'Check', '2018-11-07', 'Thomas ROYERE', 48.00, 'Academy', '2018-11-08'),
	(3931, 160.00, 'Cash', '2018-07-03', 'nassim grainat', 0.00, 'None', '2018-07-03'),
	(3932, 60.00, 'Cash', '2018-11-07', 'Nassim GRAINAT', 0.00, 'None', '2018-11-07'),
	(3935, 250.00, 'Check', '2017-09-21', 'Mickael FERREIRA', 150.00, 'Academy', '2017-10-04'),
	(3936, 250.00, 'Check', '2017-09-21', 'Mickael FERREIRA', 150.00, 'Academy', '2017-11-04'),
	(3957, 200.00, 'Cash', '2017-09-21', 'Mehdi SAIDI', 0.00, 'None', '2017-10-26'),
	(3959, 280.00, 'Check', '2017-10-05', 'Raphael GRESSIN', 168.00, 'Academy', '2017-10-06'),
	(3960, 280.00, 'Check', '2018-10-02', 'simone IRIKI', 168.00, 'Academy', '2018-10-02'),
	(3962, 180.00, 'Cash', '2018-11-15', 'Hamoudi DIAF', 0.00, 'None', '2018-11-15'),
	(3965, 50.00, 'Check', '2017-10-16', 'Marc PELLET', 30.00, 'Academy', '2017-11-04'),
	(3966, 150.00, 'Check', '2017-09-21', 'Nathalie VANDERBURG', 90.00, 'Academy', '2017-10-04'),
	(3967, 100.00, 'Check', '2017-09-25', 'Nathalie VANDERBURG', 60.00, 'Academy', '2017-11-04'),
	(3968, 150.00, 'Check', '2018-11-19', 'Nathalie VANDERBURG', 90.00, 'Academy', '2018-11-19'),
	(3969, 50.00, 'Cash', '2017-10-02', 'Frederique BARDEY', 0.00, 'None', '2017-10-26'),
	(3970, 250.00, 'Check', '2017-10-02', 'Frederique BARDEY', 150.00, 'Academy', '2017-10-04'),
	(3971, 50.00, 'Cash', '2017-11-15', 'Frederique BARDEY', 0.00, 'None', '2017-11-15'),
	(3974, 150.00, 'Check', '2017-09-14', 'Cyril CHIMKIEVITCH', 90.00, 'Academy', '2017-09-15'),
	(3975, 130.00, 'Check', '2018-04-10', 'Cyril CHIMKIEVITCH', 78.00, 'Academy', '2018-05-03'),
	(3977, 100.00, 'Check', '2017-09-21', 'Vincent TERRONI', 60.00, 'Academy', '2017-12-04'),
	(3978, 100.00, 'Check', '2017-09-21', 'Vincent TERRONI', 60.00, 'Academy', '2017-11-04'),
	(3979, 80.00, 'Check', '2017-09-21', 'Vincent TERRONI', 48.00, 'Academy', '2017-10-04'),
	(3980, 80.00, 'Transfert', '2018-11-23', 'Florian Galliou', 48.00, 'None', '2018-11-23'),
	(3982, 280.00, 'Check', '2017-09-18', 'Anne LETESSIER', 168.00, 'Academy', '2017-09-19'),
	(3983, 500.00, 'Check', '2017-10-16', 'Didier MAUS', 300.00, 'Academy', '2017-11-04'),
	(3984, 500.00, 'Transfert', '2018-11-28', 'Didier MAUS', 300.00, 'None', '2018-11-28'),
	(3991, 200.00, 'Cash', '2017-10-05', 'Sylvain TARIN', 0.00, 'None', '2017-10-26'),
	(3996, 50.00, 'Check', '2017-12-07', 'dominique BOYER', 30.00, 'Academy', '2017-12-07'),
	(3997, 50.00, 'Check', '2017-12-07', 'dominique BOYER', 30.00, 'Academy', '2018-01-03'),
	(3998, 50.00, 'Check', '2017-12-07', 'dominique BOYER', 30.00, 'Perso', '2018-02-01'),
	(3999, 50.00, 'Check', '2017-12-07', 'dominique BOYER', 30.00, 'Coach', '2018-03-07'),
	(4000, 50.00, 'Check', '2018-11-06', 'Dominique BOYER', 30.00, 'Perso', '2018-12-02'),
	(4001, 50.00, 'Check', '2018-11-06', 'Dominique BOYER', 30.00, 'None', '2018-11-06'),
	(4002, 100.00, 'Check', '2018-11-06', 'Dominique BOYER', 60.00, 'None', '2018-11-06'),
	(4003, 200.00, 'Check', '2017-09-28', 'Nicolas NZAMBA', 120.00, 'Academy', '2017-11-04'),
	(4004, 150.00, 'Check', '2017-09-28', 'Nicolas NZAMBA', 90.00, 'Academy', '2017-12-04'),
	(4005, 150.00, 'Check', '2017-09-28', 'Nicolas NZAMBA', 90.00, 'Academy', '2017-10-04'),
	(4006, 200.00, 'Check', '2018-11-13', 'Nicolas NZAMBA', 120.00, 'Perso', '2018-11-14'),
	(4007, 200.00, 'Check', '2018-11-13', 'Nicolas NZAMBA', 120.00, 'Perso', '2018-12-02'),
	(4008, 100.00, 'Check', '2018-11-13', 'Nicolas NZAMBA', 60.00, 'None', '2018-11-13'),
	(4009, 100.00, 'Check', '2017-11-15', 'Michel-ange MATOUBA', 60.00, 'Academy', '2017-12-04'),
	(4010, 100.00, 'Check', '2017-11-15', 'Michel-ange MATOUBA', 60.00, 'Academy', '2018-01-03'),
	(4011, 75.00, 'Check', '2017-11-15', 'Michel-ange MATOUBA', 45.00, 'Academy', '2018-02-05'),
	(4012, 125.00, 'Check', '2018-11-13', 'Michel-Ange MATOUBA', 75.00, 'Academy', '2018-12-02'),
	(4013, 125.00, 'Check', '2018-11-13', 'Michel-Ange MATOUBA', 75.00, 'None', '2018-11-13'),
	(4014, 210.00, 'Check', '2018-01-24', 'rachel lokiec', 126.00, 'Perso', '2018-02-02'),
	(4015, 600.00, 'Check', '2018-11-22', 'Simon LOKIEC', 360.00, 'Academy', '2018-12-02'),
	(4016, 700.00, 'Check', '2017-09-14', 'Simon FRANQUET', 420.00, 'Academy', '2017-09-15'),
	(4017, 80.00, 'Check', '2017-07-11', 'Simon FRANQUET', 48.00, 'Academy', '2017-08-02'),
	(4018, 200.00, 'Check', '2018-09-19', 'Simon FRANQUET', 120.00, 'Academy', '2018-11-04'),
	(4019, 200.00, 'Check', '2018-09-19', 'Simon FRANQUET', 120.00, 'Academy', '2018-12-02'),
	(4020, 100.00, 'Check', '2018-09-19', 'Simon FRANQUET', 60.00, 'Academy', '2018-10-02'),
	(4021, 100.00, 'Check', '2018-10-08', 'clara deshayes', 60.00, 'Academy', '2018-12-02'),
	(4022, 100.00, 'Check', '2018-10-08', 'clara deshayes', 60.00, 'Academy', '2018-11-04'),
	(4023, 100.00, 'Check', '2018-10-08', 'clara deshayes', 60.00, 'Academy', '2018-10-10'),
	(4024, 500.00, 'Check', '2017-11-30', 'Thibaud DENINGER', 300.00, 'Academy', '2017-12-04'),
	(4025, 150.00, 'Check', '2018-10-09', 'Thibaud DENINGER', 90.00, 'Academy', '2018-10-10'),
	(4026, 150.00, 'Check', '2018-10-09', 'Thibaud DENINGER', 90.00, 'Academy', '2018-11-04'),
	(4027, 200.00, 'Check', '2018-10-09', 'Thibaud DENINGER', 120.00, 'Academy', '2018-12-02'),
	(4028, 200.00, 'Check', '2017-11-15', 'FARAUT Julien', 120.00, 'Academy', '2018-01-03'),
	(4029, 200.00, 'Check', '2017-11-15', 'FARAUT Julien', 120.00, 'Academy', '2017-12-04'),
	(4030, 200.00, 'Check', '2018-11-29', 'Julien FARAUT', 120.00, 'None', '2018-11-29'),
	(4031, 150.00, 'Check', '2018-11-29', 'Julien FARAUT', 90.00, 'Academy', '2018-12-02'),
	(4032, 150.00, 'Check', '2018-11-29', 'Julien FARAUT', 90.00, 'None', '2018-11-29'),
	(4033, 1100.00, 'Check', '2017-10-05', 'Mirjana POLJAKOVIC', 700.00, 'Academy', '2017-10-06'),
	(4035, 350.00, 'Check', '2017-10-05', 'Pierre CHAMBON', 210.00, 'Academy', '2017-10-06'),
	(4036, 80.00, 'Check', '2018-12-03', 'Jerome RECULARD', 48.00, 'Perso', '2018-12-05'),
	(4037, 50.00, 'Cash', '2018-12-06', 'Remy Bardey', 0.00, 'None', '2018-12-06'),
	(4038, 500.00, 'Check', '2017-10-20', 'Mamadou? DJOULFAYAN', 300.00, 'Academy', '2017-11-04'),
	(4039, 500.00, 'Check', '2017-11-30', 'Yohann LY', 300.00, 'Academy', '2017-12-04'),
	(4040, 500.00, 'Check', '2018-12-06', 'Yohann LY', 300.00, 'None', '2018-12-06'),
	(4047, 41.58, 'Prelev', '2018-10-05', 'Iraklis ALEXANDRIDIS', 24.95, 'Academy', '2018-10-05'),
	(4048, 41.58, 'Prelev', '2018-11-05', 'Iraklis ALEXANDRIDIS', 24.95, 'Academy', '2018-11-05'),
	(4049, 41.58, 'Prelev', '2018-12-07', 'Iraklis ALEXANDRIDIS', 24.95, 'Academy', '2018-12-07'),
	(4050, 41.58, 'Prelev', '2018-12-07', 'Mike ALFREDO', 24.95, 'Academy', '2018-12-07'),
	(4051, 41.58, 'Prelev', '2018-11-05', 'David ALLIEL', 24.95, 'Academy', '2018-11-05'),
	(4052, 41.58, 'Prelev', '2018-12-07', 'David ALLIEL', 24.95, 'Academy', '2018-12-07'),
	(4053, 50.00, 'Cash', '2017-12-12', 'david ankri', 0.00, 'None', '2017-12-12'),
	(4054, 120.00, 'Check', '2017-12-26', 'David ANKRI', 72.00, 'Perso', '2017-12-26'),
	(4055, 140.00, 'Check', '2017-12-26', 'David ANKRI', 84.00, 'Perso', '2018-01-08'),
	(4056, 140.00, 'Check', '2017-12-26', 'David ANKRI', 84.00, 'Perso', '2018-02-07'),
	(4057, 41.58, 'Prelev', '2018-08-05', 'David ANKRI', 24.95, 'Academy', '2018-08-05'),
	(4058, 41.58, 'Prelev', '2018-09-05', 'David ANKRI', 24.95, 'Academy', '2018-09-05'),
	(4059, 41.58, 'Prelev', '2018-10-05', 'David ANKRI', 24.95, 'Academy', '2018-10-05'),
	(4060, 41.58, 'Prelev', '2018-11-05', 'David ANKRI', 24.95, 'Academy', '2018-11-05'),
	(4061, 41.58, 'Prelev', '2018-12-07', 'David ANKRI', 24.95, 'Academy', '2018-12-07'),
	(4062, 40.00, 'Cash', '2017-09-05', 'Raphael ANI', 0.00, 'None', '2017-10-26'),
	(4063, 210.00, 'Cash', '2017-11-21', 'Raphael ARIE', 0.00, 'None', '2017-11-21'),
	(4064, 41.58, 'Prelev', '2018-12-07', 'Raphael ARIE', 24.95, 'Academy', '2018-12-07'),
	(4065, 200.00, 'Check', '2017-09-18', 'Eddy BARCLAY', 120.00, 'Academy', '2017-11-10'),
	(4066, 150.00, 'Check', '2017-09-18', 'Eddy BARCLAY', 90.00, 'Academy', '2018-02-05'),
	(4067, 150.00, 'Check', '2017-09-18', 'Eddy BARCLAY', 90.00, 'Academy', '2017-10-04'),
	(4068, 41.58, 'Prelev', '2018-10-05', 'Eddy BARCLAY', 24.95, 'Academy', '2018-10-05'),
	(4069, 41.58, 'Prelev', '2018-11-05', 'Eddy BARCLAY', 24.95, 'Academy', '2018-11-05'),
	(4070, 41.58, 'Prelev', '2018-12-07', 'Eddy BARCLAY', 24.95, 'Academy', '2018-12-07'),
	(4071, 41.58, 'Prelev', '2018-10-05', 'Thibaut BEDOUIN', 24.95, 'Academy', '2018-10-05'),
	(4072, 41.58, 'Prelev', '2018-11-05', 'Thibaut BEDOUIN', 24.95, 'Academy', '2018-11-05'),
	(4073, 41.58, 'Prelev', '2018-12-07', 'Thibaut BEDOUIN', 24.95, 'Academy', '2018-12-07'),
	(4074, 41.58, 'Prelev', '2018-08-05', 'Anthony BENAIS', 24.95, 'Academy', '2018-08-05'),
	(4075, 41.58, 'Prelev', '2018-09-05', 'Anthony BENAIS', 24.95, 'Academy', '2018-09-05'),
	(4076, 41.58, 'Prelev', '2018-10-05', 'Anthony BENAIS', 24.95, 'Academy', '2018-10-05'),
	(4077, 41.58, 'Prelev', '2018-11-05', 'Anthony BENAIS', 24.95, 'Academy', '2018-11-05'),
	(4078, 41.58, 'Prelev', '2018-12-07', 'Anthony BENAIS', 24.95, 'Academy', '2018-12-07'),
	(4079, 41.58, 'Prelev', '2018-11-05', 'Marvin BERREMBOU', 24.95, 'Academy', '2018-11-05'),
	(4080, 41.58, 'Prelev', '2018-12-07', 'Marvin BERREMBOU', 24.95, 'Academy', '2018-12-07'),
	(4081, 100.00, 'Check', '2017-09-12', 'Sebastien BIDAULT', 60.00, 'Academy', '2018-02-05'),
	(4082, 100.00, 'Check', '2017-09-12', 'Sebastien BIDAULT', 60.00, 'Academy', '2018-01-03'),
	(4083, 100.00, 'Check', '2017-09-12', 'Sebastien BIDAULT', 60.00, 'Academy', '2017-12-04'),
	(4084, 100.00, 'Check', '2017-09-12', 'Sebastien BIDAULT', 60.00, 'Academy', '2017-11-04'),
	(4085, 100.00, 'Check', '2017-09-12', 'Sebastien BIDAULT', 60.00, 'Academy', '2017-10-04'),
	(4086, 41.58, 'Prelev', '2018-11-05', 'Sebastien BIDAULT', 24.95, 'Academy', '2018-11-05'),
	(4087, 41.58, 'Prelev', '2018-12-07', 'Sebastien BIDAULT', 24.95, 'Academy', '2018-12-07'),
	(4088, 41.58, 'Prelev', '2018-10-05', 'Ronan BILLAUD', 24.95, 'Academy', '2018-10-05'),
	(4089, 41.58, 'Prelev', '2018-11-05', 'Ronan BILLAUD', 24.95, 'Academy', '2018-11-05'),
	(4090, 41.58, 'Prelev', '2018-12-07', 'Ronan BILLAUD', 24.95, 'Academy', '2018-12-07'),
	(4093, 100.00, 'Check', '2017-06-08', 'Jean-Marc BLOMBOU', 60.00, 'Academy', '2017-09-05'),
	(4094, 100.00, 'Check', '2017-06-08', 'Jean-Marc BLOMBOU', 60.00, 'Academy', '2017-08-02'),
	(4095, 100.00, 'Check', '2017-06-08', 'Jean-Marc BLOMBOU', 60.00, 'Academy', '2017-07-05'),
	(4096, 100.00, 'Cash', '2018-01-25', 'Jean-Marc BLOMBOU', 0.00, 'None', '2018-01-25'),
	(4097, 100.00, 'Check', '2018-05-18', 'Jean-Marc BLOMBOU', 60.00, 'Academy', '2018-06-04'),
	(4098, 41.58, 'Prelev', '2018-08-05', 'Jean-Marc BLOMBOU', 24.95, 'Academy', '2018-08-05'),
	(4099, 41.58, 'Prelev', '2018-09-05', 'Jean-Marc BLOMBOU', 24.95, 'Academy', '2018-09-05'),
	(4100, 100.00, 'Check', '2018-09-08', 'Jean-Marc BLOMBOU', 60.00, 'Academy', '2018-09-12'),
	(4101, 41.58, 'Prelev', '2018-10-05', 'Jean-Marc BLOMBOU', 24.95, 'Academy', '2018-10-05'),
	(4102, 41.58, 'Prelev', '2018-11-05', 'Jean-Marc BLOMBOU', 24.95, 'Academy', '2018-11-05'),
	(4103, 41.58, 'Prelev', '2018-12-07', 'Jean-Marc BLOMBOU', 24.95, 'Academy', '2018-12-07'),
	(4104, 41.58, 'Prelev', '2018-10-05', 'Arnaud BLOUIN', 24.95, 'Academy', '2018-10-05'),
	(4105, 41.58, 'Prelev', '2018-11-05', 'Arnaud BLOUIN', 24.95, 'Academy', '2018-11-05'),
	(4106, 41.58, 'Prelev', '2018-12-07', 'Arnaud BLOUIN', 24.95, 'Academy', '2018-12-07'),
	(4107, 41.58, 'Prelev', '2018-11-05', 'Kamal BOUMOUR', 24.95, 'Academy', '2018-11-05'),
	(4108, 41.58, 'Prelev', '2018-12-07', 'Kamal BOUMOUR', 24.95, 'Academy', '2018-12-07'),
	(4109, 41.58, 'Prelev', '2018-10-05', 'Gaetan BOURBOTTE', 24.95, 'Academy', '2018-10-05'),
	(4110, 41.58, 'Prelev', '2018-11-05', 'Gaetan BOURBOTTE', 24.95, 'Academy', '2018-11-05'),
	(4111, 41.58, 'Prelev', '2018-12-07', 'Gaetan BOURBOTTE', 24.95, 'Academy', '2018-12-07'),
	(4112, 41.58, 'Prelev', '2018-11-05', 'Fanny BOYER', 24.95, 'Academy', '2018-11-05'),
	(4113, 41.58, 'Prelev', '2018-12-07', 'Fanny BOYER', 24.95, 'Academy', '2018-12-07'),
	(4116, 500.00, 'Check', '2017-10-05', 'Corentin CAHEN', 300.00, 'Academy', '2017-10-06'),
	(4117, 41.58, 'Prelev', '2018-12-07', 'Corentin CAHEN', 24.95, 'Academy', '2018-12-07'),
	(4118, 41.58, 'Prelev', '2018-06-05', 'Julien CARBONNELL', 24.95, 'Academy', '2018-06-05'),
	(4119, 41.58, 'Prelev', '2018-07-05', 'Julien CARBONNELL', 24.95, 'Academy', '2018-07-05'),
	(4120, 41.58, 'Prelev', '2018-08-05', 'Julien CARBONNELL', 24.95, 'Academy', '2018-08-05'),
	(4121, 41.58, 'Prelev', '2018-09-05', 'Julien CARBONNELL', 24.95, 'Academy', '2018-09-05'),
	(4122, 41.58, 'Prelev', '2018-10-05', 'Julien CARBONNELL', 24.95, 'Academy', '2018-10-05'),
	(4123, 41.58, 'Prelev', '2018-11-05', 'Julien CARBONNELL', 24.95, 'Academy', '2018-11-05'),
	(4124, 41.58, 'Prelev', '2018-12-07', 'Julien CARBONNELL', 24.95, 'Academy', '2018-12-07'),
	(4125, 41.58, 'Prelev', '2018-11-05', 'Jocelyn CASSAND', 24.95, 'Academy', '2018-11-05'),
	(4126, 41.58, 'Prelev', '2018-12-07', 'Jocelyn CASSAND', 24.95, 'Academy', '2018-12-07'),
	(4127, 280.00, 'Check', '2017-09-25', 'Sarah CASSESE', 168.00, 'Academy', '2017-10-04'),
	(4128, 25.74, 'Prelev', '2018-10-05', 'Sarah CASSESE', 15.44, 'Academy', '2018-10-05'),
	(4129, 25.74, 'Prelev', '2018-11-05', 'Sarah CASSESE', 15.44, 'Academy', '2018-11-05'),
	(4130, 25.74, 'Prelev', '2018-12-07', 'Sarah CASSESE', 15.44, 'Academy', '2018-12-07'),
	(4131, 41.58, 'Prelev', '2018-10-05', 'Frederic CHALOPIN', 24.95, 'Academy', '2018-10-05'),
	(4132, 41.58, 'Prelev', '2018-11-05', 'Frederic CHALOPIN', 24.95, 'Academy', '2018-11-05'),
	(4133, 41.58, 'Prelev', '2018-12-07', 'Frederic CHALOPIN', 24.95, 'Academy', '2018-12-07'),
	(4134, 41.58, 'Prelev', '2018-08-05', 'Mathieu CHANTALAT', 24.95, 'Academy', '2018-08-05'),
	(4135, 41.58, 'Prelev', '2018-09-05', 'Mathieu CHANTALAT', 24.95, 'Academy', '2018-09-05'),
	(4136, 41.58, 'Prelev', '2018-10-05', 'Mathieu CHANTALAT', 24.95, 'Academy', '2018-10-05'),
	(4137, 41.58, 'Prelev', '2018-11-05', 'Mathieu CHANTALAT', 24.95, 'Academy', '2018-11-05'),
	(4138, 41.58, 'Prelev', '2018-12-07', 'Mathieu CHANTALAT', 24.95, 'Academy', '2018-12-07'),
	(4139, 41.58, 'Prelev', '2018-10-05', 'Cyril CHARDONNET', 24.95, 'Academy', '2018-10-05'),
	(4140, 41.58, 'Prelev', '2018-11-05', 'Cyril CHARDONNET', 24.95, 'Academy', '2018-11-05'),
	(4141, 41.58, 'Prelev', '2018-12-07', 'Cyril CHARDONNET', 24.95, 'Academy', '2018-12-07'),
	(4142, 41.58, 'Prelev', '2018-12-07', 'Thomas CHARLES', 24.95, 'Academy', '2018-12-07'),
	(4143, 500.00, 'Check', '2017-09-25', 'Adrien CHEMINET', 300.00, 'Academy', '2017-10-04'),
	(4144, 41.58, 'Prelev', '2018-10-05', 'Adrien CHEMINET', 24.95, 'Academy', '2018-10-05'),
	(4145, 41.58, 'Prelev', '2018-11-05', 'Adrien CHEMINET', 24.95, 'Academy', '2018-11-05'),
	(4146, 41.58, 'Prelev', '2018-12-07', 'Adrien CHEMINET', 24.95, 'Academy', '2018-12-07'),
	(4147, 50.00, 'Cash', '2018-01-08', 'stephane creantor', 0.00, 'None', '2018-01-08'),
	(4148, 120.00, 'Check', '2018-07-03', 'Stephane CREANTOR', 72.00, 'Perso', '2018-07-08'),
	(4149, 41.58, 'Prelev', '2018-10-05', 'Stephane CREANTOR', 24.95, 'Academy', '2018-10-05'),
	(4150, 41.58, 'Prelev', '2018-11-05', 'Stephane CREANTOR', 24.95, 'Academy', '2018-11-05'),
	(4151, 41.58, 'Prelev', '2018-12-07', 'Stephane CREANTOR', 24.95, 'Academy', '2018-12-07'),
	(4152, 350.00, 'Check', '2017-07-11', 'Daniel CURVAT', 210.00, 'Academy', '2017-08-02'),
	(4153, 100.00, 'Check', '2018-07-04', 'Daniel CURVAT', 60.00, 'Academy', '2018-09-03'),
	(4154, 41.58, 'Prelev', '2018-11-05', 'Daniel CURVAT', 24.95, 'Academy', '2018-11-05'),
	(4155, 41.58, 'Prelev', '2018-12-07', 'Daniel CURVAT', 24.95, 'Academy', '2018-12-07'),
	(4156, 41.58, 'Prelev', '2018-12-07', 'Antoine CUZARD', 24.95, 'Academy', '2018-12-07'),
	(4157, 80.00, 'Check', '2017-11-09', 'Martin CZABADAJ', 48.00, 'Academy', '2017-11-10'),
	(4158, 420.00, 'Check', '2018-01-09', 'Martin CZABADAJ', 252.00, 'Academy', '2018-02-05'),
	(4159, 41.58, 'Prelev', '2018-11-05', 'Martin CZABADAJ', 24.95, 'Academy', '2018-11-05'),
	(4160, 41.58, 'Prelev', '2018-12-07', 'Martin CZABADAJ', 24.95, 'Academy', '2018-12-07'),
	(4161, 41.58, 'Prelev', '2018-10-05', 'Jeanne DANGUY', 24.95, 'Academy', '2018-10-05'),
	(4162, 41.58, 'Prelev', '2018-11-05', 'Jeanne DANGUY', 24.95, 'Academy', '2018-11-05'),
	(4163, 41.58, 'Prelev', '2018-12-07', 'Jeanne DANGUY', 24.95, 'Academy', '2018-12-07'),
	(4164, 41.58, 'Prelev', '2018-10-05', 'Mickael DAVOLI', 24.95, 'Academy', '2018-10-05'),
	(4165, 41.58, 'Prelev', '2018-11-05', 'Mickael DAVOLI', 24.95, 'Academy', '2018-11-05'),
	(4166, 41.58, 'Prelev', '2018-12-07', 'Mickael DAVOLI', 24.95, 'Academy', '2018-12-07'),
	(4169, 500.00, 'Check', '2017-09-07', 'Pierre DORE', 300.00, 'Academy', '2017-09-07'),
	(4170, 41.58, 'Prelev', '2018-10-05', 'Fabien DORE', 24.95, 'Academy', '2018-10-05'),
	(4171, 41.58, 'Prelev', '2018-11-05', 'Fabien DORE', 24.95, 'Academy', '2018-11-05'),
	(4172, 41.58, 'Prelev', '2018-12-07', 'Fabien DORE', 24.95, 'Academy', '2018-12-07'),
	(4173, 80.00, 'Cash', '2017-09-14', 'Eric DRIKES', 0.00, 'None', '2017-10-26'),
	(4174, 80.00, 'Cash', '2017-10-16', 'Eric DRIKES', 0.00, 'None', '2017-10-26'),
	(4175, 50.00, 'Cash', '2018-03-06', 'Eric DRIKES', 0.00, 'None', '2018-03-06'),
	(4176, 41.58, 'Prelev', '2018-11-05', 'Eric DRIKES', 24.95, 'Academy', '2018-11-05'),
	(4177, 41.58, 'Prelev', '2018-12-07', 'Eric DRIKES', 24.95, 'Academy', '2018-12-07'),
	(4178, 100.00, 'Cash', '2018-11-09', 'Vincent FASOLI', 0.00, 'None', '2018-11-09'),
	(4179, 41.58, 'Prelev', '2018-12-07', 'Vincent FASOLI', 24.95, 'Academy', '2018-12-07'),
	(4180, 41.58, 'Prelev', '2018-10-05', 'Julien FAURE', 24.95, 'Academy', '2018-10-05'),
	(4181, 41.58, 'Prelev', '2018-11-05', 'Julien FAURE', 24.95, 'Academy', '2018-11-05'),
	(4182, 41.58, 'Prelev', '2018-12-07', 'Julien FAURE', 24.95, 'Academy', '2018-12-07'),
	(4183, 41.58, 'Prelev', '2018-11-05', 'Mickaël FELTEN', 24.95, 'Academy', '2018-11-05'),
	(4184, 41.58, 'Prelev', '2018-12-07', 'Mickaël FELTEN', 24.95, 'Academy', '2018-12-07'),
	(4185, 41.58, 'Prelev', '2018-08-05', 'Thomas FOURNIER', 24.95, 'Academy', '2018-08-05'),
	(4186, 41.58, 'Prelev', '2018-09-05', 'Thomas FOURNIER', 24.95, 'Academy', '2018-09-05'),
	(4187, 41.58, 'Prelev', '2018-10-05', 'Thomas FOURNIER', 24.95, 'Academy', '2018-10-05'),
	(4188, 41.58, 'Prelev', '2018-11-05', 'Thomas FOURNIER', 24.95, 'Academy', '2018-11-05'),
	(4189, 41.58, 'Prelev', '2018-12-07', 'Thomas FOURNIER', 24.95, 'Academy', '2018-12-07'),
	(4190, 125.00, 'Check', '2017-09-14', 'David Gauthier', 75.00, 'Academy', '2017-10-04'),
	(4191, 125.00, 'Check', '2017-09-14', 'David Gauthier', 75.00, 'Academy', '2017-11-04'),
	(4192, 125.00, 'Check', '2017-09-14', 'David Gauthier', 75.00, 'Academy', '2017-12-04'),
	(4193, 125.00, 'Check', '2017-09-14', 'David Gauthier', 75.00, 'Academy', '2018-01-03'),
	(4194, 41.58, 'Prelev', '2018-10-05', 'David GAUTHIER', 24.95, 'Academy', '2018-10-05'),
	(4195, 41.58, 'Prelev', '2018-11-05', 'David GAUTHIER', 24.95, 'Academy', '2018-11-05'),
	(4196, 41.58, 'Prelev', '2018-12-07', 'David GAUTHIER', 24.95, 'Academy', '2018-12-07'),
	(4197, 80.00, 'Check', '2017-09-28', 'Julien GAZAVE', 48.00, 'Academy', '2017-10-04'),
	(4198, 80.00, 'Check', '2017-11-09', 'Julien GAZAVE', 48.00, 'Academy', '2017-11-10'),
	(4199, 100.00, 'Check', '2018-01-09', 'Julien GAZAVE', 60.00, 'Perso', '2018-02-01'),
	(4200, 140.00, 'Check', '2018-01-09', 'Julien GAZAVE', 84.00, 'Perso', '2018-03-31'),
	(4201, 100.00, 'Check', '2018-01-09', 'Julien GAZAVE', 60.00, 'Perso', '2018-03-03'),
	(4202, 41.58, 'Prelev', '2018-11-05', 'Julien GAZAVE', 24.95, 'Academy', '2018-11-05'),
	(4203, 41.58, 'Prelev', '2018-12-07', 'Julien GAZAVE', 24.95, 'Academy', '2018-12-07'),
	(4208, 41.58, 'Prelev', '2018-12-07', 'Dihere GOUMANE', 24.95, 'Academy', '2018-12-07'),
	(4211, 250.00, 'Check', '2017-06-01', 'MOUSTAKIM HASSANI', 150.00, 'Academy', '2017-06-04'),
	(4212, 250.00, 'Check', '2017-12-07', 'Moustakima HASSANI', 150.00, 'Academy', '2017-12-07'),
	(4213, 41.58, 'Prelev', '2018-10-05', 'Moustakima HASSANI', 24.95, 'Academy', '2018-10-05'),
	(4214, 41.58, 'Prelev', '2018-11-05', 'Moustakima HASSANI', 24.95, 'Academy', '2018-11-05'),
	(4215, 41.58, 'Prelev', '2018-12-07', 'Moustakima HASSANI', 24.95, 'Academy', '2018-12-07'),
	(4216, 41.58, 'Prelev', '2018-10-05', 'Philippe HEYDARIAN', 24.95, 'Academy', '2018-10-05'),
	(4217, 41.58, 'Prelev', '2018-11-05', 'Philippe HEYDARIAN', 24.95, 'Academy', '2018-11-05'),
	(4218, 41.58, 'Prelev', '2018-12-07', 'Philippe HEYDARIAN', 24.95, 'Academy', '2018-12-07'),
	(4219, 40.00, 'Cash', '2017-12-07', 'inconnnu HORSKYY', 0.00, 'None', '2017-12-07'),
	(4220, 65.00, 'Cash', '2018-03-06', 'Genedy HORSKYY', 0.00, 'None', '2018-03-06'),
	(4221, 65.00, 'Cash', '2018-03-12', 'Hennaddig HORSKYY', 0.00, 'None', '2018-03-12'),
	(4222, 41.58, 'Prelev', '2018-10-05', 'Hennaddig HORSKYY', 24.95, 'Academy', '2018-10-05'),
	(4223, 41.58, 'Prelev', '2018-11-05', 'Hennaddig HORSKYY', 24.95, 'Academy', '2018-11-05'),
	(4224, 41.58, 'Prelev', '2018-12-07', 'Hennaddig HORSKYY', 24.95, 'Academy', '2018-12-07'),
	(4225, 41.58, 'Prelev', '2018-12-07', 'Claudia HULBERT', 24.95, 'Academy', '2018-12-07'),
	(4226, 41.58, 'Prelev', '2018-10-05', 'Frédéric JACQUET', 24.95, 'Academy', '2018-10-05'),
	(4227, 41.58, 'Prelev', '2018-11-05', 'Frédéric JACQUET', 24.95, 'Academy', '2018-11-05'),
	(4228, 41.58, 'Prelev', '2018-12-07', 'Frédéric JACQUET', 24.95, 'Academy', '2018-12-07'),
	(4229, 41.58, 'Prelev', '2018-11-05', 'Axel LARIDON', 24.95, 'Academy', '2018-11-05'),
	(4230, 41.58, 'Prelev', '2018-12-07', 'Axel LARIDON', 24.95, 'Academy', '2018-12-07'),
	(4231, 41.58, 'Prelev', '2018-11-05', 'Julien LAVERDURE', 24.95, 'Academy', '2018-11-05'),
	(4232, 41.58, 'Prelev', '2018-12-07', 'Julien LAVERDURE', 24.95, 'Academy', '2018-12-07'),
	(4233, 100.00, 'Cash', '2017-09-18', 'Jonas LEBLANC', 0.00, 'None', '2017-10-26'),
	(4234, 20.79, 'Prelev', '2018-12-07', 'Jonas LEBLANC', 12.47, 'Academy', '2018-12-07'),
	(4235, 41.58, 'Prelev', '2018-10-05', 'Rémi LESÉNÉCHAL', 24.95, 'Academy', '2018-10-05'),
	(4236, 41.58, 'Prelev', '2018-11-05', 'Rémi LESÉNÉCHAL', 24.95, 'Academy', '2018-11-05'),
	(4237, 41.58, 'Prelev', '2018-12-07', 'Rémi LESÉNÉCHAL', 24.95, 'Academy', '2018-12-07'),
	(4238, 41.58, 'Prelev', '2018-12-07', 'Gerard LINCERTIN', 24.95, 'Academy', '2018-12-07'),
	(4239, 41.58, 'Prelev', '2018-10-05', 'Julien LUCAS', 24.95, 'Academy', '2018-10-05'),
	(4240, 41.58, 'Prelev', '2018-11-05', 'Julien LUCAS', 24.95, 'Academy', '2018-11-05'),
	(4241, 41.58, 'Prelev', '2018-12-07', 'Julien LUCAS', 24.95, 'Academy', '2018-12-07'),
	(4242, 40.00, 'Check', '2018-05-18', 'paul MAHON', 24.00, 'Academy', '2018-06-04'),
	(4243, 41.58, 'Prelev', '2018-06-05', 'Paul MAHON', 24.95, 'Academy', '2018-06-05'),
	(4244, 41.58, 'Prelev', '2018-07-05', 'Paul MAHON', 24.95, 'Academy', '2018-07-05'),
	(4245, 41.58, 'Prelev', '2018-08-05', 'Paul MAHON', 24.95, 'Academy', '2018-08-05'),
	(4246, 41.58, 'Prelev', '2018-09-05', 'Paul MAHON', 24.95, 'Academy', '2018-09-05'),
	(4247, 41.58, 'Prelev', '2018-10-05', 'Paul MAHON', 24.95, 'Academy', '2018-10-05'),
	(4248, 41.58, 'Prelev', '2018-11-05', 'Paul MAHON', 24.95, 'Academy', '2018-11-05'),
	(4249, 41.58, 'Prelev', '2018-12-07', 'Paul MAHON', 24.95, 'Academy', '2018-12-07'),
	(4250, 80.00, 'Check', '2017-05-10', 'Kevin MALGERARD', 48.00, 'Academy', '2017-05-11'),
	(4251, 80.00, 'Check', '2017-11-30', 'Jennifer MALGERARD', 48.00, 'Academy', '2017-12-04'),
	(4252, 125.00, 'Check', '2018-03-06', 'Kevin MALGERARD', 75.00, 'Perso', '2018-03-31'),
	(4253, 41.58, 'Prelev', '2018-06-05', 'Kevin MALGERARD', 24.95, 'Academy', '2018-06-05'),
	(4254, 41.58, 'Prelev', '2018-07-05', 'Kevin MALGERARD', 24.95, 'Academy', '2018-07-05'),
	(4255, 41.58, 'Prelev', '2018-08-05', 'Kevin MALGERARD', 24.95, 'Academy', '2018-08-05'),
	(4256, 41.58, 'Prelev', '2018-09-05', 'Kevin MALGERARD', 24.95, 'Academy', '2018-09-05'),
	(4257, 41.58, 'Prelev', '2018-10-05', 'Kevin MALGERARD', 24.95, 'Academy', '2018-10-05'),
	(4258, 41.58, 'Prelev', '2018-11-05', 'Kevin MALGERARD', 24.95, 'Academy', '2018-11-05'),
	(4259, 41.58, 'Prelev', '2018-12-07', 'Kevin MALGERARD', 24.95, 'Academy', '2018-12-07'),
	(4260, 41.58, 'Prelev', '2018-06-05', 'Brian MANGOENPAWIRO', 24.95, 'Academy', '2018-06-05'),
	(4261, 41.58, 'Prelev', '2018-07-05', 'Brian MANGOENPAWIRO', 24.95, 'Academy', '2018-07-05'),
	(4262, 41.58, 'Prelev', '2018-08-05', 'Brian MANGOENPAWIRO', 24.95, 'Academy', '2018-08-05'),
	(4263, 41.58, 'Prelev', '2018-09-05', 'Brian MANGOENPAWIRO', 24.95, 'Academy', '2018-09-05'),
	(4264, 41.58, 'Prelev', '2018-10-05', 'Brian MANGOENPAWIRO', 24.95, 'Academy', '2018-10-05'),
	(4265, 41.58, 'Prelev', '2018-11-05', 'Brian MANGOENPAWIRO', 24.95, 'Academy', '2018-11-05'),
	(4266, 41.58, 'Prelev', '2018-12-07', 'Brian MANGOENPAWIRO', 24.95, 'Academy', '2018-12-07'),
	(4267, 29.70, 'Prelev', '2018-11-05', 'Cedric MAUFROY', 17.82, 'Academy', '2018-11-05'),
	(4268, 29.70, 'Prelev', '2018-12-07', 'Cedric MAUFROY', 17.82, 'Academy', '2018-12-07'),
	(4269, 100.00, 'Check', '2017-05-10', 'Joan MESINELE', 60.00, 'Academy', '2017-10-04'),
	(4270, 100.00, 'Check', '2017-05-10', 'Joan MESINELE', 60.00, 'Academy', '2017-09-05'),
	(4271, 100.00, 'Check', '2017-05-10', 'Joan MESINELE', 60.00, 'Academy', '2017-08-02'),
	(4272, 100.00, 'Check', '2017-05-10', 'Joan MESINELE', 60.00, 'Academy', '2017-07-05'),
	(4273, 100.00, 'Check', '2017-05-10', 'Joan MESINELE', 60.00, 'Academy', '2017-06-04'),
	(4274, 41.58, 'Prelev', '2018-10-05', 'Joan MESINELE', 24.95, 'Academy', '2018-10-05'),
	(4275, 41.58, 'Prelev', '2018-11-05', 'Joan MESINELE', 24.95, 'Academy', '2018-11-05'),
	(4276, 41.58, 'Prelev', '2018-12-07', 'Joan MESINELE', 24.95, 'Academy', '2018-12-07'),
	(4277, 41.58, 'Prelev', '2018-12-07', 'Eddy MICHELET', 24.95, 'Academy', '2018-12-07'),
	(4278, 29.70, 'Prelev', '2018-10-05', 'Damien MILLAN', 17.82, 'Academy', '2018-10-05'),
	(4279, 29.70, 'Prelev', '2018-11-05', 'Damien MILLAN', 17.82, 'Academy', '2018-11-05'),
	(4280, 29.70, 'Prelev', '2018-12-07', 'Damien MILLAN', 17.82, 'Academy', '2018-12-07'),
	(4281, 41.58, 'Prelev', '2018-10-05', 'Pierre MURATET', 24.95, 'Academy', '2018-10-05'),
	(4282, 41.58, 'Prelev', '2018-11-05', 'Pierre MURATET', 24.95, 'Academy', '2018-11-05'),
	(4283, 41.58, 'Prelev', '2018-12-07', 'Pierre MURATET', 24.95, 'Academy', '2018-12-07'),
	(4284, 41.58, 'Prelev', '2018-07-05', 'Joris NADEAU', 24.95, 'Academy', '2018-07-05'),
	(4285, 41.58, 'Prelev', '2018-08-05', 'Joris NADEAU', 24.95, 'Academy', '2018-08-05'),
	(4286, 41.58, 'Prelev', '2018-09-05', 'Joris NADEAU', 24.95, 'Academy', '2018-09-05'),
	(4287, 41.58, 'Prelev', '2018-10-05', 'Joris NADEAU', 24.95, 'Academy', '2018-10-05'),
	(4288, 41.58, 'Prelev', '2018-11-05', 'Joris NADEAU', 24.95, 'Academy', '2018-11-05'),
	(4289, 41.58, 'Prelev', '2018-12-07', 'Joris NADEAU', 24.95, 'Academy', '2018-12-07'),
	(4290, 100.00, 'Transfert', '2018-01-03', 'Farid NAÏR', 60.00, 'Academy', '2018-01-03'),
	(4291, 41.58, 'Prelev', '2018-06-05', 'Farid NAÏR', 24.95, 'Academy', '2018-06-05'),
	(4292, 41.58, 'Prelev', '2018-07-05', 'Farid NAÏR', 24.95, 'Academy', '2018-07-05'),
	(4293, 41.58, 'Prelev', '2018-08-05', 'Farid NAÏR', 24.95, 'Academy', '2018-08-05'),
	(4294, 41.58, 'Prelev', '2018-09-05', 'Farid NAÏR', 24.95, 'Academy', '2018-09-05'),
	(4295, 41.58, 'Prelev', '2018-10-05', 'Farid NAÏR', 24.95, 'Academy', '2018-10-05'),
	(4296, 41.58, 'Prelev', '2018-11-05', 'Farid NAÏR', 24.95, 'Academy', '2018-11-05'),
	(4297, 41.58, 'Prelev', '2018-12-07', 'Farid NAÏR', 24.95, 'Academy', '2018-12-07'),
	(4304, 41.58, 'Prelev', '2018-11-05', 'Thomas PAYET', 24.95, 'Academy', '2018-11-05'),
	(4305, 41.58, 'Prelev', '2018-12-07', 'Thomas PAYET', 24.95, 'Academy', '2018-12-07'),
	(4306, 80.00, 'Check', '2017-09-14', 'Celine PERREARD', 48.00, 'Academy', '2017-09-15'),
	(4307, 220.00, 'Check', '2017-11-30', 'Celine PERREARD', 132.00, 'Academy', '2017-12-04'),
	(4308, 200.00, 'Check', '2017-11-30', 'Celine PERREARD', 120.00, 'Perso', '2018-01-03'),
	(4309, 41.58, 'Prelev', '2018-11-05', 'Celine PERREARD', 24.95, 'Academy', '2018-11-05'),
	(4310, 41.58, 'Prelev', '2018-12-07', 'Celine PERREARD', 24.95, 'Academy', '2018-12-07'),
	(4311, 41.58, 'Prelev', '2018-09-05', 'Alexis PETITJEAN', 24.95, 'Academy', '2018-09-05'),
	(4312, 41.58, 'Prelev', '2018-10-05', 'Alexis PETITJEAN', 24.95, 'Academy', '2018-10-05'),
	(4313, 41.58, 'Prelev', '2018-11-05', 'Alexis PETITJEAN', 24.95, 'Academy', '2018-11-05'),
	(4314, 41.58, 'Prelev', '2018-12-07', 'Alexis PETITJEAN', 24.95, 'Academy', '2018-12-07'),
	(4315, 41.58, 'Prelev', '2018-10-05', 'Christian PINVILLE', 24.95, 'Academy', '2018-10-05'),
	(4316, 41.58, 'Prelev', '2018-11-05', 'Christian PINVILLE', 24.95, 'Academy', '2018-11-05'),
	(4317, 41.58, 'Prelev', '2018-12-07', 'Christian PINVILLE', 24.95, 'Academy', '2018-12-07'),
	(4318, 41.58, 'Prelev', '2018-11-05', 'Olivier PLAZAS', 24.95, 'Academy', '2018-11-05'),
	(4319, 41.58, 'Prelev', '2018-12-07', 'Olivier PLAZAS', 24.95, 'Academy', '2018-12-07'),
	(4320, 100.00, 'Check', '2017-09-05', 'Yim DARINA', 60.00, 'Academy', '2017-10-04'),
	(4321, 100.00, 'Check', '2017-09-05', 'Yim DARINA', 60.00, 'Academy', '2017-09-06'),
	(4322, 80.00, 'Check', '2017-05-10', 'Yim DARINA', 48.00, 'Academy', '2017-05-11'),
	(4323, 41.58, 'Prelev', '2018-07-05', 'Ricardo RIBEIRO', 24.95, 'Academy', '2018-07-05'),
	(4324, 41.58, 'Prelev', '2018-08-05', 'Ricardo RIBEIRO', 24.95, 'Academy', '2018-08-05'),
	(4325, 41.58, 'Prelev', '2018-09-05', 'Ricardo RIBEIRO', 24.95, 'Academy', '2018-09-05'),
	(4326, 41.58, 'Prelev', '2018-10-05', 'Ricardo RIBEIRO', 24.95, 'Academy', '2018-10-05'),
	(4327, 41.58, 'Prelev', '2018-11-05', 'Ricardo RIBEIRO', 24.95, 'Academy', '2018-11-05'),
	(4328, 41.58, 'Prelev', '2018-12-07', 'Ricardo RIBEIRO', 24.95, 'Academy', '2018-12-07'),
	(4329, 41.58, 'Prelev', '2018-10-05', 'Damien ROQUES', 24.95, 'Academy', '2018-10-05'),
	(4330, 41.58, 'Prelev', '2018-11-05', 'Damien ROQUES', 24.95, 'Academy', '2018-11-05'),
	(4331, 41.58, 'Prelev', '2018-12-07', 'Damien ROQUES', 24.95, 'Academy', '2018-12-07'),
	(4332, 41.58, 'Prelev', '2018-11-05', 'Aly SALAMÉ', 24.95, 'Academy', '2018-11-05'),
	(4333, 29.70, 'Prelev', '2018-12-07', 'Aly SALAMÉ', 17.82, 'Academy', '2018-12-07'),
	(4334, 41.58, 'Prelev', '2018-10-05', 'Mikael THOMAS', 24.95, 'Academy', '2018-10-05'),
	(4335, 41.58, 'Prelev', '2018-11-05', 'Mikael THOMAS', 24.95, 'Academy', '2018-11-05'),
	(4336, 41.58, 'Prelev', '2018-12-07', 'Mikael THOMAS', 24.95, 'Academy', '2018-12-07'),
	(4337, 100.00, 'Check', '2017-09-21', 'Emmanuel PEREIRA VIEIRA', 60.00, 'Perso', '2018-02-01'),
	(4338, 100.00, 'Check', '2017-09-21', 'Emmanuel PEREIRA VIEIRA', 60.00, 'Academy', '2018-01-03'),
	(4339, 100.00, 'Check', '2017-09-21', 'Emmanuel PEREIRA VIEIRA', 60.00, 'Academy', '2017-12-04'),
	(4340, 100.00, 'Check', '2017-09-21', 'Emmanuel PEREIRA VIEIRA', 60.00, 'Academy', '2017-11-04'),
	(4341, 100.00, 'Check', '2017-09-21', 'Emmanuel PEREIRA VIEIRA', 60.00, 'Academy', '2017-10-04'),
	(4342, 41.58, 'Prelev', '2018-10-05', 'Emanuel VIEIRA', 24.95, 'Academy', '2018-10-05'),
	(4343, 41.58, 'Prelev', '2018-11-05', 'Emanuel VIEIRA', 24.95, 'Academy', '2018-11-05'),
	(4344, 41.58, 'Prelev', '2018-12-07', 'Emanuel VIEIRA', 24.95, 'Academy', '2018-12-07'),
	(4345, 500.00, 'Check', '2017-05-10', 'Alexandre WALLOIS', 300.00, 'Academy', '2017-05-11'),
	(4346, 41.58, 'Prelev', '2018-06-05', 'Alexandre WALLOIS', 24.95, 'Academy', '2018-06-05'),
	(4347, 41.58, 'Prelev', '2018-07-05', 'Alexandre WALLOIS', 24.95, 'Academy', '2018-07-05'),
	(4348, 41.58, 'Prelev', '2018-08-05', 'Alexandre WALLOIS', 24.95, 'Academy', '2018-08-05'),
	(4349, 41.58, 'Prelev', '2018-09-05', 'Alexandre WALLOIS', 24.95, 'Academy', '2018-09-05'),
	(4350, 41.58, 'Prelev', '2018-10-05', 'Alexandre WALLOIS', 24.95, 'Academy', '2018-10-05'),
	(4351, 41.58, 'Prelev', '2018-11-05', 'Alexandre WALLOIS', 24.95, 'Academy', '2018-11-05'),
	(4352, 41.58, 'Prelev', '2018-12-07', 'Alexandre WALLOIS', 24.95, 'Academy', '2018-12-07'),
	(4353, 100.00, 'Check', '2017-09-25', 'Paul-François YGORRA', 60.00, 'Academy', '2018-04-03'),
	(4354, 100.00, 'Check', '2017-09-25', 'Paul-François YGORRA', 60.00, 'Academy', '2018-06-04'),
	(4355, 100.00, 'Check', '2017-09-25', 'Paul-François YGORRA', 60.00, 'Academy', '2018-03-03'),
	(4356, 100.00, 'Check', '2017-09-25', 'Paul-François YGORRA', 60.00, 'Academy', '2018-02-05'),
	(4357, 100.00, 'Check', '2017-09-25', 'Paul-François YGORRA', 60.00, 'Academy', '2017-12-04'),
	(4358, 50.00, 'Check', '2017-05-10', 'Paul-François YGORRA', 30.00, 'Academy', '2017-09-05'),
	(4359, 50.00, 'Check', '2017-05-10', 'Paul-François YGORRA', 30.00, 'Academy', '2017-06-04'),
	(4360, 60.00, 'Check', '2017-05-10', 'Paul-François YGORRA', 36.00, 'Academy', '2017-08-02'),
	(4361, 60.00, 'Check', '2017-05-10', 'Paul-François YGORRA', 36.00, 'Academy', '2017-07-05'),
	(4362, 41.58, 'Prelev', '2018-10-05', 'Paul-François YGORRA', 24.95, 'Academy', '2018-10-05'),
	(4363, 41.58, 'Prelev', '2018-11-05', 'Paul-François YGORRA', 24.95, 'Academy', '2018-11-05'),
	(4364, 41.58, 'Prelev', '2018-12-07', 'Paul-François YGORRA', 24.95, 'Academy', '2018-12-07'),
	(4375, 100.00, 'Check', '2018-11-06', 'mustapha amara', 60.00, 'Academy', '2018-12-11'),
	(4376, 100.00, 'Check', '2018-11-06', 'mustapha amara', 60.00, 'None', '2018-11-06'),
	(4377, 100.00, 'Check', '2018-11-06', 'mustapha amara', 60.00, 'None', '2018-11-06'),
	(4378, 200.00, 'Check', '2017-09-14', 'Nelson SILVA', 120.00, 'Academy', '2017-11-04'),
	(4379, 150.00, 'Check', '2017-09-14', 'Nelson SILVA', 90.00, 'Academy', '2017-10-04'),
	(4380, 150.00, 'Check', '2017-09-14', 'Nelson SILVA', 90.00, 'Academy', '2017-09-15'),
	(4381, 200.00, 'Check', '2018-09-11', 'Nelson SILVA', 120.00, 'Perso', '2018-11-08'),
	(4382, 200.00, 'Check', '2018-09-11', 'Nelson SILVA', 120.00, 'Perso', '2018-12-11'),
	(4383, 100.00, 'Check', '2018-09-11', 'Nelson SILVA', 60.00, 'Perso', '2018-10-10'),
	(4386, 100.00, 'Cash', '2018-12-13', 'serge peyro', 0.00, 'None', '2018-12-13'),
	(4387, 50.00, 'Cash', '2017-10-20', 'Adrien TIREL', 0.00, 'None', '2017-10-26'),
	(4388, 140.00, 'Check', '2017-12-07', 'Adrien TIREL', 84.00, 'Academy', '2017-12-07'),
	(4389, 140.00, 'Check', '2017-12-07', 'Adrien TIREL', 84.00, 'Academy', '2018-01-03'),
	(4390, 140.00, 'Check', '2017-12-07', 'Adrien TIREL', 84.00, 'Academy', '2018-02-05'),
	(4391, 500.00, 'Check', '2017-10-05', 'Dominique JACQUES', 300.00, 'Academy', '2017-10-06'),
	(4392, 500.00, 'Check', '2018-12-13', 'Dominique JACQUES', 300.00, 'Perso', '2018-12-15'),
	(4399, 125.00, 'Check', '2017-10-05', 'Nabil KADID', 75.00, 'Academy', '2018-04-03'),
	(4400, 125.00, 'Check', '2017-10-05', 'Nabil KADID', 75.00, 'Academy', '2017-12-04'),
	(4401, 125.00, 'Check', '2017-10-05', 'Nabil KADID', 75.00, 'Academy', '2017-11-04'),
	(4402, 125.00, 'Check', '2017-10-05', 'Nabil KADID', 75.00, 'Academy', '2017-10-06'),
	(4403, 250.00, 'Check', '2017-10-17', 'Martine ATTALI', 150.00, 'Academy', '2017-12-04'),
	(4404, 250.00, 'Check', '2017-10-17', 'Martine ATTALI', 150.00, 'Academy', '2017-11-04'),
	(4408, 100.00, 'Check', '2017-09-25', 'Djamel SAHRAOUI', 60.00, 'Perso', '2018-06-03'),
	(4409, 100.00, 'Check', '2017-09-25', 'Djamel SAHRAOUI', 60.00, 'Perso', '2018-03-31'),
	(4410, 100.00, 'Check', '2017-09-25', 'Djamel SAHRAOUI', 60.00, 'Perso', '2018-02-01'),
	(4411, 100.00, 'Check', '2017-09-25', 'Djamel SAHRAOUI', 60.00, 'Academy', '2017-12-04'),
	(4412, 150.00, 'Check', '2017-09-25', 'Djamel SAHRAOUI', 110.00, 'Academy', '2017-10-04'),
	(4413, 350.00, 'Check', '2018-12-20', 'wilfried benotmane', 210.00, 'Perso', '2018-12-21'),
	(4416, 250.00, 'Check', '2017-10-10', 'Aime CONTI', 0.00, 'Academy', '2017-11-04'),
	(4417, 250.00, 'Check', '2018-12-20', 'Aime CONTI', 0.00, 'Perso', '2018-12-21'),
	(4418, 200.00, 'Cash', '2017-09-28', 'Olivier DAURARIO', 0.00, 'None', '2017-10-26'),
	(4419, 150.00, 'Check', '2018-09-27', 'Olivier DAURARIO', 90.00, 'Perso', '2018-09-29'),
	(4420, 150.00, 'Check', '2018-09-27', 'Olivier DAURARIO', 90.00, 'Perso', '2018-12-02'),
	(4421, 200.00, 'Check', '2018-09-27', 'Olivier DAURARIO', 120.00, 'Perso', '2018-10-31'),
	(4422, 125.00, 'Check', '2018-01-09', 'raphael grellet', 75.00, 'Academy', '2018-02-05'),
	(4423, 41.58, 'Prelev', '2018-12-07', 'Raphael GRELLET', 24.95, 'Academy', '2018-12-07'),
	(4424, 500.00, 'Check', '2017-05-10', 'Moussa TIMERA', 300.00, 'Academy', '2017-05-11'),
	(4425, 500.00, 'Check', '2018-11-07', 'Moussa TIMERA', 300.00, 'Academy', '2018-11-08'),
	(4427, 80.00, 'Transfert', '2018-10-05', 'Aurélien Appéré', 48.00, 'None', '2018-10-05'),
	(4428, 500.00, 'Check', '2017-10-10', 'Jules GRUBO', 300.00, 'Academy', '2017-11-04'),
	(4429, 41.58, 'Prelev', '2018-07-05', 'Noureddine AJDID', 24.95, 'Academy', '2018-07-05'),
	(4430, 41.58, 'Prelev', '2018-08-05', 'Noureddine AJDID', 24.95, 'Academy', '2018-08-05'),
	(4431, 41.58, 'Prelev', '2018-09-05', 'Noureddine AJDID', 24.95, 'Academy', '2018-09-05'),
	(4432, 41.58, 'Prelev', '2018-10-05', 'Noureddine AJDID', 24.95, 'Academy', '2018-10-05'),
	(4433, 41.58, 'Prelev', '2018-11-05', 'Noureddine AJDID', 24.95, 'Academy', '2018-11-05'),
	(4434, 41.58, 'Prelev', '2018-12-07', 'Noureddine AJDID', 24.95, 'Academy', '2018-12-07'),
	(4435, 41.58, 'Prelev', '2018-11-05', 'Antonio BLANCO', 24.95, 'Academy', '2018-11-05'),
	(4436, 41.58, 'Prelev', '2018-12-07', 'Antonio BLANCO', 24.95, 'Academy', '2018-12-07'),
	(4437, 500.00, 'Check', '2017-12-19', 'Sylvain DESHORS', 300.00, 'Perso', '2018-01-03'),
	(4438, 41.58, 'Prelev', '2018-11-05', 'Matthew DOERKSEN', 24.95, 'Academy', '2018-11-05'),
	(4439, 41.58, 'Prelev', '2018-12-07', 'Matthew DOERKSEN', 24.95, 'Academy', '2018-12-07'),
	(4440, 41.58, 'Prelev', '2018-08-05', 'Marco GONCALVES', 24.95, 'Academy', '2018-08-05'),
	(4441, 41.58, 'Prelev', '2018-10-05', 'Marco GONCALVES', 24.95, 'Academy', '2018-10-05'),
	(4442, 41.58, 'Prelev', '2018-11-05', 'Marco GONCALVES', 24.95, 'Academy', '2018-11-05'),
	(4443, 41.58, 'Prelev', '2018-12-07', 'Marco GONCALVES', 24.95, 'Academy', '2018-12-07'),
	(4444, 125.00, 'Check', '2017-09-25', 'Alban OUAHAB', 75.00, 'Academy', '2018-01-03'),
	(4445, 125.00, 'Check', '2017-09-25', 'Alban OUAHAB', 75.00, 'Academy', '2017-12-04'),
	(4446, 125.00, 'Check', '2017-09-25', 'Alban OUAHAB', 75.00, 'Academy', '2017-11-04'),
	(4447, 125.00, 'Check', '2017-09-25', 'Alban OUAHAB', 75.00, 'Academy', '2017-10-04'),
	(4448, 41.58, 'Prelev', '2018-11-05', 'Alban OUAHAB', 24.95, 'Academy', '2018-11-05'),
	(4449, 41.58, 'Prelev', '2018-12-07', 'Alban OUAHAB', 24.95, 'Academy', '2018-12-07'),
	(4458, 125.00, 'Check', '2017-11-30', 'David DONNINI', 75.00, 'Academy', '2017-12-04'),
	(4459, 125.00, 'Check', '2017-11-30', 'David DONNINI', 75.00, 'Academy', '2018-01-03'),
	(4460, 125.00, 'Check', '2017-11-30', 'David DONNINI', 75.00, 'Academy', '2018-02-05'),
	(4461, 125.00, 'Check', '2017-11-30', 'David DONNINI', 75.00, 'Academy', '2018-03-03'),
	(4462, 80.00, 'Transfert', '2018-12-29', 'Caroline Brembilla', 48.00, 'None', '2018-12-29'),
	(4463, 100.00, 'Check', '2017-10-16', 'Guillaume VIGNE', 60.00, 'Academy', '2017-11-04'),
	(4464, 100.00, 'Check', '2017-10-16', 'Guillaume VIGNE', 60.00, 'Academy', '2017-12-04'),
	(4465, 100.00, 'Check', '2017-10-16', 'Guillaume VIGNE', 60.00, 'Academy', '2018-02-05'),
	(4466, 100.00, 'Check', '2017-10-16', 'Guillaume VIGNE', 60.00, 'Academy', '2018-03-03'),
	(4467, 100.00, 'Check', '2017-10-16', 'Guillaume VIGNE', 60.00, 'Academy', '2018-05-03'),
	(4468, 80.00, 'Transfert', '2018-12-29', 'Alexia Rouet-Leduc', 48.00, 'None', '2018-12-29'),
	(4469, 350.00, 'Check', '2017-11-09', 'Hichem ARFAOUI', 210.00, 'Academy', '2017-11-10'),
	(4470, 500.00, 'Transfert', '2018-10-10', 'CHARLES SUN', 300.00, 'None', '2018-10-10'),
	(4471, 41.58, 'Prelev', '2018-11-05', 'Julien BREIT', 24.95, 'Academy', '2018-11-05'),
	(4472, 41.58, 'Prelev', '2018-12-07', 'Julien BREIT', 24.95, 'Academy', '2018-12-07');
/*!40000 ALTER TABLE `PAYMENTS` ENABLE KEYS */;

-- Export de la structure de la table CERCLE. PLANS
DROP TABLE IF EXISTS `PLANS`;
CREATE TABLE IF NOT EXISTS `PLANS` (
  `ID` int(11) NOT NULL AUTO_INCREMENT,
  `Label` varchar(50) DEFAULT NULL,
  `Amount` int(11) DEFAULT NULL,
  `DebtPercentage` int(11) DEFAULT NULL,
  `Type` enum('Abonnement','Private') DEFAULT NULL,
  PRIMARY KEY (`ID`)
) ENGINE=InnoDB AUTO_INCREMENT=13 DEFAULT CHARSET=latin1;

-- Export de données de la table CERCLE.PLANS : ~12 rows (environ)
DELETE FROM `PLANS`;
/*!40000 ALTER TABLE `PLANS` DISABLE KEYS */;
INSERT INTO `PLANS` (`ID`, `Label`, `Amount`, `DebtPercentage`, `Type`) VALUES
	(1, 'Adulte', 42, 60, 'Abonnement'),
	(2, 'Mixte', 30, 60, 'Abonnement'),
	(3, 'Enfant', 26, 60, 'Abonnement'),
	(4, '1 par mois (6 mois)', 45, 0, 'Private'),
	(5, '1 toutes les 2 semaines (6 mois)', 90, 0, 'Private'),
	(6, '1 par semaine (6 mois)', 170, 0, 'Private'),
	(7, '1 par mois (12 mois)', 40, 0, 'Private'),
	(8, '1 toutes les 2 semaines (12 mois)', 80, 0, 'Private'),
	(9, '1 par semaine (12 mois)', 150, 0, 'Private'),
	(10, '2 par semaine (6 mois)', 320, 0, 'Private'),
	(11, '2 par semaine (12 mois)', 280, 0, 'Private'),
	(12, 'Mixte secondaire', 21, 60, 'Abonnement');
/*!40000 ALTER TABLE `PLANS` ENABLE KEYS */;

-- Export de la structure de la table CERCLE. PRIVATES
DROP TABLE IF EXISTS `PRIVATES`;
CREATE TABLE IF NOT EXISTS `PRIVATES` (
  `ID` int(11) NOT NULL AUTO_INCREMENT,
  `MemberID` int(11) NOT NULL,
  `Amount` decimal(10,2) NOT NULL,
  `Date` date NOT NULL,
  `bookedLessons` int(11) NOT NULL,
  `doneLessons` int(11) NOT NULL,
  `Description` text,
  PRIMARY KEY (`ID`),
  KEY `FK_MEMBERS` (`MemberID`),
  CONSTRAINT `FK_MEMBERS` FOREIGN KEY (`MemberID`) REFERENCES `MEMBERS` (`ID`)
) ENGINE=InnoDB AUTO_INCREMENT=67 DEFAULT CHARSET=utf8;

-- Export de données de la table CERCLE.PRIVATES : ~66 rows (environ)
DELETE FROM `PRIVATES`;
/*!40000 ALTER TABLE `PRIVATES` DISABLE KEYS */;
INSERT INTO `PRIVATES` (`ID`, `MemberID`, `Amount`, `Date`, `bookedLessons`, `doneLessons`, `Description`) VALUES
	(1, 143, 250.00, '2017-11-20', 5, 4, '3) Passages de worm, defense de berimbolo, defense de leg weave\r\n4) revision defense worm, defense berimbolo, passage lasso'),
	(2, 144, 200.00, '2017-11-30', 5, 5, NULL),
	(3, 142, 60.00, '2017-10-17', 1, 1, NULL),
	(4, 44, 250.00, '2017-11-23', 5, 5, NULL),
	(5, 145, 60.00, '2017-10-26', 1, 1, NULL),
	(6, 44, 250.00, '2017-12-11', 5, 5, '23/02: Révisions et attaques en monté, début de lasso à developper la prochaine fois\r\n05/03: Garde lasso pour recomposer, revision passage en QG, leg weave, knee slice\r\n03/04: revision qg, knee slide, leg weave. Lasso balloon sweep, lasso omoplata'),
	(7, 142, 60.00, '2017-11-28', 1, 1, NULL),
	(8, 144, 200.00, '2018-01-10', 5, 5, '27/02: Rappel sur overhook etranglement, omoplata clé de bras. Passage de la deep au over under à creuser la procahine fois. \r\n-> Augmenter les drills aussi....'),
	(9, 142, 60.00, '2018-02-13', 1, 1, NULL),
	(10, 23, 250.00, '2018-02-13', 5, 2, '2) Garde bras col, triangle omoplate, sweep en tomoinage, recompo en lasso'),
	(11, 188, 30.00, '2018-02-19', 1, 1, 'Défense sur QG, lasso et single leg'),
	(12, 145, 60.00, '2018-02-20', 1, 1, 'Single leg debout, sorties de demi garde flat, controle en monté. sparrings'),
	(13, 142, 60.00, '2018-03-08', 1, 1, 'sweep basique en lasso\r\npassage de lasso en sortant la main\r\ntentative de recomposition de garde en roulant sur les épaules\r\ncontrole en monté'),
	(14, 144, 200.00, '2018-03-13', 5, 5, '1) Over under, drills\r\n2) Over under drills et bull dog pass\r\n3) 30/04 questions diverses et variées\r\n4) 03/05 drill over under, crazy dog pass\r\n5) 07/05 drill over under, crazy dog pass'),
	(15, 44, 250.00, '2018-04-10', 5, 5, '1) Lasso, recomposition si stack, si passage de garde. Sweep standard, sweep a la tanquinho, revision jugi en monté\r\n2) Lasso revision, bull dog pass, reverse dlr, kiss of the dragon\r\n3) Revision du 2\r\n4) 26/11 attaques dans le dos'),
	(16, 63, 250.00, '2018-05-11', 5, 5, '1) Details sur passage knee slide, sur crazy dog pass\r\n2) 18/05 détails sur la garde a la rico, prise de dos a la leite, precision sur col manche\r\n3) 09/06 details leg weave, crazy dog, leg drag\r\n4) quoi faire pour passer lasso restante en croix, estima lock, sweep en lasso a la galvao\r\n5) Lasso meregali, lasso dlr misc'),
	(17, 142, 60.00, '2018-05-17', 1, 1, 'Revision bras col\r\ncontrole en croix'),
	(18, 144, 200.00, '2018-06-07', 5, 5, '1) On a surtout discuté, lister les drills a faire pour la prochaine fois\r\n2) Attaques en close guard: empecher le gars de se lever, prendre overhook, etranglement, clé de bras, sweep, reverse half guard: retention et hook sweep\r\n3) revision du over hook, jugi à la roger\r\n4) revision du over hook, jugi à la roger\r\n5) revision de tout son jeu la veille de la compet'),
	(19, 142, 60.00, '2018-06-11', 1, 1, 'collar sleeve, recomposition\r\nsuivi vers lasso, kick pour ressortir la jambe, plus adapté à lui :)\r\nfaire lacher les grips'),
	(20, 130, 200.00, '2018-10-18', 5, 5, '1) Concept de la collar sleeve. Notion de systeme\r\n2) attaque en worm, lapeloplata\r\n3) revision des attaques en worm: lasso, reverse dlw, lapeloplata etc Suivi berimbolo\r\n4) revision des attaques en worm, Passage de grade'),
	(21, 142, 60.00, '2018-06-21', 1, 1, 'intro a la single x\r\nPasser par la dlr pour arriver au collar sleeve, retention, travail des hanches\r\npression epaule en monté pour aller au jugi'),
	(22, 142, 60.00, '2018-06-26', 1, 1, 'Collar Sleeve revision.\r\nSuivi sur lasso ou kick pour recomposition\r\nGarde fermée: Overhook bases, etranglement'),
	(23, 203, 60.00, '2018-07-03', 1, 1, '03/07: ouverture garde fermée, passage papillon, defense col manche, defense dlr X'),
	(24, 207, 500.00, '2018-07-05', 10, 10, '1) croix et monté, dessous et dessus\r\n2) revision puis garde fermé dessous et dessus\r\n3) revision, defense de gezagatame soumissions cle de cheville jambe toe hold, guillotine\r\n4) demi garde, dos?\r\n'),
	(25, 146, 250.00, '2018-07-06', 5, 1, '1) 06/07: Collar sleeve base, jugi omoplata sweep, jugi behring -> lasso sur QG'),
	(26, 187, 120.00, '2018-07-11', 2, 2, '11/07: Demi garde inversé retention, worm\r\n12/07: passage en QG, leg weave, knee slide, stack pass'),
	(27, 142, 60.00, '2018-07-11', 1, 1, '11/07 reverse DLR, kiss of the dragon, half guard qd le mec arrive en QG'),
	(28, 142, 60.00, '2018-07-12', 1, 1, 'rdlr kiss of the dragon, dlr X'),
	(29, 2, 250.00, '2018-07-16', 5, 2, '16/07: clé de bras à la roger, overhook, cle de bras en attrapant jambes, col manche, exo simples de retention\r\n01/10: Passages de garde: knee slide leg weave, torreando'),
	(30, 209, 60.00, '2018-07-17', 1, 1, '17/07: worm'),
	(31, 213, 60.00, '2018-08-21', 1, 1, 'Spider guard sweep de base\r\ntriangle\r\nomoplata\r\nballon sweep'),
	(32, 203, 30.00, '2018-08-23', 1, 1, 'bases de la deep'),
	(33, 144, 0.00, '2018-08-31', 1, 1, '31/08: Over under affinage, misc'),
	(34, 142, 60.00, '2018-09-13', 1, 1, ''),
	(35, 237, 100.00, '2018-09-22', 2, 2, ''),
	(36, 244, 80.00, '2018-10-01', 2, 2, '09/10: \r\nGarde fermée: jugi, triangle, kimura, hip bump\r\ncroix: controle, kimura, americana\r\n26/10\r\nrevision triangle\r\noverhook triangle\r\noverhook choke\r\nprise de dos a partir de la garde fermée'),
	(37, 243, 150.00, '2018-10-19', 5, 5, '1)\r\ngarde fermée:\r\ndessous\r\njugi, triangle, kimura, hip bump\r\ndessus\r\nse lever ouvrir\r\n2)\r\ntorreano\r\namericana\r\nkimura\r\nkimura bras tendu\r\n3)\r\nswitch de hanche quand il pousse\r\nPassage en monté genou et pied\r\nsortie de croix\r\n4)\r\nSortie de croix basique\r\nsortie remise a genoux\r\nsortie switch hanche gurgel\r\n5)\r\nMonté\r\ncross choke\r\namericana -> jugi\r\ntriple attaque en poussant le bras\r\nprise de dos, etranglement, jugi\r\n'),
	(38, 63, 50.00, '2018-10-01', 1, 1, 'lasso guard'),
	(39, 142, 120.00, '2018-10-16', 2, 2, ''),
	(40, 25, 250.00, '2018-10-18', 5, 5, ''),
	(41, 271, 60.00, '2018-10-24', 1, 1, 'Kimura\r\nhip bump'),
	(42, 69, 0.00, '2018-10-27', 12, 3, '26/10: Petit bilan des differentes pistes\r\n09/11: single X full X\r\n18/12: Single X setup et on commence a parler de la full X'),
	(43, 130, 250.00, '2018-10-29', 4, 4, '1) Concept des PDG de base en QG\r\n2) Pdg leg weave, knee slide, stack pass\r\n3) 100% leg weave\r\n4) passages de garde'),
	(44, 244, 79.20, '2018-11-01', 2, 2, 'Col manche\r\nRecomposition\r\ntriangle omoplata\r\ntomo inage\r\n24/11:\r\nmisc'),
	(45, 260, 278.00, '2018-11-01', 9, 9, 'Montés: base au dessus\r\nbases en dessous\r\n15/11: Sorties de monté\r\n16/11: Dos: Bases et etranglements, stretch\r\n22/11: Sorties dos\r\n24/11: passage qg, knee slide\r\n27/11: defense dos, 2 sorties\r\n29/11: bases col manche\r\n03/12: Col manche recomposition, sweep tripod, sweep dlr balloon'),
	(46, 243, 148.50, '2018-11-01', 4, 4, '9/11: defenses de monté: upa et langouste\r\n16/11: Dos: Bases et etranglements, stretch\r\n24/11: sortie de dos\r\n30/11: base tour eiffel -> col manche bases et triangle'),
	(47, 142, 79.20, '2018-11-01', 2, 2, 'bases en monté et triple attaque\r\n22/11: Revision monté, attaques dos'),
	(48, 144, 148.50, '2018-11-01', 3, 3, '15/11: Sortie de monté\r\n19/11; Misc'),
	(49, 247, 60.00, '2018-11-13', 1, 1, 'revision garde fermée'),
	(50, 182, 90.00, '2018-11-16', 2, 2, 'forfait 45 par cours\r\n04/12: Bases de la col manche\r\n18/12: Col manche, et debut de knee lside'),
	(51, 263, 40.00, '2018-11-16', 1, 1, '16/11 QG knee slide crazy dog long step leg weave'),
	(52, 130, 100.00, '2018-11-29', 2, 2, '27/11: passages de 50/50\r\n30/11: Passages de 50/50, passage spider lasso'),
	(53, 257, 40.00, '2018-11-29', 1, 1, '29/11 Attaques et retention dans le dos. Garde fermée: jugi, triangle et kimura'),
	(54, 44, 900.00, '2018-12-03', 26, 3, '03/12: Bases de la lasso, retention, omoplata, sweep au sol jambe gauche et droite\r\n10/12: Dos?\r\n17/12: Garde lasso, toutes attaques'),
	(55, 244, 79.20, '2018-12-05', 2, 2, '7/12 Misc \r\n21/12: Entretien tel'),
	(56, 260, 278.00, '2018-12-05', 5, 5, '06/12: revision garde fermée, sortie de croix\r\n14/12: Revision d\'un peu tout\r\n20/12: Passages de demi garde: crazy dog, et passage de base flat\r\n21/12: attaques en demi: recomposition base, pontage, hook sweep recomposition\r\n28/12: Passages de col manche'),
	(57, 243, 148.50, '2018-12-05', 4, 4, '7/12 ?\r\n14/12 col manche\r\n21/12: Passage de demi gard, crazy dog, passage flat standard, knee slide, inverted half28/12: Passages de col manche'),
	(58, 257, 79.20, '2018-12-05', 2, 2, '18/12: Revision, ouvertures garde fermé (2 de bases), defenses de dos\r\n28/12: Revision. Croix (americana, kimura, jugi genou ventre, 2 passages en monté) Sorties (reprise garde, remise genou)'),
	(59, 142, 79.20, '2018-12-05', 2, 2, '06/12: Sorties du dos\r\n20/12: passages de demi garde: Crazy dog, passage de flat'),
	(60, 263, 79.20, '2018-12-05', 2, 2, '06/12: bases du collar sleeve, triangle omoplata, balloon sweep\r\n20/12: collar sleeve: triangle au sol, tripod sweep'),
	(61, 144, 148.50, '2018-12-05', 3, 3, '06/12: Sorties de dos\r\n21/12: Passage de demi garde\r\n28/12: Demi garde dessus, misc'),
	(62, 69, 39.60, '2018-12-05', 1, 1, '#PRELEVEMENT#'),
	(63, 130, 0.00, '2018-12-11', 1, 1, '11/12: Revision passages 50/50, squid'),
	(64, 256, 45.00, '2018-12-21', 1, 1, '21/12: Garde fermée: jugi, triangle, kimura, hip bump'),
	(65, 39, 50.00, '2018-12-28', 1, 1, '28/12 misc'),
	(66, 260, 0.00, '2018-12-30', 1, 0, '#CONGELATION#                                 \r\n1) 27/12 annulé par lui cf msg');
/*!40000 ALTER TABLE `PRIVATES` ENABLE KEYS */;

-- Export de la structure de la table CERCLE. REFUNDS
DROP TABLE IF EXISTS `REFUNDS`;
CREATE TABLE IF NOT EXISTS `REFUNDS` (
  `ID` int(11) NOT NULL AUTO_INCREMENT,
  `Label` varchar(200) NOT NULL,
  `Amount` decimal(10,2) NOT NULL,
  `Date` date NOT NULL,
  `Comment` varchar(200) DEFAULT NULL,
  PRIMARY KEY (`ID`)
) ENGINE=InnoDB AUTO_INCREMENT=21 DEFAULT CHARSET=utf8;

-- Export de données de la table CERCLE.REFUNDS : ~20 rows (environ)
DELETE FROM `REFUNDS`;
/*!40000 ALTER TABLE `REFUNDS` DISABLE KEYS */;
INSERT INTO `REFUNDS` (`ID`, `Label`, `Amount`, `Date`, `Comment`) VALUES
	(1, 'Pot stage', 75.00, '2017-06-10', NULL),
	(2, 'Location', 4625.00, '2017-08-15', NULL),
	(3, 'Paiement Etienne Gregoire', 90.00, '2017-10-16', NULL),
	(4, 'Paiement Etienne Gregoire', 150.00, '2017-11-10', NULL),
	(5, 'Location', 10000.00, '2017-11-15', ''),
	(6, 'Paiement Etienne Gregoire', 90.00, '2017-12-01', ''),
	(7, 'Paiement Etienne Gregoire', 120.00, '2017-12-24', ''),
	(8, 'Location', 10000.00, '2018-01-30', ''),
	(9, 'Paiement Etienne Gregoire', 90.00, '2018-02-16', ''),
	(10, 'Paiement Etienne Gregoire', 90.00, '2018-03-10', ''),
	(11, 'Location', 10000.00, '2018-03-23', ''),
	(12, 'Paiement Etienne Gregoire', 90.00, '2018-04-12', ''),
	(13, 'Paiement Etienne Gregoire', 120.00, '2018-05-11', ''),
	(14, 'Paiement etienne gregoire mai juin', 210.00, '2018-06-16', '7 cours sur mai et juin'),
	(15, 'location', 1500.00, '2018-08-08', ''),
	(16, 'paiement etienne gregoire', 120.00, '2018-10-11', 'sept'),
	(17, 'Location', 7000.00, '2018-10-24', ''),
	(18, 'Paiement Etienne Gregoire', 90.00, '2018-11-03', ''),
	(19, 'Paiement Etienne Gregoire', 60.00, '2018-11-30', ''),
	(20, 'Location', 12000.00, '2018-12-28', '');
/*!40000 ALTER TABLE `REFUNDS` ENABLE KEYS */;

-- Export de la structure de la table CERCLE. SEMINARS
DROP TABLE IF EXISTS `SEMINARS`;
CREATE TABLE IF NOT EXISTS `SEMINARS` (
  `ID` int(11) NOT NULL AUTO_INCREMENT,
  `Theme` varchar(200) NOT NULL,
  `Date` date NOT NULL,
  `WebMEMBERS` int(11) NOT NULL,
  `LocalMEMBERS` int(11) NOT NULL,
  `Amount` decimal(10,2) NOT NULL,
  `Debt` decimal(10,2) NOT NULL,
  `Comment` varchar(200) DEFAULT NULL,
  PRIMARY KEY (`ID`)
) ENGINE=InnoDB AUTO_INCREMENT=9 DEFAULT CHARSET=utf8;

-- Export de données de la table CERCLE.SEMINARS : ~8 rows (environ)
DELETE FROM `SEMINARS`;
/*!40000 ALTER TABLE `SEMINARS` DISABLE KEYS */;
INSERT INTO `SEMINARS` (`ID`, `Theme`, `Date`, `WebMEMBERS`, `LocalMEMBERS`, `Amount`, `Debt`, `Comment`) VALUES
	(1, 'Spider guard', '2017-06-10', 14, 21, 1000.00, 200.00, NULL),
	(2, 'Basics', '2017-09-10', 23, 31, 1357.00, 271.00, NULL),
	(3, 'Passages de gardes', '2017-12-02', 10, 13, 570.00, 114.00, '4 du gkd, 11 du cercle (3 passages ) , 8 ext -> 45% du cercle '),
	(4, 'Fondamentaux', '2018-02-11', 36, 31, 1696.00, 339.00, '34 du cercle (6 passages, tous venus... ), 7 du gkd, 26 ext -> 50% de gens du cercle'),
	(5, 'Basics + Submissions', '2018-06-16', 24, 17, 1056.24, 211.25, ''),
	(6, 'basics', '2018-09-01', 29, 6, 1100.00, 220.00, ''),
	(7, 'Self defense', '2018-10-20', 27, 6, 825.00, 165.00, ''),
	(8, 'Lasso gard', '2018-12-01', 19, 20, 1130.00, 226.00, '');
/*!40000 ALTER TABLE `SEMINARS` ENABLE KEYS */;

-- Export de la structure de la table CERCLE. SETTINGS
DROP TABLE IF EXISTS `SETTINGS`;
CREATE TABLE IF NOT EXISTS `SETTINGS` (
  `KeySettings` varchar(50) NOT NULL DEFAULT '    ',
  `Value` varchar(50) DEFAULT NULL,
  PRIMARY KEY (`KeySettings`)
) ENGINE=InnoDB DEFAULT CHARSET=utf8;

-- Export de données de la table CERCLE.SETTINGS : ~1 rows (environ)
DELETE FROM `SETTINGS`;
/*!40000 ALTER TABLE `SETTINGS` DISABLE KEYS */;
INSERT INTO `SETTINGS` (`KeySettings`, `Value`) VALUES
	('LastConnectDate', '30/12/2018 16:49:49');
/*!40000 ALTER TABLE `SETTINGS` ENABLE KEYS */;

/*!40101 SET SQL_MODE=IFNULL(@OLD_SQL_MODE, '') */;
/*!40014 SET FOREIGN_KEY_CHECKS=IF(@OLD_FOREIGN_KEY_CHECKS IS NULL, 1, @OLD_FOREIGN_KEY_CHECKS) */;
/*!40101 SET CHARACTER_SET_CLIENT=@OLD_CHARACTER_SET_CLIENT */;
